ISO-10303-21;
HEADER;
FILE_DESCRIPTION(('ViewDefinition [CoordinationView_V2.0]','RevitIdentifiers [ContentGUID: 6122bfc6-d01c-439e-84f7-53470c567acb, VersionGUID: 3dcbadfa-08cd-46dc-ac59-e2f9c9efd053, NumberOfSaves: 12]','CoordinateReference [CoordinateBase: Shared Coordinates, ProjectSite: Default Site]'),'2;1');
FILE_NAME('Example_MEP.ifc','2026-04-01T18:31:33+01:00',(''),(''),'ODA SDAI 24.6','Autodesk Revit 24.3.40.26 (ENU) - IFC 24.3.40.26','');
FILE_SCHEMA(('IFC2X3'));
ENDSEC;

DATA;
#1=IFCORGANIZATION($,'Autodesk Revit 2024 (ENU)',$,$,$);
#2=IFCAPPLICATION(#1,'2024','Autodesk Revit 2024 (ENU)','Revit');
#3=IFCCARTESIANPOINT((0.,0.,0.));
#4=IFCCARTESIANPOINT((0.,0.));
#5=IFCDIRECTION((1.,0.,0.));
#6=IFCDIRECTION((-1.,0.,0.));
#7=IFCDIRECTION((0.,1.,0.));
#8=IFCDIRECTION((0.,-1.,0.));
#9=IFCDIRECTION((0.,0.,1.));
#10=IFCDIRECTION((0.,0.,-1.));
#11=IFCDIRECTION((1.,0.));
#12=IFCDIRECTION((-1.,0.));
#13=IFCDIRECTION((0.,1.));
#14=IFCDIRECTION((0.,-1.));
#15=IFCPERSON($,'','gw.bang',$,$,$,$,$);
#16=IFCORGANIZATION($,'Organization Name','Organization Description',$,$);
#17=IFCPERSONANDORGANIZATION(#15,#16,$);
#18=IFCOWNERHISTORY(#17,#2,$,.NOCHANGE.,$,$,$,1775060871);
#19=IFCSIUNIT(*,.LENGTHUNIT.,.MILLI.,.METRE.);
#20=IFCAXIS2PLACEMENT3D(#3,$,$);
#21=IFCDIRECTION((6.1230317691118863E-17,1.));
#22=IFCGEOMETRICREPRESENTATIONCONTEXT($,'Model',3,0.01,#20,#21);
#23=IFCGEOMETRICREPRESENTATIONSUBCONTEXT('Axis','Model',*,*,*,*,#22,$,.GRAPH_VIEW.,$);
#24=IFCGEOMETRICREPRESENTATIONSUBCONTEXT('Body','Model',*,*,*,*,#22,$,.MODEL_VIEW.,$);
#25=IFCGEOMETRICREPRESENTATIONSUBCONTEXT('Box','Model',*,*,*,*,#22,$,.MODEL_VIEW.,$);
#26=IFCGEOMETRICREPRESENTATIONSUBCONTEXT('FootPrint','Model',*,*,*,*,#22,$,.MODEL_VIEW.,$);
#27=IFCPROJECT('1NNk23r4fCdBG4Kwzz8Urx',#18,'Project Number',$,$,'Project Name','Project Status',(#22),#2915);
#28=IFCCLASSIFICATION('CSI (Construction Specifications Institute)','1998',$,'Uniformat');
#29=IFCAXIS2PLACEMENT3D(#3,$,$);
#30=IFCLOCALPLACEMENT(#69,#29);
#31=IFCPOSTALADDRESS($,$,$,$,('Enter address hereAddress Line 2'),$,'','','','Boston MA');
#32=IFCBUILDING('1NNk23r4fCdBG4Kwzz8Urw',#18,'Building Name',$,$,#30,$,'Building Name',.ELEMENT.,$,$,#31);
#33=IFCCARTESIANPOINT((0.,0.,-600.));
#34=IFCAXIS2PLACEMENT3D(#33,$,$);
#35=IFCLOCALPLACEMENT(#30,#34);
#36=IFCBUILDINGSTOREY('1iDZV_Brn0Z9GW0EFhImMT',#18,'Pipe depth (hot)',$,'Level:1/4" Head',#35,$,'Pipe depth (hot)',.ELEMENT.,-600.);
#37=IFCCARTESIANPOINT((0.,0.,-500.));
#38=IFCAXIS2PLACEMENT3D(#37,$,$);
#39=IFCLOCALPLACEMENT(#30,#38);
#40=IFCBUILDINGSTOREY('1iDZV_Brn0Z9GW0EFhIn1x',#18,'Pipe depth (cold)',$,'Level:1/4" Head',#39,$,'Pipe depth (cold)',.ELEMENT.,-500.00000000000006);
#41=IFCAXIS2PLACEMENT3D(#3,$,$);
#42=IFCLOCALPLACEMENT(#30,#41);
#43=IFCBUILDINGSTOREY('2JF4e6axWHqu3u0C1FZlmi',#18,'L1',$,'Level:1/4" Head',#42,$,'L1',.ELEMENT.,0.);
#44=IFCCARTESIANPOINT((0.,0.,300.));
#45=IFCAXIS2PLACEMENT3D(#44,$,$);
#46=IFCLOCALPLACEMENT(#30,#45);
#47=IFCBUILDINGSTOREY('2AhLRpNSP4f8mRIjrLfMuD',#18,'Receptacle level',$,'Level:1/4" Head',#46,$,'Receptacle level',.ELEMENT.,299.99999999999613);
#48=IFCCARTESIANPOINT((0.,0.,900.));
#49=IFCAXIS2PLACEMENT3D(#48,$,$);
#50=IFCLOCALPLACEMENT(#30,#49);
#51=IFCBUILDINGSTOREY('1iDZV_Brn0Z9GW0EFhIosK',#18,'Sink height',$,'Level:1/4" Head',#50,$,'Sink height',.ELEMENT.,900.00000000000011);
#52=IFCCARTESIANPOINT((0.,0.,1200.));
#53=IFCAXIS2PLACEMENT3D(#52,$,$);
#54=IFCLOCALPLACEMENT(#30,#53);
#55=IFCBUILDINGSTOREY('2AhLRpNSP4f8mRIjrLfMod',#18,'Switch level',$,'Level:1/4" Head',#54,$,'Switch level',.ELEMENT.,1199.9999999999964);
#56=IFCCARTESIANPOINT((0.,0.,2300.));
#57=IFCAXIS2PLACEMENT3D(#56,$,$);
#58=IFCLOCALPLACEMENT(#30,#57);
#59=IFCBUILDINGSTOREY('20rBv4HojAY8M3avWLHA33',#18,'L3',$,'Level:1/4" Head',#58,$,'L3',.ELEMENT.,2300.0000000000091);
#60=IFCCARTESIANPOINT((0.,0.,3000.));
#61=IFCAXIS2PLACEMENT3D(#60,$,$);
#62=IFCLOCALPLACEMENT(#30,#61);
#63=IFCBUILDINGSTOREY('1ZGO8hrFCHqw0v0026FpFv',#18,'L2',$,'Level:1/4" Head',#62,$,'L2',.ELEMENT.,3000.);
#64=IFCCARTESIANPOINT((0.,0.,3300.));
#65=IFCAXIS2PLACEMENT3D(#64,$,$);
#66=IFCLOCALPLACEMENT(#30,#65);
#67=IFCBUILDINGSTOREY('1iDZV_Brn0Z9GW0EFhInC2',#18,'Pipe height',$,'Level:1/4" Head',#66,$,'Pipe height',.ELEMENT.,3300.);
#68=IFCAXIS2PLACEMENT3D(#3,$,$);
#69=IFCLOCALPLACEMENT($,#68);
#70=IFCSITE('1NNk23r4fCdBG4Kwzz8Urv',#18,'Default',$,$,#69,$,$,.ELEMENT.,(42,21,31,401672),(-71,-3,-24,-345703),0.,$,$);
#79=IFCAXIS2PLACEMENT3D(#3,$,$);
#81=IFCAXIS2PLACEMENT3D(#3,$,$);
#83=IFCAXIS2PLACEMENT3D(#3,$,$);
#85=IFCAXIS2PLACEMENT3D(#3,$,$);
#87=IFCAXIS2PLACEMENT3D(#3,$,$);
#88=IFCLOCALPLACEMENT(#42,#87);
#89=IFCCARTESIANPOINT((0.,0.));
#90=IFCAXIS2PLACEMENT2D(#89,#11);
#91=IFCCIRCLEPROFILEDEF(.AREA.,'Default',#90,16.700500000000002);
#92=IFCCARTESIANPOINT((1322.,2874.,-479.36250000000905));
#93=IFCAXIS2PLACEMENT3D(#92,$,$);
#94=IFCEXTRUDEDAREASOLID(#91,#93,#9,1352.375000000018);
#95=IFCSIUNIT(*,.PLANEANGLEUNIT.,$,.RADIAN.);
#96=IFCDIMENSIONALEXPONENTS(0,0,0,0,0,0,0);
#97=IFCMEASUREWITHUNIT(IFCPLANEANGLEMEASURE(0.017453292519943278),#95);
#98=IFCCONVERSIONBASEDUNIT(#96,.PLANEANGLEUNIT.,'DEGREE',#97);
#99=IFCSIUNIT(*,.AREAUNIT.,$,.SQUARE_METRE.);
#100=IFCSHAPEREPRESENTATION(#24,'Body','SweptSolid',(#94));
#101=IFCPRODUCTDEFINITIONSHAPE($,$,(#100));
#102=IFCPIPESEGMENTTYPE('2nJEi6kiz13ADF2PsDsE3$',#18,'Pipe Types:Default',$,$,$,$,'181474',$,.NOTDEFINED.);
#103=IFCFLOWSEGMENT('1iDZV_Brn0Z9GW0EFhInEe',#18,'Pipe Types:Default:1204984',$,'Pipe Types:Default',#88,#101,'1204984');
#104=IFCPROPERTYSINGLEVALUE('Reference',$,IFCIDENTIFIER('Default'),$);
#105=IFCPROPERTYSET('1otpsT16WyFHkta$K5FkB7',#18,'Pset_DistributionFlowElementCommon',$,(#104));
#106=IFCPROPERTYLISTVALUE('ConnectionType',$,(IFCTEXT('Generic')),$);
#107=IFCPROPERTYSET('1C0kgMc9nj$vsEexU9ZlON',#18,'Pset_DuctConnection',$,(#106));
#108=IFCPROPERTYSINGLEVALUE('Length',$,IFCPOSITIVELENGTHMEASURE(1352.375000000018),$);
#109=IFCPROPERTYSET('3yzGTb9TqLy4Sq7IiJrhZB',#18,'Pset_FlowSegmentDuctSegment',$,(#108));
#110=IFCPROPERTYSINGLEVALUE('Length',$,IFCPOSITIVELENGTHMEASURE(1352.375000000018),$);
#111=IFCPROPERTYSINGLEVALUE('InvertElevation',$,IFCLENGTHMEASURE(-479.36250000000939),$);
#112=IFCPROPERTYSET('1$b$ViWmCfcBKTdsPfiEAK',#18,'Pset_FlowSegmentPipeSegment',$,(#110,#111));
#113=IFCPROPERTYLISTVALUE('ConnectionType',$,(IFCLABEL('Generic')),$);
#114=IFCPROPERTYSET('1$W6okYboLKFGYTfqEGfjq',#18,'Pset_PipeConnection',$,(#113));
#115=IFCPROPERTYSET('3PPSaSI6HnPiPyRghijl8z',#18,'Pset_QuantityTakeOff',$,(#104));
#116=IFCRELDEFINESBYPROPERTIES('2b_NCfnDf2jnikttPSRWbI',#18,$,$,(#103),#105);
#117=IFCRELDEFINESBYPROPERTIES('3aCZBSErFqX3pqrB9Eg8tx',#18,$,$,(#103),#107);
#118=IFCRELDEFINESBYPROPERTIES('3JYHY4XI7TT5SmuIZsS_ym',#18,$,$,(#103),#109);
#119=IFCRELDEFINESBYPROPERTIES('3oS0bvnzwT4v7u20wgIqOr',#18,$,$,(#103),#112);
#120=IFCRELDEFINESBYPROPERTIES('2GKNCGBTsCWfxA1znAuo$b',#18,$,$,(#103),#114);
#121=IFCRELDEFINESBYPROPERTIES('30rvtqwSnsxCm7JWWBnU8z',#18,$,$,(#103),#115);
#122=IFCAXIS2PLACEMENT3D(#3,$,$);
#123=IFCLOCALPLACEMENT(#42,#122);
#124=IFCCARTESIANPOINT((0.,0.));
#125=IFCAXIS2PLACEMENT2D(#124,#11);
#126=IFCCIRCLEPROFILEDEF(.AREA.,'Default',#125,16.700500000000002);
#127=IFCCARTESIANPOINT((1531.4999999999634,2874.,-579.36250000000871));
#128=IFCAXIS2PLACEMENT3D(#127,$,$);
#129=IFCEXTRUDEDAREASOLID(#126,#128,#9,1452.3750000000175);
#130=IFCSHAPEREPRESENTATION(#24,'Body','SweptSolid',(#129));
#131=IFCPRODUCTDEFINITIONSHAPE($,$,(#130));
#132=IFCFLOWSEGMENT('1iDZV_Brn0Z9GW0EFhIn9Q',#18,'Pipe Types:Default:1205002',$,'Pipe Types:Default',#123,#131,'1205002');
#133=IFCPROPERTYSET('1BJgZHhc9Ys0A7wPo5Z1PJ',#18,'Pset_DistributionFlowElementCommon',$,(#104));
#134=IFCPROPERTYLISTVALUE('ConnectionType',$,(IFCTEXT('Generic')),$);
#135=IFCPROPERTYSET('0ZScB6Qc6JstvlQB_Qwq7j',#18,'Pset_DuctConnection',$,(#134));
#136=IFCPROPERTYSINGLEVALUE('Length',$,IFCPOSITIVELENGTHMEASURE(1452.3750000000175),$);
#137=IFCPROPERTYSET('0UWfYK9k_frlO24uC8YmRh',#18,'Pset_FlowSegmentDuctSegment',$,(#136));
#138=IFCPROPERTYSINGLEVALUE('Length',$,IFCPOSITIVELENGTHMEASURE(1452.3750000000175),$);
#139=IFCPROPERTYSINGLEVALUE('InvertElevation',$,IFCLENGTHMEASURE(-579.36250000000905),$);
#140=IFCPROPERTYSET('2NBkKbApQf88wAunkcpQgE',#18,'Pset_FlowSegmentPipeSegment',$,(#138,#139));
#141=IFCPROPERTYLISTVALUE('ConnectionType',$,(IFCLABEL('Generic')),$);
#142=IFCPROPERTYSET('3E5RURW0NiFdhpW$UKRo0d',#18,'Pset_PipeConnection',$,(#141));
#143=IFCPROPERTYSET('1Fl4i0hMp5Eq3lRKEI208K',#18,'Pset_QuantityTakeOff',$,(#104));
#144=IFCRELDEFINESBYPROPERTIES('3ZgSnHmhzhCdvKfj9UjT9V',#18,$,$,(#132),#133);
#145=IFCRELDEFINESBYPROPERTIES('2e1HzF2317HpTJhIx5L_rx',#18,$,$,(#132),#135);
#146=IFCRELDEFINESBYPROPERTIES('2AHR6V$taLo3rqdsLQXr0$',#18,$,$,(#132),#137);
#147=IFCRELDEFINESBYPROPERTIES('04PQqyqHB4pWwPkr3SB3Rv',#18,$,$,(#132),#140);
#148=IFCRELDEFINESBYPROPERTIES('0Q6ztLIPALd2nZBVwt4mRg',#18,$,$,(#132),#142);
#149=IFCRELDEFINESBYPROPERTIES('3vMUCLpoMJZ2Nnm9q8Sk8F',#18,$,$,(#132),#143);
#150=IFCAXIS2PLACEMENT3D(#3,$,$);
#151=IFCLOCALPLACEMENT(#42,#150);
#152=IFCCARTESIANPOINT((0.,0.));
#153=IFCAXIS2PLACEMENT2D(#152,#11);
#154=IFCCIRCLEPROFILEDEF(.AREA.,'Default',#153,16.700500000000002);
#155=IFCCARTESIANPOINT((1322.,3126.,926.98750000000371));
#156=IFCAXIS2PLACEMENT3D(#155,#9,#6);
#157=IFCEXTRUDEDAREASOLID(#154,#156,#9,2373.0124999999962);
#158=IFCSHAPEREPRESENTATION(#24,'Body','SweptSolid',(#157));
#159=IFCPRODUCTDEFINITIONSHAPE($,$,(#158));
#160=IFCFLOWSEGMENT('1iDZV_Brn0Z9GW0EFhInHA',#18,'Pipe Types:Default:1205530',$,'Pipe Types:Default',#151,#159,'1205530');
#161=IFCPROPERTYSET('1Uaz4Eif9G8XuW64kES66h',#18,'Pset_DistributionFlowElementCommon',$,(#104));
#162=IFCPROPERTYLISTVALUE('ConnectionType',$,(IFCTEXT('Generic')),$);
#163=IFCPROPERTYSET('1g4OD3YkMa0XT1EOUG_uLr',#18,'Pset_DuctConnection',$,(#162));
#164=IFCPROPERTYSINGLEVALUE('Length',$,IFCPOSITIVELENGTHMEASURE(2373.0124999999962),$);
#165=IFCPROPERTYSET('17sRUMctBiuQr7CcbDlltm',#18,'Pset_FlowSegmentDuctSegment',$,(#164));
#166=IFCPROPERTYSINGLEVALUE('Length',$,IFCPOSITIVELENGTHMEASURE(2373.0124999999962),$);
#167=IFCPROPERTYSINGLEVALUE('InvertElevation',$,IFCLENGTHMEASURE(926.98750000000337),$);
#168=IFCPROPERTYSET('0R0X00OghyJfuGRN0gv5WB',#18,'Pset_FlowSegmentPipeSegment',$,(#166,#167));
#169=IFCPROPERTYLISTVALUE('ConnectionType',$,(IFCLABEL('Generic')),$);
#170=IFCPROPERTYSET('0oZE4T5TFMJ1XLQn1idPUa',#18,'Pset_PipeConnection',$,(#169));
#171=IFCPROPERTYSET('1uIrfxBfND2mox1P4GiVkY',#18,'Pset_QuantityTakeOff',$,(#104));
#172=IFCRELDEFINESBYPROPERTIES('3G9wZx3IdcPGDCLPHcKK$E',#18,$,$,(#160),#161);
#173=IFCRELDEFINESBYPROPERTIES('38FdbQSsfzvW3qLwJPW_QN',#18,$,$,(#160),#163);
#174=IFCRELDEFINESBYPROPERTIES('1w9F7$b6Lb63y79nwi5$PY',#18,$,$,(#160),#165);
#175=IFCRELDEFINESBYPROPERTIES('3Vj2KLMiTozHXUHlzeidj$',#18,$,$,(#160),#168);
#176=IFCRELDEFINESBYPROPERTIES('2OpORoFXaGzC29nlpzYDap',#18,$,$,(#160),#170);
#177=IFCRELDEFINESBYPROPERTIES('2lRUp8ZFIoAJ4qVCsM9rcq',#18,$,$,(#160),#171);
#178=IFCAXIS2PLACEMENT3D(#3,$,$);
#179=IFCLOCALPLACEMENT(#42,#178);
#180=IFCCARTESIANPOINT((0.,0.));
#181=IFCAXIS2PLACEMENT2D(#180,#11);
#182=IFCCIRCLEPROFILEDEF(.AREA.,'Default',#181,16.700500000000002);
#183=IFCCARTESIANPOINT((1531.4999999999591,3126.,926.98750000000382));
#184=IFCAXIS2PLACEMENT3D(#183,#9,#6);
#185=IFCEXTRUDEDAREASOLID(#182,#184,#9,2373.0124999999966);
#186=IFCSHAPEREPRESENTATION(#24,'Body','SweptSolid',(#185));
#187=IFCPRODUCTDEFINITIONSHAPE($,$,(#186));
#188=IFCFLOWSEGMENT('1iDZV_Brn0Z9GW0EFhInHy',#18,'Pipe Types:Default:1205548',$,'Pipe Types:Default',#179,#187,'1205548');
#189=IFCPROPERTYSET('1YBapP5FNx9dBe4U7oh_ZC',#18,'Pset_DistributionFlowElementCommon',$,(#104));
#190=IFCPROPERTYLISTVALUE('ConnectionType',$,(IFCTEXT('Generic')),$);
#191=IFCPROPERTYSET('2eEHUWuBBb0txhr9WfIcun',#18,'Pset_DuctConnection',$,(#190));
#192=IFCPROPERTYSINGLEVALUE('Length',$,IFCPOSITIVELENGTHMEASURE(2373.0124999999966),$);
#193=IFCPROPERTYSET('18GU6X5cdJf2hl4Ygol4f8',#18,'Pset_FlowSegmentDuctSegment',$,(#192));
#194=IFCPROPERTYSINGLEVALUE('Length',$,IFCPOSITIVELENGTHMEASURE(2373.0124999999966),$);
#195=IFCPROPERTYSINGLEVALUE('InvertElevation',$,IFCLENGTHMEASURE(926.98750000000348),$);
#196=IFCPROPERTYSET('3cfMfjgyIJLlOjt8lpMLBD',#18,'Pset_FlowSegmentPipeSegment',$,(#194,#195));
#197=IFCPROPERTYLISTVALUE('ConnectionType',$,(IFCLABEL('Generic')),$);
#198=IFCPROPERTYSET('2OwpqxjdWoOFg_5ejfAlD$',#18,'Pset_PipeConnection',$,(#197));
#199=IFCPROPERTYSET('0kCNsR9ypWqh5g5UAuOXrT',#18,'Pset_QuantityTakeOff',$,(#104));
#200=IFCRELDEFINESBYPROPERTIES('3bhVFuIjtshmRIZPSpk4$R',#18,$,$,(#188),#189);
#201=IFCRELDEFINESBYPROPERTIES('2OcLc4abZ7UFaVwcHxALZu',#18,$,$,(#188),#191);
#202=IFCRELDEFINESBYPROPERTIES('3Uk2chkaTkHGwAgZ208tRN',#18,$,$,(#188),#193);
#203=IFCRELDEFINESBYPROPERTIES('0TJRgApNDl6JCWF6q5OsnR',#18,$,$,(#188),#196);
#204=IFCRELDEFINESBYPROPERTIES('3jJ390IkDgqN6K6oMKTdMz',#18,$,$,(#188),#198);
#205=IFCRELDEFINESBYPROPERTIES('1ETKasMlTuLUrQpelAEWi0',#18,$,$,(#188),#199);
#206=IFCAXIS2PLACEMENT3D(#3,$,$);
#207=IFCLOCALPLACEMENT(#50,#206);
#208=IFCCARTESIANPOINT((-8.1215034697379459E-13,0.));
#209=IFCAXIS2PLACEMENT2D(#208,#11);
#210=IFCCIRCLEPROFILEDEF(.AREA.,'Default',#209,16.700500000000002);
#211=IFCCARTESIANPOINT((1322.,2586.,0.));
#212=IFCAXIS2PLACEMENT3D(#211,#7,#6);
#213=IFCEXTRUDEDAREASOLID(#210,#212,#9,261.01249999988704);
#214=IFCSHAPEREPRESENTATION(#24,'Body','SweptSolid',(#213));
#215=IFCPRODUCTDEFINITIONSHAPE($,$,(#214));
#216=IFCFLOWSEGMENT('1iDZV_Brn0Z9GW0EFhIn_M',#18,'Pipe Types:Default:1208006',$,'Pipe Types:Default',#207,#215,'1208006');
#217=IFCPROPERTYSET('0RwNQ3mA6gnt7FLzPeh6gy',#18,'Pset_DistributionFlowElementCommon',$,(#104));
#218=IFCPROPERTYLISTVALUE('ConnectionType',$,(IFCTEXT('Generic')),$);
#219=IFCPROPERTYSET('2BVYJ2THgqnu9UE9Qa6MpB',#18,'Pset_DuctConnection',$,(#218));
#220=IFCPROPERTYSINGLEVALUE('Length',$,IFCPOSITIVELENGTHMEASURE(261.01249999988704),$);
#221=IFCPROPERTYSET('3e3M51HPTykP$eQ7vAePu5',#18,'Pset_FlowSegmentDuctSegment',$,(#220));
#222=IFCPROPERTYSINGLEVALUE('Length',$,IFCPOSITIVELENGTHMEASURE(261.01249999988704),$);
#223=IFCPROPERTYSINGLEVALUE('InvertElevation',$,IFCLENGTHMEASURE(886.67769999999905),$);
#224=IFCPROPERTYSET('1738fKVWkTCMlV0Dp8d2IM',#18,'Pset_FlowSegmentPipeSegment',$,(#222,#223));
#225=IFCPROPERTYLISTVALUE('ConnectionType',$,(IFCLABEL('Generic')),$);
#226=IFCPROPERTYSET('1AOgRY$6BQaMCqVc67Hi1X',#18,'Pset_PipeConnection',$,(#225));
#227=IFCPROPERTYSET('0NBnpx6zQ_ab0j5a7yeJ3_',#18,'Pset_QuantityTakeOff',$,(#104));
#228=IFCRELDEFINESBYPROPERTIES('3pJJJM7i7Eyxik0yeMHis1',#18,$,$,(#216),#217);
#229=IFCRELDEFINESBYPROPERTIES('3W8eaT0eFhhXj4J0LwmOWX',#18,$,$,(#216),#219);
#230=IFCRELDEFINESBYPROPERTIES('1BkldXY5pWvD1QLkFVPsfF',#18,$,$,(#216),#221);
#231=IFCRELDEFINESBYPROPERTIES('0wHW4aPSXQ$Y_0vjkborq6',#18,$,$,(#216),#224);
#232=IFCRELDEFINESBYPROPERTIES('1j5P5KVanluK$0orWVokOG',#18,$,$,(#216),#226);
#233=IFCRELDEFINESBYPROPERTIES('1J2_ww4ocE4ierU2IyXAGk',#18,$,$,(#216),#227);
#234=IFCAXIS2PLACEMENT3D(#3,$,$);
#235=IFCLOCALPLACEMENT(#50,#234);
#236=IFCCARTESIANPOINT((0.,0.));
#237=IFCAXIS2PLACEMENT2D(#236,#11);
#238=IFCCIRCLEPROFILEDEF(.AREA.,'Default',#237,16.700500000000002);
#239=IFCCARTESIANPOINT((1322.,3152.9875000000243,0.));
#240=IFCAXIS2PLACEMENT3D(#239,#7,#5);
#241=IFCEXTRUDEDAREASOLID(#238,#240,#9,261.01249999996503);
#242=IFCSHAPEREPRESENTATION(#24,'Body','SweptSolid',(#241));
#243=IFCPRODUCTDEFINITIONSHAPE($,$,(#242));
#244=IFCFLOWSEGMENT('1iDZV_Brn0Z9GW0EFhIn_p',#18,'Pipe Types:Default:1208035',$,'Pipe Types:Default',#235,#243,'1208035');
#245=IFCPROPERTYSET('06V1Ra0S3BnJtFax_SIfgr',#18,'Pset_DistributionFlowElementCommon',$,(#104));
#246=IFCPROPERTYLISTVALUE('ConnectionType',$,(IFCTEXT('Generic')),$);
#247=IFCPROPERTYSET('26jTVJAZCY58RiOASj9mBK',#18,'Pset_DuctConnection',$,(#246));
#248=IFCPROPERTYSINGLEVALUE('Length',$,IFCPOSITIVELENGTHMEASURE(261.01249999996503),$);
#249=IFCPROPERTYSET('3xHlmYs7Ob$YTFFtM7gZzv',#18,'Pset_FlowSegmentDuctSegment',$,(#248));
#250=IFCPROPERTYSINGLEVALUE('Length',$,IFCPOSITIVELENGTHMEASURE(261.01249999996503),$);
#251=IFCPROPERTYSINGLEVALUE('InvertElevation',$,IFCLENGTHMEASURE(886.67770000000098),$);
#252=IFCPROPERTYSET('1yAT41f7CWoiU7EEeDXWzr',#18,'Pset_FlowSegmentPipeSegment',$,(#250,#251));
#253=IFCPROPERTYLISTVALUE('ConnectionType',$,(IFCLABEL('Generic')),$);
#254=IFCPROPERTYSET('3l35d9XYFJLZqnt75CCY0y',#18,'Pset_PipeConnection',$,(#253));
#255=IFCPROPERTYSET('1vOcsTtcY3iQFwpCks_a1n',#18,'Pset_QuantityTakeOff',$,(#104));
#256=IFCRELDEFINESBYPROPERTIES('1TO8mJ9fUI6L111kWogxR9',#18,$,$,(#244),#245);
#257=IFCRELDEFINESBYPROPERTIES('1ikX8Wg9PVAghZ24tgtwfO',#18,$,$,(#244),#247);
#258=IFCRELDEFINESBYPROPERTIES('2OOjsE8CVHNbrhHT_gsCfo',#18,$,$,(#244),#249);
#259=IFCRELDEFINESBYPROPERTIES('38eZfIJWA6I6k1KxUBXbi8',#18,$,$,(#244),#252);
#260=IFCRELDEFINESBYPROPERTIES('0kY7Zc8rArRG$JtcsfFbCX',#18,$,$,(#244),#254);
#261=IFCRELDEFINESBYPROPERTIES('16Z7YU2QGiOa5w7xUVCk1p',#18,$,$,(#244),#255);
#262=IFCAXIS2PLACEMENT3D(#3,$,$);
#263=IFCLOCALPLACEMENT(#50,#262);
#264=IFCCARTESIANPOINT((-8.1215034697379459E-13,0.));
#265=IFCAXIS2PLACEMENT2D(#264,#11);
#266=IFCCIRCLEPROFILEDEF(.AREA.,'Default',#265,16.700500000000002);
#267=IFCCARTESIANPOINT((1531.4999999999627,2586.,0.));
#268=IFCAXIS2PLACEMENT3D(#267,#7,#6);
#269=IFCEXTRUDEDAREASOLID(#266,#268,#9,261.01249999988761);
#270=IFCSHAPEREPRESENTATION(#24,'Body','SweptSolid',(#269));
#271=IFCPRODUCTDEFINITIONSHAPE($,$,(#270));
#272=IFCFLOWSEGMENT('1iDZV_Brn0Z9GW0EFhImFc',#18,'Pipe Types:Default:1209014',$,'Pipe Types:Default',#263,#271,'1209014');
#273=IFCPROPERTYSET('3gIIecy$pOPYG0ZYWUbJAf',#18,'Pset_DistributionFlowElementCommon',$,(#104));
#274=IFCPROPERTYLISTVALUE('ConnectionType',$,(IFCTEXT('Generic')),$);
#275=IFCPROPERTYSET('1Hesxf7AfJCGiCb$5pafgm',#18,'Pset_DuctConnection',$,(#274));
#276=IFCPROPERTYSINGLEVALUE('Length',$,IFCPOSITIVELENGTHMEASURE(261.01249999988761),$);
#277=IFCPROPERTYSET('0o5MxgBAoiNXANoyI5lDzP',#18,'Pset_FlowSegmentDuctSegment',$,(#276));
#278=IFCPROPERTYSINGLEVALUE('Length',$,IFCPOSITIVELENGTHMEASURE(261.01249999988761),$);
#279=IFCPROPERTYSINGLEVALUE('InvertElevation',$,IFCLENGTHMEASURE(886.67769999999905),$);
#280=IFCPROPERTYSET('23NzpAxGtaTOewPHMrV2ST',#18,'Pset_FlowSegmentPipeSegment',$,(#278,#279));
#281=IFCPROPERTYLISTVALUE('ConnectionType',$,(IFCLABEL('Generic')),$);
#282=IFCPROPERTYSET('1PboTgiDqp47wHnTTUBPKv',#18,'Pset_PipeConnection',$,(#281));
#283=IFCPROPERTYSET('2vFKvKPLKH2D9bq4KOFFaQ',#18,'Pset_QuantityTakeOff',$,(#104));
#284=IFCRELDEFINESBYPROPERTIES('1wX$BWHcAG4akO6uNxydtU',#18,$,$,(#272),#273);
#285=IFCRELDEFINESBYPROPERTIES('33HWFSOOvbh_MxJR6O3a7y',#18,$,$,(#272),#275);
#286=IFCRELDEFINESBYPROPERTIES('0ZPrZJuS$fyid8sTSfWr6E',#18,$,$,(#272),#277);
#287=IFCRELDEFINESBYPROPERTIES('0P$l1Lyb$mzD$SnO5vCNpU',#18,$,$,(#272),#280);
#288=IFCRELDEFINESBYPROPERTIES('1WXBKL5imXf2wmoRLDK_Nr',#18,$,$,(#272),#282);
#289=IFCRELDEFINESBYPROPERTIES('3z31rw26XfCBWfw2JOYCVV',#18,$,$,(#272),#283);
#290=IFCAXIS2PLACEMENT3D(#3,$,$);
#291=IFCLOCALPLACEMENT(#50,#290);
#292=IFCCARTESIANPOINT((0.,0.));
#293=IFCAXIS2PLACEMENT2D(#292,#11);
#294=IFCCIRCLEPROFILEDEF(.AREA.,'Default',#293,16.700500000000002);
#295=IFCCARTESIANPOINT((1531.4999999999591,3152.9875000000243,0.));
#296=IFCAXIS2PLACEMENT3D(#295,#7,#5);
#297=IFCEXTRUDEDAREASOLID(#294,#296,#9,261.01249999996395);
#298=IFCSHAPEREPRESENTATION(#24,'Body','SweptSolid',(#297));
#299=IFCPRODUCTDEFINITIONSHAPE($,$,(#298));
#300=IFCFLOWSEGMENT('1iDZV_Brn0Z9GW0EFhImEO',#18,'Pipe Types:Default:1209032',$,'Pipe Types:Default',#291,#299,'1209032');
#301=IFCPROPERTYSET('1$nxrDwgqFtyKf87w7EtVV',#18,'Pset_DistributionFlowElementCommon',$,(#104));
#302=IFCPROPERTYLISTVALUE('ConnectionType',$,(IFCTEXT('Generic')),$);
#303=IFCPROPERTYSET('0cDZx1tw2GgbivzYlf7Niy',#18,'Pset_DuctConnection',$,(#302));
#304=IFCPROPERTYSINGLEVALUE('Length',$,IFCPOSITIVELENGTHMEASURE(261.01249999996395),$);
#305=IFCPROPERTYSET('36MfTiFko8hxN5oJUCFUdP',#18,'Pset_FlowSegmentDuctSegment',$,(#304));
#306=IFCPROPERTYSINGLEVALUE('Length',$,IFCPOSITIVELENGTHMEASURE(261.01249999996395),$);
#307=IFCPROPERTYSINGLEVALUE('InvertElevation',$,IFCLENGTHMEASURE(886.67770000000098),$);
#308=IFCPROPERTYSET('1pw85H6JVe3w2cAJEiXLQq',#18,'Pset_FlowSegmentPipeSegment',$,(#306,#307));
#309=IFCPROPERTYLISTVALUE('ConnectionType',$,(IFCLABEL('Generic')),$);
#310=IFCPROPERTYSET('0fxDcpt7GIKe0Vb$0ki$sP',#18,'Pset_PipeConnection',$,(#309));
#311=IFCPROPERTYSET('287mr$7EbwNqpTu6Z1J2Wl',#18,'Pset_QuantityTakeOff',$,(#104));
#312=IFCRELDEFINESBYPROPERTIES('2Uz9e1AW2TxFuf8ecY1kax',#18,$,$,(#300),#301);
#313=IFCRELDEFINESBYPROPERTIES('29CHaxroLnUX1lv6SfiUbd',#18,$,$,(#300),#303);
#314=IFCRELDEFINESBYPROPERTIES('3xbmI1GtNrWgMNg6STXm2C',#18,$,$,(#300),#305);
#315=IFCRELDEFINESBYPROPERTIES('0BbjJ1B4sZVlL2CU$BUgXG',#18,$,$,(#300),#308);
#316=IFCRELDEFINESBYPROPERTIES('0i_QFsgNmNz1XDEkfqHzCk',#18,$,$,(#300),#310);
#317=IFCRELDEFINESBYPROPERTIES('290mGkKr32DRWnDgU7vLje',#18,$,$,(#300),#311);
#318=IFCAXIS2PLACEMENT3D(#3,$,$);
#319=IFCLOCALPLACEMENT(#50,#318);
#320=IFCCARTESIANPOINT((0.,0.));
#321=IFCAXIS2PLACEMENT2D(#320,#11);
#322=IFCCIRCLEPROFILEDEF(.AREA.,'Default',#321,16.700500000000002);
#323=IFCCARTESIANPOINT((1558.4874999999956,3000.,-1400.));
#324=IFCAXIS2PLACEMENT3D(#323,#5,#8);
#325=IFCEXTRUDEDAREASOLID(#322,#324,#9,2650.0124999999575);
#326=IFCSHAPEREPRESENTATION(#24,'Body','SweptSolid',(#325));
#327=IFCPRODUCTDEFINITIONSHAPE($,$,(#326));
#328=IFCFLOWSEGMENT('1iDZV_Brn0Z9GW0EFhImt$',#18,'Pipe Types:Default:1211567',$,'Pipe Types:Default',#319,#327,'1211567');
#329=IFCPROPERTYSET('2vriR76lEvSTJpytJFENo7',#18,'Pset_DistributionFlowElementCommon',$,(#104));
#330=IFCPROPERTYLISTVALUE('ConnectionType',$,(IFCTEXT('Generic')),$);
#331=IFCPROPERTYSET('23dNWRqdOOCANdg_nlp1rM',#18,'Pset_DuctConnection',$,(#330));
#332=IFCPROPERTYSINGLEVALUE('Length',$,IFCPOSITIVELENGTHMEASURE(2650.0124999999575),$);
#333=IFCPROPERTYSET('3YWWmcVKEurrPWoyh$L8d0',#18,'Pset_FlowSegmentDuctSegment',$,(#332));
#334=IFCPROPERTYSINGLEVALUE('Length',$,IFCPOSITIVELENGTHMEASURE(2650.0124999999575),$);
#335=IFCPROPERTYSINGLEVALUE('InvertElevation',$,IFCLENGTHMEASURE(-513.32230000000243),$);
#336=IFCPROPERTYSET('3plczIMReszEgFx73Do4A7',#18,'Pset_FlowSegmentPipeSegment',$,(#334,#335));
#337=IFCPROPERTYLISTVALUE('ConnectionType',$,(IFCLABEL('Generic')),$);
#338=IFCPROPERTYSET('0KXns1OLZ6blxz3XhyAau7',#18,'Pset_PipeConnection',$,(#337));
#339=IFCPROPERTYSET('1do0NXBI4o_B0etI5kYOHi',#18,'Pset_QuantityTakeOff',$,(#104));
#340=IFCRELDEFINESBYPROPERTIES('2p6IfRfwL68$kwEDC6IAjj',#18,$,$,(#328),#329);
#341=IFCRELDEFINESBYPROPERTIES('1SWFPfWUogTg0hOVHfHDNy',#18,$,$,(#328),#331);
#342=IFCRELDEFINESBYPROPERTIES('2ix8xmA$ecLwmazhAQAPWi',#18,$,$,(#328),#333);
#343=IFCRELDEFINESBYPROPERTIES('3NFXLjDLzg7Cd7eYuKPDvn',#18,$,$,(#328),#336);
#344=IFCRELDEFINESBYPROPERTIES('2$vQGS8uettMFt1Bkw2xjT',#18,$,$,(#328),#338);
#345=IFCRELDEFINESBYPROPERTIES('2cMW5IM7$5sLhcg3qj3sxF',#18,$,$,(#328),#339);
#346=IFCAXIS2PLACEMENT3D(#3,$,$);
#347=IFCLOCALPLACEMENT(#50,#346);
#348=IFCCARTESIANPOINT((0.,0.));
#349=IFCAXIS2PLACEMENT2D(#348,#11);
#350=IFCCIRCLEPROFILEDEF(.AREA.,'Default',#349,16.700500000000002);
#351=IFCCARTESIANPOINT((1558.4874999999836,3000.,-1500.));
#352=IFCAXIS2PLACEMENT3D(#351,#5,#8);
#353=IFCEXTRUDEDAREASOLID(#350,#352,#9,2650.0124999999703);
#354=IFCSHAPEREPRESENTATION(#24,'Body','SweptSolid',(#353));
#355=IFCPRODUCTDEFINITIONSHAPE($,$,(#354));
#356=IFCFLOWSEGMENT('1iDZV_Brn0Z9GW0EFhImsH',#18,'Pipe Types:Default:1214442',$,'Pipe Types:Default',#347,#355,'1214442');
#357=IFCPROPERTYSET('3c65ApvdCmcl7Hemi1c$Oo',#18,'Pset_DistributionFlowElementCommon',$,(#104));
#358=IFCPROPERTYLISTVALUE('ConnectionType',$,(IFCTEXT('Generic')),$);
#359=IFCPROPERTYSET('2DvaRm2QfvagKLdcFJ_o9c',#18,'Pset_DuctConnection',$,(#358));
#360=IFCPROPERTYSINGLEVALUE('Length',$,IFCPOSITIVELENGTHMEASURE(2650.0124999999703),$);
#361=IFCPROPERTYSET('1dSrG1tWuQCGhN7xu3G8jz',#18,'Pset_FlowSegmentDuctSegment',$,(#360));
#362=IFCPROPERTYSINGLEVALUE('Length',$,IFCPOSITIVELENGTHMEASURE(2650.0124999999703),$);
#363=IFCPROPERTYSINGLEVALUE('InvertElevation',$,IFCLENGTHMEASURE(-613.32230000001243),$);
#364=IFCPROPERTYSET('3oimOz3gyAuHAAejQyMfa9',#18,'Pset_FlowSegmentPipeSegment',$,(#362,#363));
#365=IFCPROPERTYLISTVALUE('ConnectionType',$,(IFCLABEL('Generic')),$);
#366=IFCPROPERTYSET('3mfQn35KIrgB88Isd30uot',#18,'Pset_PipeConnection',$,(#365));
#367=IFCPROPERTYSET('2MI_4CZcVN23tde7yEChKv',#18,'Pset_QuantityTakeOff',$,(#104));
#368=IFCRELDEFINESBYPROPERTIES('3HcUz3OZsvknd_2TU7siVQ',#18,$,$,(#356),#357);
#369=IFCRELDEFINESBYPROPERTIES('3x30Y6qapq2maNB1yqfbps',#18,$,$,(#356),#359);
#370=IFCRELDEFINESBYPROPERTIES('2GgiBMIfi7i4RehqxW2CY6',#18,$,$,(#356),#361);
#371=IFCRELDEFINESBYPROPERTIES('1u0Als2EgzFfiY7aj5WctY',#18,$,$,(#356),#364);
#372=IFCRELDEFINESBYPROPERTIES('2DL30Dsrv7nWfYgcw2jc$Q',#18,$,$,(#356),#366);
#373=IFCRELDEFINESBYPROPERTIES('2x96AL0ICKab_bvDwYw2Ox',#18,$,$,(#356),#367);
#374=IFCAXIS2PLACEMENT3D(#3,$,$);
#375=IFCLOCALPLACEMENT(#50,#374);
#376=IFCCARTESIANPOINT((0.,0.));
#377=IFCAXIS2PLACEMENT2D(#376,#11);
#378=IFCCIRCLEPROFILEDEF(.AREA.,'Default',#377,16.700500000000002);
#379=IFCCARTESIANPOINT((1322.,3026.9874999999574,-1500.));
#380=IFCAXIS2PLACEMENT3D(#379,#7,#5);
#381=IFCEXTRUDEDAREASOLID(#378,#380,#9,78.375000000041737);
#382=IFCSHAPEREPRESENTATION(#24,'Body','SweptSolid',(#381));
#383=IFCPRODUCTDEFINITIONSHAPE($,$,(#382));
#384=IFCFLOWSEGMENT('1iDZV_Brn0Z9GW0EFhI$Ye',#18,'Pipe Types:Default:1214968',$,'Pipe Types:Default',#375,#383,'1214968');
#385=IFCPROPERTYSET('3WyS9YCxO8NDpHjzXkC_P4',#18,'Pset_DistributionFlowElementCommon',$,(#104));
#386=IFCPROPERTYLISTVALUE('ConnectionType',$,(IFCTEXT('Generic')),$);
#387=IFCPROPERTYSET('1JDPhV8p4ZW_ijYxEPB7vG',#18,'Pset_DuctConnection',$,(#386));
#388=IFCPROPERTYSINGLEVALUE('Length',$,IFCPOSITIVELENGTHMEASURE(78.375000000041737),$);
#389=IFCPROPERTYSET('1gdALp5Q$67TojMGdXinuG',#18,'Pset_FlowSegmentDuctSegment',$,(#388));
#390=IFCPROPERTYSINGLEVALUE('Length',$,IFCPOSITIVELENGTHMEASURE(78.375000000041737),$);
#391=IFCPROPERTYSINGLEVALUE('InvertElevation',$,IFCLENGTHMEASURE(-613.32230000002562),$);
#392=IFCPROPERTYSET('1p9e6S0kHJ$O27vK7rwYxn',#18,'Pset_FlowSegmentPipeSegment',$,(#390,#391));
#393=IFCPROPERTYLISTVALUE('ConnectionType',$,(IFCLABEL('Generic')),$);
#394=IFCPROPERTYSET('1tMVVB4v3Pp$zxSk7znIW5',#18,'Pset_PipeConnection',$,(#393));
#395=IFCPROPERTYSET('1SIzdnYr0ekvhYif8PkvKZ',#18,'Pset_QuantityTakeOff',$,(#104));
#396=IFCRELDEFINESBYPROPERTIES('0iHjneRrka85XXeCFoHvy9',#18,$,$,(#384),#385);
#397=IFCRELDEFINESBYPROPERTIES('2pRk4MU35zC0j_NEH8m3sw',#18,$,$,(#384),#387);
#398=IFCRELDEFINESBYPROPERTIES('1JW7nxXZRd0Ts8ezT29PiN',#18,$,$,(#384),#389);
#399=IFCRELDEFINESBYPROPERTIES('3nPpvYQ4ad9NUwvsx7wMxH',#18,$,$,(#384),#392);
#400=IFCRELDEFINESBYPROPERTIES('0fhH8cPa3AueluxZnpSXB8',#18,$,$,(#384),#394);
#401=IFCRELDEFINESBYPROPERTIES('07uT0zCOcdDzLNl2SsqrjT',#18,$,$,(#384),#395);
#402=IFCAXIS2PLACEMENT3D(#3,$,$);
#404=IFCCARTESIANPOINT((-26.987499999991314,-14.287500000008434,0.));
#405=IFCCARTESIANPOINT((-26.987499999991289,-7.1437500000085574,12.373337956568228));
#406=IFCCARTESIANPOINT((-26.987499999991247,7.1437499999914307,12.373337956568383));
#407=IFCCARTESIANPOINT((-26.987499999991222,14.287499999991573,0.));
#408=IFCCARTESIANPOINT((-26.987499999991247,7.1437499999916669,-12.373337956571982));
#409=IFCCARTESIANPOINT((-26.987499999991289,-7.1437500000083309,-12.373337956572096));
#410=IFCCARTESIANPOINT((26.987500000003749,-14.287500000008606,0.));
#411=IFCCARTESIANPOINT((26.987500000003777,-7.143750000008505,-12.373337956572096));
#412=IFCCARTESIANPOINT((26.987500000003816,7.1437499999914937,-12.373337956571982));
#413=IFCCARTESIANPOINT((26.987500000003845,14.287499999991399,0.));
#414=IFCCARTESIANPOINT((26.987500000003816,7.1437499999912566,12.373337956568383));
#415=IFCCARTESIANPOINT((26.987500000003777,-7.1437500000087306,12.373337956568228));
#416=IFCCARTESIANPOINT((-14.287499999993708,-14.287500000008473,0.));
#417=IFCCARTESIANPOINT((-8.0078762959720837,-8.0078762959868595,11.832437343094771));
#418=IFCCARTESIANPOINT((0.,0.,14.287499999998134));
#419=IFCCARTESIANPOINT((10.367678429422142,-10.3676784294244,9.8307629528022229));
#420=IFCCARTESIANPOINT((14.287500000006307,-14.287500000008567,0.));
#421=IFCCARTESIANPOINT((-26.987499999991268,0.,12.373337956568307));
#422=IFCCARTESIANPOINT((26.987500000003763,-10.715625000008668,6.1866689782831576));
#423=IFCCARTESIANPOINT((26.987500000003795,0.,12.373337956568307));
#424=IFCCARTESIANPOINT((12.327589214714223,-12.327589214716483,4.9153814764001611));
#425=IFCCARTESIANPOINT((-10.381270917679847,-10.381270917694618,7.3603472186794061));
#426=IFCCARTESIANPOINT((-26.9874999999913,-10.715625000008496,6.1866689782831576));
#427=IFCCARTESIANPOINT((-26.987499999991311,-12.202382224933606,3.6115299261927203));
#428=IFCCARTESIANPOINT((-12.334385458836779,-12.334385458851548,3.680173609338746));
#429=IFCCARTESIANPOINT((26.987500000003831,10.117263957522846,7.2230607051086055));
#430=IFCCARTESIANPOINT((-26.987499999991233,10.715624999991503,6.1866689782833424));
#431=IFCCARTESIANPOINT((8.0078762959845431,-8.0078762959868097,-11.832437343098574));
#432=IFCCARTESIANPOINT((0.,0.,-14.28750000000187));
#433=IFCCARTESIANPOINT((-10.36767842940948,-10.367678429424259,-9.8307629528060314));
#434=IFCCARTESIANPOINT((-26.9874999999913,-10.715625000008382,-6.1866689782870479));
#435=IFCCARTESIANPOINT((-26.987499999991268,0.,-12.373337956572037));
#436=IFCCARTESIANPOINT((26.987500000003795,0.,-12.373337956572037));
#437=IFCCARTESIANPOINT((-12.327589214701593,-12.327589214716363,-4.9153814764040229));
#438=IFCCARTESIANPOINT((10.381270585791055,-10.381270585793319,-7.3603478440712582));
#439=IFCCARTESIANPOINT((26.987500000003763,-10.715625000008556,-6.1866689782870479));
#440=IFCCARTESIANPOINT((26.987500000003756,-12.202382076030332,-3.6115301841048368));
#441=IFCCARTESIANPOINT((12.334385292898682,-12.334385292900945,-3.6801739220366225));
#442=IFCCARTESIANPOINT((-26.987499999991233,10.715624999991624,-6.186668978286872));
#443=IFCCARTESIANPOINT((26.987500000003831,10.715624999991443,-6.1866689782868844));
#444=IFCCARTESIANPOINT((-14.287499999993685,-26.987500000008453,0.));
#445=IFCCARTESIANPOINT((-7.1437499999936618,-26.987500000008446,-12.373337956572053));
#446=IFCCARTESIANPOINT((7.143750000006329,-26.987500000008421,-12.37333795657203));
#447=IFCCARTESIANPOINT((14.28750000000632,-26.98750000000841,0.));
#448=IFCCARTESIANPOINT((7.1437500000061753,-26.987500000008421,12.373337956568383));
#449=IFCCARTESIANPOINT((-7.1437499999938128,-26.987500000008446,12.373337956568228));
#450=IFCCARTESIANPOINT((-10.117264448925052,-26.987500000008446,7.2230598539790689));
#451=IFCCARTESIANPOINT((-11.147688147982896,-11.147688147997666,5.9162186715464316));
#452=IFCCARTESIANPOINT((10.715625000006252,-26.987500000008417,6.186668978283298));
#453=IFCCARTESIANPOINT((0.,-26.987500000008431,12.373337956568307));
#454=IFCCARTESIANPOINT((10.117264429704711,-26.987500000008417,-7.223059887295233));
#455=IFCCARTESIANPOINT((11.147688147995423,-11.147688147997686,-5.9162186715501974));
#456=IFCCARTESIANPOINT((-10.715624999993672,-26.987500000008449,-6.1866689782869804));
#457=IFCCARTESIANPOINT((0.,-26.987500000008431,-12.373337956572042));
#458=IFCPOLYLOOP((#405,#421,#406,#430,#407,#442,#408,#435,#409,#434,#404,#427,#426));
#459=IFCFACEOUTERBOUND(#458,.T.);
#460=IFCFACE((#459));
#461=IFCPOLYLOOP((#411,#436,#412,#443,#413,#429,#414,#423,#415,#422,#410,#440,#439));
#462=IFCFACEOUTERBOUND(#461,.T.);
#463=IFCFACE((#462));
#464=IFCPOLYLOOP((#424,#410,#422));
#465=IFCFACEOUTERBOUND(#464,.T.);
#466=IFCFACE((#465));
#467=IFCPOLYLOOP((#419,#422,#415));
#468=IFCFACEOUTERBOUND(#467,.T.);
#469=IFCFACE((#468));
#470=IFCPOLYLOOP((#418,#415,#423,#414));
#471=IFCFACEOUTERBOUND(#470,.T.);
#472=IFCFACE((#471));
#473=IFCPOLYLOOP((#426,#427,#428));
#474=IFCFACEOUTERBOUND(#473,.T.);
#475=IFCFACE((#474));
#476=IFCPOLYLOOP((#405,#425,#417));
#477=IFCFACEOUTERBOUND(#476,.T.);
#478=IFCFACE((#477));
#479=IFCPOLYLOOP((#410,#424,#420));
#480=IFCFACEOUTERBOUND(#479,.T.);
#481=IFCFACE((#480));
#482=IFCPOLYLOOP((#404,#416,#427));
#483=IFCFACEOUTERBOUND(#482,.T.);
#484=IFCFACE((#483));
#485=IFCPOLYLOOP((#422,#419,#424));
#486=IFCFACEOUTERBOUND(#485,.T.);
#487=IFCFACE((#486));
#488=IFCPOLYLOOP((#415,#418,#419));
#489=IFCFACEOUTERBOUND(#488,.T.);
#490=IFCFACE((#489));
#491=IFCPOLYLOOP((#427,#416,#428));
#492=IFCFACEOUTERBOUND(#491,.T.);
#493=IFCFACE((#492));
#494=IFCPOLYLOOP((#426,#428,#451,#425));
#495=IFCFACEOUTERBOUND(#494,.T.);
#496=IFCFACE((#495));
#497=IFCPOLYLOOP((#406,#414,#429,#413,#407,#430));
#498=IFCFACEOUTERBOUND(#497,.T.);
#499=IFCFACE((#498));
#500=IFCPOLYLOOP((#417,#421,#405));
#501=IFCFACEOUTERBOUND(#500,.T.);
#502=IFCFACE((#501));
#503=IFCPOLYLOOP((#417,#418,#421));
#504=IFCFACEOUTERBOUND(#503,.T.);
#505=IFCFACE((#504));
#506=IFCPOLYLOOP((#425,#405,#426));
#507=IFCFACEOUTERBOUND(#506,.T.);
#508=IFCFACE((#507));
#509=IFCPOLYLOOP((#406,#418,#414));
#510=IFCFACEOUTERBOUND(#509,.T.);
#511=IFCFACE((#510));
#512=IFCPOLYLOOP((#418,#406,#421));
#513=IFCFACEOUTERBOUND(#512,.T.);
#514=IFCFACE((#513));
#515=IFCPOLYLOOP((#412,#408,#442,#407,#413,#443));
#516=IFCFACEOUTERBOUND(#515,.T.);
#517=IFCFACE((#516));
#518=IFCPOLYLOOP((#436,#411,#431));
#519=IFCFACEOUTERBOUND(#518,.T.);
#520=IFCFACE((#519));
#521=IFCPOLYLOOP((#408,#412,#432));
#522=IFCFACEOUTERBOUND(#521,.T.);
#523=IFCFACE((#522));
#524=IFCPOLYLOOP((#408,#432,#409,#435));
#525=IFCFACEOUTERBOUND(#524,.T.);
#526=IFCFACE((#525));
#527=IFCPOLYLOOP((#438,#411,#439));
#528=IFCFACEOUTERBOUND(#527,.T.);
#529=IFCFACE((#528));
#530=IFCPOLYLOOP((#431,#432,#436));
#531=IFCFACEOUTERBOUND(#530,.T.);
#532=IFCFACE((#531));
#533=IFCPOLYLOOP((#439,#440,#441));
#534=IFCFACEOUTERBOUND(#533,.T.);
#535=IFCFACE((#534));
#536=IFCPOLYLOOP((#438,#431,#411));
#537=IFCFACEOUTERBOUND(#536,.T.);
#538=IFCFACE((#537));
#539=IFCPOLYLOOP((#410,#420,#440));
#540=IFCFACEOUTERBOUND(#539,.T.);
#541=IFCFACE((#540));
#542=IFCPOLYLOOP((#434,#433,#437));
#543=IFCFACEOUTERBOUND(#542,.T.);
#544=IFCFACE((#543));
#545=IFCPOLYLOOP((#409,#433,#434));
#546=IFCFACEOUTERBOUND(#545,.T.);
#547=IFCFACE((#546));
#548=IFCPOLYLOOP((#409,#432,#433));
#549=IFCFACEOUTERBOUND(#548,.T.);
#550=IFCFACE((#549));
#551=IFCPOLYLOOP((#434,#437,#404));
#552=IFCFACEOUTERBOUND(#551,.T.);
#553=IFCFACE((#552));
#554=IFCPOLYLOOP((#432,#412,#436));
#555=IFCFACEOUTERBOUND(#554,.T.);
#556=IFCFACE((#555));
#557=IFCPOLYLOOP((#440,#420,#441));
#558=IFCFACEOUTERBOUND(#557,.T.);
#559=IFCFACE((#558));
#560=IFCPOLYLOOP((#404,#437,#416));
#561=IFCFACEOUTERBOUND(#560,.T.);
#562=IFCFACE((#561));
#563=IFCPOLYLOOP((#439,#441,#455,#438));
#564=IFCFACEOUTERBOUND(#563,.T.);
#565=IFCFACE((#564));
#566=IFCPOLYLOOP((#457,#446,#454,#447,#452,#448,#453,#449,#450,#444,#456,#445));
#567=IFCFACEOUTERBOUND(#566,.T.);
#568=IFCFACE((#567));
#569=IFCPOLYLOOP((#417,#450,#449));
#570=IFCFACEOUTERBOUND(#569,.T.);
#571=IFCFACE((#570));
#572=IFCPOLYLOOP((#416,#444,#450));
#573=IFCFACEOUTERBOUND(#572,.T.);
#574=IFCFACE((#573));
#575=IFCPOLYLOOP((#450,#417,#425,#451,#428,#416));
#576=IFCFACEOUTERBOUND(#575,.T.);
#577=IFCFACE((#576));
#578=IFCPOLYLOOP((#417,#449,#453));
#579=IFCFACEOUTERBOUND(#578,.T.);
#580=IFCFACE((#579));
#581=IFCPOLYLOOP((#419,#448,#452));
#582=IFCFACEOUTERBOUND(#581,.T.);
#583=IFCFACE((#582));
#584=IFCPOLYLOOP((#420,#452,#447));
#585=IFCFACEOUTERBOUND(#584,.T.);
#586=IFCFACE((#585));
#587=IFCPOLYLOOP((#417,#453,#418));
#588=IFCFACEOUTERBOUND(#587,.T.);
#589=IFCFACE((#588));
#590=IFCPOLYLOOP((#452,#420,#424,#419));
#591=IFCFACEOUTERBOUND(#590,.T.);
#592=IFCFACE((#591));
#593=IFCPOLYLOOP((#453,#448,#419));
#594=IFCFACEOUTERBOUND(#593,.T.);
#595=IFCFACE((#594));
#596=IFCPOLYLOOP((#453,#419,#418));
#597=IFCFACEOUTERBOUND(#596,.T.);
#598=IFCFACE((#597));
#599=IFCPOLYLOOP((#431,#454,#446));
#600=IFCFACEOUTERBOUND(#599,.T.);
#601=IFCFACE((#600));
#602=IFCPOLYLOOP((#420,#447,#454));
#603=IFCFACEOUTERBOUND(#602,.T.);
#604=IFCFACE((#603));
#605=IFCPOLYLOOP((#454,#431,#438,#455,#441,#420));
#606=IFCFACEOUTERBOUND(#605,.T.);
#607=IFCFACE((#606));
#608=IFCPOLYLOOP((#431,#446,#457));
#609=IFCFACEOUTERBOUND(#608,.T.);
#610=IFCFACE((#609));
#611=IFCPOLYLOOP((#433,#445,#456));
#612=IFCFACEOUTERBOUND(#611,.T.);
#613=IFCFACE((#612));
#614=IFCPOLYLOOP((#416,#456,#444));
#615=IFCFACEOUTERBOUND(#614,.T.);
#616=IFCFACE((#615));
#617=IFCPOLYLOOP((#431,#457,#432));
#618=IFCFACEOUTERBOUND(#617,.T.);
#619=IFCFACE((#618));
#620=IFCPOLYLOOP((#456,#416,#437,#433));
#621=IFCFACEOUTERBOUND(#620,.T.);
#622=IFCFACE((#621));
#623=IFCPOLYLOOP((#457,#445,#433));
#624=IFCFACEOUTERBOUND(#623,.T.);
#625=IFCFACE((#624));
#626=IFCPOLYLOOP((#457,#433,#432));
#627=IFCFACEOUTERBOUND(#626,.T.);
#628=IFCFACE((#627));
#629=IFCCLOSEDSHELL((#460,#463,#466,#469,#472,#475,#478,#481,#484,#487,#490,#493,#496,#499,#502,#505,#508,#511,#514,#517,#520,#523,#526,#529,#532,#535,#538,#541,#544,#547,#550,#553,#556,#559,#562,#565,#568,#571,#574,#577,#580,#583,#586,#589,#592,#595,#598,#601,#604,#607,#610,#613,#616,#619,#622,#625,#628));
#630=IFCFACETEDBREP(#629);
#631=IFCSHAPEREPRESENTATION(#24,'Body','Brep',(#630));
#632=IFCAXIS2PLACEMENT3D(#3,$,$);
#633=IFCREPRESENTATIONMAP(#632,#631);
#634=IFCPIPEFITTINGTYPE('1ypltef2j2Kg6fDpxy$s2b',#18,'Tee - Generic:Standard',$,$,(#653,#655),(#633),'784929',$,.NOTDEFINED.);
#635=IFCMATERIAL('<Unnamed>');
#636=IFCCARTESIANTRANSFORMATIONOPERATOR3D($,$,#3,1.,$);
#637=IFCMAPPEDITEM(#633,#636);
#638=IFCSHAPEREPRESENTATION(#24,'Body','MappedRepresentation',(#637));
#639=IFCPRODUCTDEFINITIONSHAPE($,$,(#638));
#640=IFCCARTESIANPOINT((1322.,3000.,-1500.));
#641=IFCAXIS2PLACEMENT3D(#640,#9,#6);
#642=IFCLOCALPLACEMENT(#50,#641);
#643=IFCFLOWFITTING('1iDZV_Brn0Z9GW0EFhI$jM',#18,'Tee - Generic:Standard:1214982',$,'Tee - Generic:Standard',#642,#639,'1214982');
#644=IFCPROPERTYSINGLEVALUE('Reference',$,IFCIDENTIFIER('Standard'),$);
#645=IFCPROPERTYSET('33xogcoq4jOzPnS2ZpdN5$',#18,'Pset_DistributionFlowElementCommon',$,(#644));
#646=IFCPROPERTYLISTVALUE('NominalDiameter',$,(IFCPOSITIVELENGTHMEASURE(25.400000000000002)),$);
#647=IFCPROPERTYSET('19rIXBGndIVCBHWkg3W87X',#18,'Pset_PipeFittingTypeCommon',$,(#646));
#648=IFCPROPERTYSET('1OqNkW51GNyKQ5$wKbP1Lj',#18,'Pset_QuantityTakeOff',$,(#644));
#649=IFCRELDEFINESBYPROPERTIES('0v4ho7$Yc7Ve7yktvfIMf3',#18,$,$,(#643),#645);
#650=IFCRELDEFINESBYPROPERTIES('1S$QzQeaJAeKjzs$Sk$Kih',#18,$,$,(#643),#647);
#651=IFCRELDEFINESBYPROPERTIES('2r9V92TK9N9sjZzyoPFvB_',#18,$,$,(#643),#648);
#652=IFCPROPERTYLISTVALUE('ConnectionType',$,(IFCTEXT('Generic')),$);
#653=IFCPROPERTYSET('31jOHnsPV1lkeC$dlXunX4',#18,'Pset_DuctConnection',$,(#652));
#654=IFCPROPERTYLISTVALUE('ConnectionType',$,(IFCLABEL('Generic')),$);
#655=IFCPROPERTYSET('1wQvQB_F8$YnUKIcqlxFLZ',#18,'Pset_PipeConnection',$,(#654));
#656=IFCAXIS2PLACEMENT3D(#3,$,$);
#657=IFCLOCALPLACEMENT(#50,#656);
#658=IFCCARTESIANPOINT((0.,0.));
#659=IFCAXIS2PLACEMENT2D(#658,#11);
#660=IFCCIRCLEPROFILEDEF(.AREA.,'Default',#659,16.700500000000002);
#661=IFCCARTESIANPOINT((918.55637904841353,3000.,-1500.));
#662=IFCAXIS2PLACEMENT3D(#661,#5,#8);
#663=IFCEXTRUDEDAREASOLID(#660,#662,#9,376.45612095158356);
#664=IFCSHAPEREPRESENTATION(#24,'Body','SweptSolid',(#663));
#665=IFCPRODUCTDEFINITIONSHAPE($,$,(#664));
#666=IFCFLOWSEGMENT('1iDZV_Brn0Z9GW0EFhI$jN',#18,'Pipe Types:Default:1214983',$,'Pipe Types:Default',#657,#665,'1214983');
#667=IFCPROPERTYSET('2F9dMysIWAtjJIm0DEZfPf',#18,'Pset_DistributionFlowElementCommon',$,(#104));
#668=IFCPROPERTYLISTVALUE('ConnectionType',$,(IFCTEXT('Generic')),$);
#669=IFCPROPERTYSET('0QYBPttv_xXhXdyFdDmiC_',#18,'Pset_DuctConnection',$,(#668));
#670=IFCPROPERTYSINGLEVALUE('Length',$,IFCPOSITIVELENGTHMEASURE(376.45612095158356),$);
#671=IFCPROPERTYSET('1SaszagLbo6$5VD$i61AKg',#18,'Pset_FlowSegmentDuctSegment',$,(#670));
#672=IFCPROPERTYSINGLEVALUE('Length',$,IFCPOSITIVELENGTHMEASURE(376.45612095158356),$);
#673=IFCPROPERTYSINGLEVALUE('InvertElevation',$,IFCLENGTHMEASURE(-613.32230000016818),$);
#674=IFCPROPERTYSET('2NqGWeHDdTrjcRjymIjEAN',#18,'Pset_FlowSegmentPipeSegment',$,(#672,#673));
#675=IFCPROPERTYLISTVALUE('ConnectionType',$,(IFCLABEL('Generic')),$);
#676=IFCPROPERTYSET('369RCdoGZE_J$cfTl9hCxK',#18,'Pset_PipeConnection',$,(#675));
#677=IFCPROPERTYSET('0feFr2M46M61aXp$6hp6FY',#18,'Pset_QuantityTakeOff',$,(#104));
#678=IFCRELDEFINESBYPROPERTIES('3ZlYMqzqp1aWvNYvXPH_Ly',#18,$,$,(#666),#667);
#679=IFCRELDEFINESBYPROPERTIES('2NANP1qNxuEcIqttrQ_PeO',#18,$,$,(#666),#669);
#680=IFCRELDEFINESBYPROPERTIES('13q1NetfANfUtbFnVkByTi',#18,$,$,(#666),#671);
#681=IFCRELDEFINESBYPROPERTIES('0DVofLtwWkocWFhpYe8et5',#18,$,$,(#666),#674);
#682=IFCRELDEFINESBYPROPERTIES('0z6taWWjgdkfimo1bRTPQx',#18,$,$,(#666),#676);
#683=IFCRELDEFINESBYPROPERTIES('3G$q58x4FNk$kWHyWwg3_k',#18,$,$,(#666),#677);
#684=IFCAXIS2PLACEMENT3D(#3,$,$);
#686=IFCCARTESIANPOINT((14.287500000025668,20.637499999996422,0.));
#687=IFCCARTESIANPOINT((10.102788136228511,20.637499999996429,-10.102788136204619));
#688=IFCCARTESIANPOINT((0.,20.63749999999645,-14.28750000000187));
#689=IFCCARTESIANPOINT((-10.102788136177077,20.637499999996471,-10.102788136204724));
#690=IFCCARTESIANPOINT((-14.287499999974337,20.637499999996479,0.));
#691=IFCCARTESIANPOINT((-10.102788136177148,20.637499999996471,10.102788136200918));
#692=IFCCARTESIANPOINT((0.,20.63749999999645,14.287499999998134));
#693=IFCCARTESIANPOINT((10.102788136228437,20.637499999996429,10.10278813620096));
#694=IFCCARTESIANPOINT((4.0582043329610125,-4.0582043329555111,0.));
#695=IFCCARTESIANPOINT((1.0991661967582269,-1.0991661967527611,-10.102788136204619));
#696=IFCCARTESIANPOINT((-6.0445838032417862,6.0445838032471846,-14.28750000000187));
#697=IFCCARTESIANPOINT((-13.188333803241839,13.188333803247165,-10.102788136204724));
#698=IFCCARTESIANPOINT((-16.147371939444692,16.147371939449986,0.));
#699=IFCCARTESIANPOINT((-13.188333803241889,13.188333803247215,10.102788136200918));
#700=IFCCARTESIANPOINT((-6.0445838032418626,6.044583803247261,14.287499999998134));
#701=IFCCARTESIANPOINT((1.0991661967581772,-1.0991661967527078,10.10278813620096));
#702=IFCCARTESIANPOINT((-20.637499999991029,-14.287500000020408,0.));
#703=IFCCARTESIANPOINT((-20.637499999991057,-10.10278813622325,-10.102788136204619));
#704=IFCCARTESIANPOINT((-20.637499999991118,0.,-14.28750000000187));
#705=IFCCARTESIANPOINT((-20.637499999991174,10.102788136182339,-10.102788136204724));
#706=IFCCARTESIANPOINT((-20.637499999991203,14.287499999979598,0.));
#707=IFCCARTESIANPOINT((-20.637499999991174,10.10278813618241,10.102788136200918));
#708=IFCCARTESIANPOINT((-20.637499999991118,0.,14.287499999998134));
#709=IFCCARTESIANPOINT((-20.637499999991057,-10.102788136223175,10.10278813620096));
#710=IFCPOLYLOOP((#694,#695,#687,#686));
#711=IFCFACEOUTERBOUND(#710,.T.);
#712=IFCFACE((#711));
#713=IFCPOLYLOOP((#695,#696,#688,#687));
#714=IFCFACEOUTERBOUND(#713,.T.);
#715=IFCFACE((#714));
#716=IFCPOLYLOOP((#696,#697,#689,#688));
#717=IFCFACEOUTERBOUND(#716,.T.);
#718=IFCFACE((#717));
#719=IFCPOLYLOOP((#697,#698,#690,#689));
#720=IFCFACEOUTERBOUND(#719,.T.);
#721=IFCFACE((#720));
#722=IFCPOLYLOOP((#698,#699,#691,#690));
#723=IFCFACEOUTERBOUND(#722,.T.);
#724=IFCFACE((#723));
#725=IFCPOLYLOOP((#699,#700,#692,#691));
#726=IFCFACEOUTERBOUND(#725,.T.);
#727=IFCFACE((#726));
#728=IFCPOLYLOOP((#700,#701,#693,#692));
#729=IFCFACEOUTERBOUND(#728,.T.);
#730=IFCFACE((#729));
#731=IFCPOLYLOOP((#701,#694,#686,#693));
#732=IFCFACEOUTERBOUND(#731,.T.);
#733=IFCFACE((#732));
#734=IFCPOLYLOOP((#702,#703,#695,#694));
#735=IFCFACEOUTERBOUND(#734,.T.);
#736=IFCFACE((#735));
#737=IFCPOLYLOOP((#703,#704,#696,#695));
#738=IFCFACEOUTERBOUND(#737,.T.);
#739=IFCFACE((#738));
#740=IFCPOLYLOOP((#704,#705,#697,#696));
#741=IFCFACEOUTERBOUND(#740,.T.);
#742=IFCFACE((#741));
#743=IFCPOLYLOOP((#705,#706,#698,#697));
#744=IFCFACEOUTERBOUND(#743,.T.);
#745=IFCFACE((#744));
#746=IFCPOLYLOOP((#706,#707,#699,#698));
#747=IFCFACEOUTERBOUND(#746,.T.);
#748=IFCFACE((#747));
#749=IFCPOLYLOOP((#707,#708,#700,#699));
#750=IFCFACEOUTERBOUND(#749,.T.);
#751=IFCFACE((#750));
#752=IFCPOLYLOOP((#708,#709,#701,#700));
#753=IFCFACEOUTERBOUND(#752,.T.);
#754=IFCFACE((#753));
#755=IFCPOLYLOOP((#709,#702,#694,#701));
#756=IFCFACEOUTERBOUND(#755,.T.);
#757=IFCFACE((#756));
#758=IFCPOLYLOOP((#686,#687,#688,#689,#690,#691,#692,#693));
#759=IFCFACEOUTERBOUND(#758,.T.);
#760=IFCFACE((#759));
#761=IFCPOLYLOOP((#709,#708,#707,#706,#705,#704,#703,#702));
#762=IFCFACEOUTERBOUND(#761,.T.);
#763=IFCFACE((#762));
#764=IFCCLOSEDSHELL((#712,#715,#718,#721,#724,#727,#730,#733,#736,#739,#742,#745,#748,#751,#754,#757,#760,#763));
#765=IFCFACETEDBREP(#764);
#766=IFCSHAPEREPRESENTATION(#24,'Body','Brep',(#765));
#767=IFCAXIS2PLACEMENT3D(#3,$,$);
#768=IFCREPRESENTATIONMAP(#767,#766);
#769=IFCPIPEFITTINGTYPE('1ypltef2j2Kg6fDpxy$s2U',#18,'Elbow - Generic:Standard',$,$,(#785,#787),(#768),'784922',$,.NOTDEFINED.);
#770=IFCMAPPEDITEM(#768,#636);
#771=IFCSHAPEREPRESENTATION(#24,'Body','MappedRepresentation',(#770));
#772=IFCPRODUCTDEFINITIONSHAPE($,$,(#771));
#773=IFCCARTESIANPOINT((1322.,3126.,-600.));
#774=IFCAXIS2PLACEMENT3D(#773,#6,#10);
#775=IFCLOCALPLACEMENT(#42,#774);
#776=IFCFLOWFITTING('1iDZV_Brn0Z9GW0EFhI$jQ',#18,'Elbow - Generic:Standard:1214986',$,'Elbow - Generic:Standard',#775,#772,'1214986');
#777=IFCPROPERTYSET('1twV_JrLl$cOTBXHloIH_F',#18,'Pset_DistributionFlowElementCommon',$,(#644));
#778=IFCPROPERTYLISTVALUE('NominalDiameter',$,(IFCPOSITIVELENGTHMEASURE(25.400000000000002)),$);
#779=IFCPROPERTYSET('2XNL_kOVMIlX$GQ4Lk6kv4',#18,'Pset_PipeFittingTypeCommon',$,(#778));
#780=IFCPROPERTYSET('3Zct4WurHE00wQRh5ljnWF',#18,'Pset_QuantityTakeOff',$,(#644));
#781=IFCRELDEFINESBYPROPERTIES('2NyACJ93hCsf6VL1srX3qI',#18,$,$,(#776),#777);
#782=IFCRELDEFINESBYPROPERTIES('2uhYercz5R0CSXWBVYX0oY',#18,$,$,(#776),#779);
#783=IFCRELDEFINESBYPROPERTIES('1fx3qSlb2PI71wcoU0DIdj',#18,$,$,(#776),#780);
#784=IFCPROPERTYLISTVALUE('ConnectionType',$,(IFCTEXT('Generic')),$);
#785=IFCPROPERTYSET('28hBNlTFdhciuSkE9t1wij',#18,'Pset_DuctConnection',$,(#784));
#786=IFCPROPERTYLISTVALUE('ConnectionType',$,(IFCLABEL('Generic')),$);
#787=IFCPROPERTYSET('3jjZ0GuJiLsP6b6rhmz1HA',#18,'Pset_PipeConnection',$,(#786));
#788=IFCAXIS2PLACEMENT3D(#3,$,$);
#789=IFCLOCALPLACEMENT(#50,#788);
#790=IFCCARTESIANPOINT((2.4364510409213838E-12,-1.3535839116229576E-13));
#791=IFCAXIS2PLACEMENT2D(#790,#11);
#792=IFCCIRCLEPROFILEDEF(.AREA.,'Default',#791,16.700500000000002);
#793=IFCCARTESIANPOINT((1322.,2894.6374999998889,-1400.));
#794=IFCAXIS2PLACEMENT3D(#793,#7,#6);
#795=IFCEXTRUDEDAREASOLID(#792,#794,#9,78.375000000046612);
#796=IFCSHAPEREPRESENTATION(#24,'Body','SweptSolid',(#795));
#797=IFCPRODUCTDEFINITIONSHAPE($,$,(#796));
#798=IFCFLOWSEGMENT('1iDZV_Brn0Z9GW0EFhI$ju',#18,'Pipe Types:Default:1215016',$,'Pipe Types:Default',#789,#797,'1215016');
#799=IFCPROPERTYSET('0AICL$kNqMGCi6WZVW2Cy1',#18,'Pset_DistributionFlowElementCommon',$,(#104));
#800=IFCPROPERTYLISTVALUE('ConnectionType',$,(IFCTEXT('Generic')),$);
#801=IFCPROPERTYSET('0Qjp0JhlF5bCUuGLdqL7A_',#18,'Pset_DuctConnection',$,(#800));
#802=IFCPROPERTYSINGLEVALUE('Length',$,IFCPOSITIVELENGTHMEASURE(78.375000000046612),$);
#803=IFCPROPERTYSET('0wToPgnNSWKvbC1sexe0lJ',#18,'Pset_FlowSegmentDuctSegment',$,(#802));
#804=IFCPROPERTYSINGLEVALUE('Length',$,IFCPOSITIVELENGTHMEASURE(78.375000000046612),$);
#805=IFCPROPERTYSINGLEVALUE('InvertElevation',$,IFCLENGTHMEASURE(-513.32230000002562),$);
#806=IFCPROPERTYSET('2wrrvJN6rdhFNuLof9ht4i',#18,'Pset_FlowSegmentPipeSegment',$,(#804,#805));
#807=IFCPROPERTYLISTVALUE('ConnectionType',$,(IFCLABEL('Generic')),$);
#808=IFCPROPERTYSET('1Ok_61CEj9NINmnhHkTM1S',#18,'Pset_PipeConnection',$,(#807));
#809=IFCPROPERTYSET('0B$0xUJMBr7QAixoNWjoz0',#18,'Pset_QuantityTakeOff',$,(#104));
#810=IFCRELDEFINESBYPROPERTIES('2GZXwiZol$ffyhXZVLzoFh',#18,$,$,(#798),#799);
#811=IFCRELDEFINESBYPROPERTIES('3FhhOf32tUOyCgluqaVmwd',#18,$,$,(#798),#801);
#812=IFCRELDEFINESBYPROPERTIES('3EDfc6rIjyd5rqGTxf1cB5',#18,$,$,(#798),#803);
#813=IFCRELDEFINESBYPROPERTIES('2zyESk7mZnfKmDHo9aXo2T',#18,$,$,(#798),#806);
#814=IFCRELDEFINESBYPROPERTIES('3etKUa_MAxm9wQHgbzw$J_',#18,$,$,(#798),#808);
#815=IFCRELDEFINESBYPROPERTIES('06lKl9q6XccVD6Wro12eMK',#18,$,$,(#798),#809);
#816=IFCMAPPEDITEM(#633,#636);
#817=IFCSHAPEREPRESENTATION(#24,'Body','MappedRepresentation',(#816));
#818=IFCPRODUCTDEFINITIONSHAPE($,$,(#817));
#819=IFCCARTESIANPOINT((1322.,3000.,-1400.));
#820=IFCAXIS2PLACEMENT3D(#819,#10,#6);
#821=IFCLOCALPLACEMENT(#50,#820);
#822=IFCFLOWFITTING('1iDZV_Brn0Z9GW0EFhI$ja',#18,'Tee - Generic:Standard:1215028',$,'Tee - Generic:Standard',#821,#818,'1215028');
#823=IFCPROPERTYSET('39TklXaj4TlxZXpjf7QeEE',#18,'Pset_DistributionFlowElementCommon',$,(#644));
#824=IFCPROPERTYLISTVALUE('NominalDiameter',$,(IFCPOSITIVELENGTHMEASURE(25.400000000000002)),$);
#825=IFCPROPERTYSET('1SPibcdckwhbwOgW99glFp',#18,'Pset_PipeFittingTypeCommon',$,(#824));
#826=IFCPROPERTYSET('3KmdOCXPOyZz4V4MR9Cr3H',#18,'Pset_QuantityTakeOff',$,(#644));
#827=IFCRELDEFINESBYPROPERTIES('3rZ8bOaXQAFNuY$U2UAjAw',#18,$,$,(#822),#823);
#828=IFCRELDEFINESBYPROPERTIES('0XpZCZr7a2M_wLpm2MXCK1',#18,$,$,(#822),#825);
#829=IFCRELDEFINESBYPROPERTIES('0BgvEzn2zEolMNPUFCwp7$',#18,$,$,(#822),#826);
#830=IFCAXIS2PLACEMENT3D(#3,$,$);
#831=IFCLOCALPLACEMENT(#50,#830);
#832=IFCCARTESIANPOINT((0.,0.));
#833=IFCAXIS2PLACEMENT2D(#832,#11);
#834=IFCCIRCLEPROFILEDEF(.AREA.,'Default',#833,16.700500000000002);
#835=IFCCARTESIANPOINT((918.55637904841399,3000.,-1400.));
#836=IFCAXIS2PLACEMENT3D(#835,#5,#8);
#837=IFCEXTRUDEDAREASOLID(#834,#836,#9,376.45612095157941);
#838=IFCSHAPEREPRESENTATION(#24,'Body','SweptSolid',(#837));
#839=IFCPRODUCTDEFINITIONSHAPE($,$,(#838));
#840=IFCFLOWSEGMENT('1iDZV_Brn0Z9GW0EFhI$jb',#18,'Pipe Types:Default:1215029',$,'Pipe Types:Default',#831,#839,'1215029');
#841=IFCPROPERTYSET('2iePjztY5cSgmq25Jr85Kd',#18,'Pset_DistributionFlowElementCommon',$,(#104));
#842=IFCPROPERTYLISTVALUE('ConnectionType',$,(IFCTEXT('Generic')),$);
#843=IFCPROPERTYSET('1wHDu1Lhct8CZ6WL_ZvM_v',#18,'Pset_DuctConnection',$,(#842));
#844=IFCPROPERTYSINGLEVALUE('Length',$,IFCPOSITIVELENGTHMEASURE(376.45612095157941),$);
#845=IFCPROPERTYSET('2H7WsTBMIggCwCOoURTwU0',#18,'Pset_FlowSegmentDuctSegment',$,(#844));
#846=IFCPROPERTYSINGLEVALUE('Length',$,IFCPOSITIVELENGTHMEASURE(376.45612095157941),$);
#847=IFCPROPERTYSINGLEVALUE('InvertElevation',$,IFCLENGTHMEASURE(-513.32230000000004),$);
#848=IFCPROPERTYSET('0gWUIaMFOeO0C6RrefmC9d',#18,'Pset_FlowSegmentPipeSegment',$,(#846,#847));
#849=IFCPROPERTYLISTVALUE('ConnectionType',$,(IFCLABEL('Generic')),$);
#850=IFCPROPERTYSET('3mMxbBqTGjzC0KNsvdbM7S',#18,'Pset_PipeConnection',$,(#849));
#851=IFCPROPERTYSET('33i0anldvZ$uVp2VDdY5NX',#18,'Pset_QuantityTakeOff',$,(#104));
#852=IFCRELDEFINESBYPROPERTIES('1_hjdWUM33hL9cJ0BQxBiS',#18,$,$,(#840),#841);
#853=IFCRELDEFINESBYPROPERTIES('301_StIUg_OZs1v_tgcOL1',#18,$,$,(#840),#843);
#854=IFCRELDEFINESBYPROPERTIES('0olgB5MPbv0AtXjF8p66Z3',#18,$,$,(#840),#845);
#855=IFCRELDEFINESBYPROPERTIES('3rECZ0MCIh12Mc9Dd2mjfU',#18,$,$,(#840),#848);
#856=IFCRELDEFINESBYPROPERTIES('2my5sVsTjFoIcPdOSGGLOI',#18,$,$,(#840),#850);
#857=IFCRELDEFINESBYPROPERTIES('3_xSQ8cgQekna2lGPt27Ka',#18,$,$,(#840),#851);
#858=IFCMAPPEDITEM(#768,#636);
#859=IFCSHAPEREPRESENTATION(#24,'Body','MappedRepresentation',(#858));
#860=IFCPRODUCTDEFINITIONSHAPE($,$,(#859));
#861=IFCCARTESIANPOINT((1322.,2874.,-500.));
#862=IFCAXIS2PLACEMENT3D(#861,#5,#10);
#863=IFCLOCALPLACEMENT(#42,#862);
#864=IFCFLOWFITTING('1iDZV_Brn0Z9GW0EFhI$je',#18,'Elbow - Generic:Standard:1215032',$,'Elbow - Generic:Standard',#863,#860,'1215032');
#865=IFCPROPERTYSET('2IR7CVnuit5IUhqrIkIyl2',#18,'Pset_DistributionFlowElementCommon',$,(#644));
#866=IFCPROPERTYLISTVALUE('NominalDiameter',$,(IFCPOSITIVELENGTHMEASURE(25.400000000000002)),$);
#867=IFCPROPERTYSET('0UVzieWbIuGoZ$zkEER5M2',#18,'Pset_PipeFittingTypeCommon',$,(#866));
#868=IFCPROPERTYSET('2BLvDlQu4Ol2cplpNBuioO',#18,'Pset_QuantityTakeOff',$,(#644));
#869=IFCRELDEFINESBYPROPERTIES('0cnocMhJwyYVBLS$$AOAp3',#18,$,$,(#864),#865);
#870=IFCRELDEFINESBYPROPERTIES('1NMJ4ggpevsf2ITZhzcyF9',#18,$,$,(#864),#867);
#871=IFCRELDEFINESBYPROPERTIES('03hmRb$VHoDT0XwvRaGq19',#18,$,$,(#864),#868);
#872=IFCAXIS2PLACEMENT3D(#3,$,$);
#873=IFCLOCALPLACEMENT(#50,#872);
#874=IFCCARTESIANPOINT((2.4364510409213838E-12,-1.3535839116229578E-13));
#875=IFCAXIS2PLACEMENT2D(#874,#11);
#876=IFCCIRCLEPROFILEDEF(.AREA.,'Default',#875,16.700500000000002);
#877=IFCCARTESIANPOINT((1531.4999999999886,2894.6374999998893,-1500.));
#878=IFCAXIS2PLACEMENT3D(#877,#7,#6);
#879=IFCEXTRUDEDAREASOLID(#876,#878,#9,78.375000000059615);
#880=IFCSHAPEREPRESENTATION(#24,'Body','SweptSolid',(#879));
#881=IFCPRODUCTDEFINITIONSHAPE($,$,(#880));
#882=IFCFLOWSEGMENT('1iDZV_Brn0Z9GW0EFhI$e6',#18,'Pipe Types:Default:1215318',$,'Pipe Types:Default',#873,#881,'1215318');
#883=IFCPROPERTYSET('0lYJ8vc3D$aRQm7ZZbggZh',#18,'Pset_DistributionFlowElementCommon',$,(#104));
#884=IFCPROPERTYLISTVALUE('ConnectionType',$,(IFCTEXT('Generic')),$);
#885=IFCPROPERTYSET('0sgqChWTIHAoJlw5XRTvJg',#18,'Pset_DuctConnection',$,(#884));
#886=IFCPROPERTYSINGLEVALUE('Length',$,IFCPOSITIVELENGTHMEASURE(78.375000000059615),$);
#887=IFCPROPERTYSET('2IYAB$7EoGahacn23Rmq2E',#18,'Pset_FlowSegmentDuctSegment',$,(#886));
#888=IFCPROPERTYSINGLEVALUE('Length',$,IFCPOSITIVELENGTHMEASURE(78.375000000059615),$);
#889=IFCPROPERTYSINGLEVALUE('InvertElevation',$,IFCLENGTHMEASURE(-613.32230000002562),$);
#890=IFCPROPERTYSET('0aKM7_RKI6ODRQSSoa4GC4',#18,'Pset_FlowSegmentPipeSegment',$,(#888,#889));
#891=IFCPROPERTYLISTVALUE('ConnectionType',$,(IFCLABEL('Generic')),$);
#892=IFCPROPERTYSET('0k38IE9uP6QyoXIL0bUEPt',#18,'Pset_PipeConnection',$,(#891));
#893=IFCPROPERTYSET('0r9eYIsH$U$e5zj$gIrvPu',#18,'Pset_QuantityTakeOff',$,(#104));
#894=IFCRELDEFINESBYPROPERTIES('0icB0u4ogBdnT3cZ22nUYl',#18,$,$,(#882),#883);
#895=IFCRELDEFINESBYPROPERTIES('2hb8R2pkpQDlgYq$fKygjh',#18,$,$,(#882),#885);
#896=IFCRELDEFINESBYPROPERTIES('0HlYcxwC_MqaaXVKpxvaLa',#18,$,$,(#882),#887);
#897=IFCRELDEFINESBYPROPERTIES('24zsQeKUzGOSzd6FpWcrfW',#18,$,$,(#882),#890);
#898=IFCRELDEFINESBYPROPERTIES('1oWS2V7FlyYYm4MENAy1nk',#18,$,$,(#882),#892);
#899=IFCRELDEFINESBYPROPERTIES('0juythJ6HBFXX80kHw4uz4',#18,$,$,(#882),#893);
#900=IFCMAPPEDITEM(#633,#636);
#901=IFCSHAPEREPRESENTATION(#24,'Body','MappedRepresentation',(#900));
#902=IFCPRODUCTDEFINITIONSHAPE($,$,(#901));
#903=IFCCARTESIANPOINT((1531.4999999999986,3000.,-1500.));
#904=IFCAXIS2PLACEMENT3D(#903,#10,#6);
#905=IFCLOCALPLACEMENT(#50,#904);
#906=IFCFLOWFITTING('1iDZV_Brn0Z9GW0EFhI$eo',#18,'Tee - Generic:Standard:1215330',$,'Tee - Generic:Standard',#905,#902,'1215330');
#907=IFCPROPERTYSET('0R3u1qcZnesv1S9ZV9tyg5',#18,'Pset_DistributionFlowElementCommon',$,(#644));
#908=IFCPROPERTYLISTVALUE('NominalDiameter',$,(IFCPOSITIVELENGTHMEASURE(25.400000000000002)),$);
#909=IFCPROPERTYSET('0ptHu3ayhyknZvqtYXH33g',#18,'Pset_PipeFittingTypeCommon',$,(#908));
#910=IFCPROPERTYSET('1__75MKSQMUjK8pdO$5huZ',#18,'Pset_QuantityTakeOff',$,(#644));
#911=IFCRELDEFINESBYPROPERTIES('25XnRcagrw56R8NqJ0fAD4',#18,$,$,(#906),#907);
#912=IFCRELDEFINESBYPROPERTIES('2tzTjBTe2HNvf1yJK6YxJs',#18,$,$,(#906),#909);
#913=IFCRELDEFINESBYPROPERTIES('3jtXj5S5YVOtyCjGsp9NW9',#18,$,$,(#906),#910);
#914=IFCAXIS2PLACEMENT3D(#3,$,$);
#915=IFCLOCALPLACEMENT(#50,#914);
#916=IFCCARTESIANPOINT((0.,0.));
#917=IFCAXIS2PLACEMENT2D(#916,#11);
#918=IFCCIRCLEPROFILEDEF(.AREA.,'Default',#917,16.700500000000002);
#919=IFCCARTESIANPOINT((1348.9874999999922,3000.,-1500.));
#920=IFCAXIS2PLACEMENT3D(#919,#5,#8);
#921=IFCEXTRUDEDAREASOLID(#918,#920,#9,155.52499999999631);
#922=IFCSHAPEREPRESENTATION(#24,'Body','SweptSolid',(#921));
#923=IFCPRODUCTDEFINITIONSHAPE($,$,(#922));
#924=IFCFLOWSEGMENT('1iDZV_Brn0Z9GW0EFhI$ep',#18,'Pipe Types:Default:1215331',$,'Pipe Types:Default',#915,#923,'1215331');
#925=IFCPROPERTYSET('2pQZ7bBx03dPJEHQ_KE5Er',#18,'Pset_DistributionFlowElementCommon',$,(#104));
#926=IFCPROPERTYLISTVALUE('ConnectionType',$,(IFCTEXT('Generic')),$);
#927=IFCPROPERTYSET('1br1qC9PJjdOngcaKwrGOF',#18,'Pset_DuctConnection',$,(#926));
#928=IFCPROPERTYSINGLEVALUE('Length',$,IFCPOSITIVELENGTHMEASURE(155.52499999999631),$);
#929=IFCPROPERTYSET('1lqIuK8$OuHXo0fbo72Ugy',#18,'Pset_FlowSegmentDuctSegment',$,(#928));
#930=IFCPROPERTYSINGLEVALUE('Length',$,IFCPOSITIVELENGTHMEASURE(155.52499999999631),$);
#931=IFCPROPERTYSINGLEVALUE('InvertElevation',$,IFCLENGTHMEASURE(-613.32230000000254),$);
#932=IFCPROPERTYSET('16WEsooEsrff1rn42EhVSq',#18,'Pset_FlowSegmentPipeSegment',$,(#930,#931));
#933=IFCPROPERTYLISTVALUE('ConnectionType',$,(IFCLABEL('Generic')),$);
#934=IFCPROPERTYSET('0n8aVF1yOe1YFPpvcOPzE0',#18,'Pset_PipeConnection',$,(#933));
#935=IFCPROPERTYSET('1_GDxc5nxxCAxqibN9Fv7I',#18,'Pset_QuantityTakeOff',$,(#104));
#936=IFCRELDEFINESBYPROPERTIES('3c3ZtdUxXZjkCE7TCgX3dn',#18,$,$,(#924),#925);
#937=IFCRELDEFINESBYPROPERTIES('2lS1Zl9qsx2qnlo$QhcjRT',#18,$,$,(#924),#927);
#938=IFCRELDEFINESBYPROPERTIES('1YePxpnHRdFPDToUf_h5Ly',#18,$,$,(#924),#929);
#939=IFCRELDEFINESBYPROPERTIES('0z00nhvh$qbHdiZwWtv146',#18,$,$,(#924),#932);
#940=IFCRELDEFINESBYPROPERTIES('0NwakqY0sFY8PBPTVF2J$B',#18,$,$,(#924),#934);
#941=IFCRELDEFINESBYPROPERTIES('2Q7MsndmdAk1LNPjRnyxeP',#18,$,$,(#924),#935);
#942=IFCMAPPEDITEM(#768,#636);
#943=IFCSHAPEREPRESENTATION(#24,'Body','MappedRepresentation',(#942));
#944=IFCPRODUCTDEFINITIONSHAPE($,$,(#943));
#945=IFCCARTESIANPOINT((1531.4999999999907,2874.,-600.));
#946=IFCAXIS2PLACEMENT3D(#945,#5,#10);
#947=IFCLOCALPLACEMENT(#42,#946);
#948=IFCFLOWFITTING('1iDZV_Brn0Z9GW0EFhI$es',#18,'Elbow - Generic:Standard:1215334',$,'Elbow - Generic:Standard',#947,#944,'1215334');
#949=IFCPROPERTYSET('2Up8EWfZqiM5lXTdC05e$H',#18,'Pset_DistributionFlowElementCommon',$,(#644));
#950=IFCPROPERTYLISTVALUE('NominalDiameter',$,(IFCPOSITIVELENGTHMEASURE(25.400000000000002)),$);
#951=IFCPROPERTYSET('0Kb5KrphRqCM7JdeLsmKUc',#18,'Pset_PipeFittingTypeCommon',$,(#950));
#952=IFCPROPERTYSET('29BHjZFU$eEqXFnt_UPgF9',#18,'Pset_QuantityTakeOff',$,(#644));
#953=IFCRELDEFINESBYPROPERTIES('18f1cZdSKopzxsQzqQ_rZ7',#18,$,$,(#948),#949);
#954=IFCRELDEFINESBYPROPERTIES('1iveqPlmQdYlqh1zjmknrs',#18,$,$,(#948),#951);
#955=IFCRELDEFINESBYPROPERTIES('14YH$VfjSnEVlqGhWl286p',#18,$,$,(#948),#952);
#956=IFCAXIS2PLACEMENT3D(#3,$,$);
#957=IFCLOCALPLACEMENT(#50,#956);
#958=IFCCARTESIANPOINT((0.,0.));
#959=IFCAXIS2PLACEMENT2D(#958,#11);
#960=IFCCIRCLEPROFILEDEF(.AREA.,'Default',#959,16.700500000000002);
#961=IFCCARTESIANPOINT((1531.4999999999984,3026.9874999999438,-1400.));
#962=IFCAXIS2PLACEMENT3D(#961,#7,#5);
#963=IFCEXTRUDEDAREASOLID(#960,#962,#9,78.37500000005528);
#964=IFCSHAPEREPRESENTATION(#24,'Body','SweptSolid',(#963));
#965=IFCPRODUCTDEFINITIONSHAPE($,$,(#964));
#966=IFCFLOWSEGMENT('1iDZV_Brn0Z9GW0EFhI$ex',#18,'Pipe Types:Default:1215339',$,'Pipe Types:Default',#957,#965,'1215339');
#967=IFCPROPERTYSET('20gHnJYa8pzAspHqbXxXnL',#18,'Pset_DistributionFlowElementCommon',$,(#104));
#968=IFCPROPERTYLISTVALUE('ConnectionType',$,(IFCTEXT('Generic')),$);
#969=IFCPROPERTYSET('3h29l33U5EeiRak8o_tdHO',#18,'Pset_DuctConnection',$,(#968));
#970=IFCPROPERTYSINGLEVALUE('Length',$,IFCPOSITIVELENGTHMEASURE(78.37500000005528),$);
#971=IFCPROPERTYSET('1SCm3EmA15KoKAu2akV9eV',#18,'Pset_FlowSegmentDuctSegment',$,(#970));
#972=IFCPROPERTYSINGLEVALUE('Length',$,IFCPOSITIVELENGTHMEASURE(78.37500000005528),$);
#973=IFCPROPERTYSINGLEVALUE('InvertElevation',$,IFCLENGTHMEASURE(-513.32230000002562),$);
#974=IFCPROPERTYSET('0lQDUkaAq0j_JRDK67q0Bz',#18,'Pset_FlowSegmentPipeSegment',$,(#972,#973));
#975=IFCPROPERTYLISTVALUE('ConnectionType',$,(IFCLABEL('Generic')),$);
#976=IFCPROPERTYSET('2E9_KpoYQvjWKVI_0ONr26',#18,'Pset_PipeConnection',$,(#975));
#977=IFCPROPERTYSET('1OiwQ$oWZQoSYVoYXYLNYN',#18,'Pset_QuantityTakeOff',$,(#104));
#978=IFCRELDEFINESBYPROPERTIES('1_JzhBbeAwbNnKruaaz_3c',#18,$,$,(#966),#967);
#979=IFCRELDEFINESBYPROPERTIES('0Hm6bPTfNup3OYXrnPp6OX',#18,$,$,(#966),#969);
#980=IFCRELDEFINESBYPROPERTIES('2ADmaibAPSNEUCJhymSSxX',#18,$,$,(#966),#971);
#981=IFCRELDEFINESBYPROPERTIES('34U7yNrptaDOtALBMf5D3a',#18,$,$,(#966),#974);
#982=IFCRELDEFINESBYPROPERTIES('1fh$MPFvsgaQvpTd0NNmJa',#18,$,$,(#966),#976);
#983=IFCRELDEFINESBYPROPERTIES('210AItMW3rFQsxJiL_7Tx8',#18,$,$,(#966),#977);
#984=IFCMAPPEDITEM(#633,#636);
#985=IFCSHAPEREPRESENTATION(#24,'Body','MappedRepresentation',(#984));
#986=IFCPRODUCTDEFINITIONSHAPE($,$,(#985));
#987=IFCCARTESIANPOINT((1531.5000000000109,3000.,-1400.));
#988=IFCAXIS2PLACEMENT3D(#987,#9,#6);
#989=IFCLOCALPLACEMENT(#50,#988);
#990=IFCFLOWFITTING('1iDZV_Brn0Z9GW0EFhI$ed',#18,'Tee - Generic:Standard:1215351',$,'Tee - Generic:Standard',#989,#986,'1215351');
#991=IFCPROPERTYSET('0CYf4ZC5dGheeoVLtRmwGJ',#18,'Pset_DistributionFlowElementCommon',$,(#644));
#992=IFCPROPERTYLISTVALUE('NominalDiameter',$,(IFCPOSITIVELENGTHMEASURE(25.400000000000002)),$);
#993=IFCPROPERTYSET('16oWhjBMkgQDVMUmwOGw18',#18,'Pset_PipeFittingTypeCommon',$,(#992));
#994=IFCPROPERTYSET('2qAZwqQia7Sf6XMIIXUHPL',#18,'Pset_QuantityTakeOff',$,(#644));
#995=IFCRELDEFINESBYPROPERTIES('2CAjrHpiQlE5NfaFx1zYeZ',#18,$,$,(#990),#991);
#996=IFCRELDEFINESBYPROPERTIES('02qqJgSxLNp4VeUpao_oAj',#18,$,$,(#990),#993);
#997=IFCRELDEFINESBYPROPERTIES('2rGk7AP43hDLHYecLzjrRc',#18,$,$,(#990),#994);
#998=IFCAXIS2PLACEMENT3D(#3,$,$);
#999=IFCLOCALPLACEMENT(#50,#998);
#1000=IFCCARTESIANPOINT((0.,0.));
#1001=IFCAXIS2PLACEMENT2D(#1000,#11);
#1002=IFCCIRCLEPROFILEDEF(.AREA.,'Default',#1001,16.700500000000002);
#1003=IFCCARTESIANPOINT((1348.9874999999884,3000.,-1400.));
#1004=IFCAXIS2PLACEMENT3D(#1003,#5,#8);
#1005=IFCEXTRUDEDAREASOLID(#1002,#1004,#9,155.52500000001228);
#1006=IFCSHAPEREPRESENTATION(#24,'Body','SweptSolid',(#1005));
#1007=IFCPRODUCTDEFINITIONSHAPE($,$,(#1006));
#1008=IFCFLOWSEGMENT('1iDZV_Brn0Z9GW0EFhI$ee',#18,'Pipe Types:Default:1215352',$,'Pipe Types:Default',#999,#1007,'1215352');
#1009=IFCPROPERTYSET('2fovSNKqHFwZLr6qynXl2e',#18,'Pset_DistributionFlowElementCommon',$,(#104));
#1010=IFCPROPERTYLISTVALUE('ConnectionType',$,(IFCTEXT('Generic')),$);
#1011=IFCPROPERTYSET('3USZMv3_HT6o$Gom2oOyXK',#18,'Pset_DuctConnection',$,(#1010));
#1012=IFCPROPERTYSINGLEVALUE('Length',$,IFCPOSITIVELENGTHMEASURE(155.52500000001228),$);
#1013=IFCPROPERTYSET('35MOPJmYCJPURZrcO86txD',#18,'Pset_FlowSegmentDuctSegment',$,(#1012));
#1014=IFCPROPERTYSINGLEVALUE('Length',$,IFCPOSITIVELENGTHMEASURE(155.52500000001228),$);
#1015=IFCPROPERTYSINGLEVALUE('InvertElevation',$,IFCLENGTHMEASURE(-513.32230000000243),$);
#1016=IFCPROPERTYSET('2UWXln3KUkMHssNVjM108x',#18,'Pset_FlowSegmentPipeSegment',$,(#1014,#1015));
#1017=IFCPROPERTYLISTVALUE('ConnectionType',$,(IFCLABEL('Generic')),$);
#1018=IFCPROPERTYSET('1gG0iDHINBu6mLbpCpzRjf',#18,'Pset_PipeConnection',$,(#1017));
#1019=IFCPROPERTYSET('2zmlAxk3XK8azqrOEuiJpU',#18,'Pset_QuantityTakeOff',$,(#104));
#1020=IFCRELDEFINESBYPROPERTIES('1HbtKIHfUDP09wI80DPEKf',#18,$,$,(#1008),#1009);
#1021=IFCRELDEFINESBYPROPERTIES('3KWllGbYXzcxKk3owKbVT4',#18,$,$,(#1008),#1011);
#1022=IFCRELDEFINESBYPROPERTIES('04xCIt55Ty3JYpCn2VElK1',#18,$,$,(#1008),#1013);
#1023=IFCRELDEFINESBYPROPERTIES('1dZIxqXVf3WxK89TcavS7Y',#18,$,$,(#1008),#1016);
#1024=IFCRELDEFINESBYPROPERTIES('2fmmGFcyjHRordye_iee7J',#18,$,$,(#1008),#1018);
#1025=IFCRELDEFINESBYPROPERTIES('1Fv3zJGf6G5evss0mdat3I',#18,$,$,(#1008),#1019);
#1026=IFCMAPPEDITEM(#768,#636);
#1027=IFCSHAPEREPRESENTATION(#24,'Body','MappedRepresentation',(#1026));
#1028=IFCPRODUCTDEFINITIONSHAPE($,$,(#1027));
#1029=IFCCARTESIANPOINT((1531.5000000000061,3126.,-500.));
#1030=IFCAXIS2PLACEMENT3D(#1029,#6,#10);
#1031=IFCLOCALPLACEMENT(#42,#1030);
#1032=IFCFLOWFITTING('1iDZV_Brn0Z9GW0EFhI$eh',#18,'Elbow - Generic:Standard:1215355',$,'Elbow - Generic:Standard',#1031,#1028,'1215355');
#1033=IFCPROPERTYSET('0yrhgK1is4tjyj4GHtnJ14',#18,'Pset_DistributionFlowElementCommon',$,(#644));
#1034=IFCPROPERTYLISTVALUE('NominalDiameter',$,(IFCPOSITIVELENGTHMEASURE(25.400000000000002)),$);
#1035=IFCPROPERTYSET('1Ab1MY5dQ_KsKqA35LIKsv',#18,'Pset_PipeFittingTypeCommon',$,(#1034));
#1036=IFCPROPERTYSET('2qltj69DtGLn_XYIMW1X5j',#18,'Pset_QuantityTakeOff',$,(#644));
#1037=IFCRELDEFINESBYPROPERTIES('3BSNqETBLZ8Dfay7QZ_LQz',#18,$,$,(#1032),#1033);
#1038=IFCRELDEFINESBYPROPERTIES('0$NXpD5HDxfTea3onavVrd',#18,$,$,(#1032),#1035);
#1039=IFCRELDEFINESBYPROPERTIES('0UG$GN05tEFVUehEJ2j4AQ',#18,$,$,(#1032),#1036);
#1040=IFCMAPPEDITEM(#633,#636);
#1041=IFCSHAPEREPRESENTATION(#24,'Body','MappedRepresentation',(#1040));
#1042=IFCPRODUCTDEFINITIONSHAPE($,$,(#1041));
#1043=IFCCARTESIANPOINT((1531.4999999999616,2874.,0.));
#1044=IFCAXIS2PLACEMENT3D(#1043,#6,#9);
#1045=IFCLOCALPLACEMENT(#50,#1044);
#1046=IFCFLOWFITTING('1iDZV_Brn0Z9GW0EFhI$hd',#18,'Tee - Generic:Standard:1215415',$,'Tee - Generic:Standard',#1045,#1042,'1215415');
#1047=IFCPROPERTYSET('0qR8ZUwltaeYkUvwQOwRYg',#18,'Pset_DistributionFlowElementCommon',$,(#644));
#1048=IFCPROPERTYLISTVALUE('NominalDiameter',$,(IFCPOSITIVELENGTHMEASURE(25.400000000000002)),$);
#1049=IFCPROPERTYSET('3B1x1sxCX1anEJwAKNiTgz',#18,'Pset_PipeFittingTypeCommon',$,(#1048));
#1050=IFCPROPERTYSET('0RkWreVKe6iobcH4AG69wy',#18,'Pset_QuantityTakeOff',$,(#644));
#1051=IFCRELDEFINESBYPROPERTIES('2U2w29e2P8MlI$A6itMA2S',#18,$,$,(#1046),#1047);
#1052=IFCRELDEFINESBYPROPERTIES('1uj86WBZlSTVMU_RcC4Xcz',#18,$,$,(#1046),#1049);
#1053=IFCRELDEFINESBYPROPERTIES('0AfR_tmEzYu5q7zpbO5Yvk',#18,$,$,(#1046),#1050);
#1054=IFCAXIS2PLACEMENT3D(#3,$,$);
#1055=IFCLOCALPLACEMENT(#42,#1054);
#1056=IFCCARTESIANPOINT((0.,0.));
#1057=IFCAXIS2PLACEMENT2D(#1056,#11);
#1058=IFCCIRCLEPROFILEDEF(.AREA.,'Default',#1057,16.700500000000002);
#1059=IFCCARTESIANPOINT((1531.4999999999995,2874.,926.98750000000371));
#1060=IFCAXIS2PLACEMENT3D(#1059,$,$);
#1061=IFCEXTRUDEDAREASOLID(#1058,#1060,#9,2373.0124999999966);
#1062=IFCSHAPEREPRESENTATION(#24,'Body','SweptSolid',(#1061));
#1063=IFCPRODUCTDEFINITIONSHAPE($,$,(#1062));
#1064=IFCFLOWSEGMENT('1iDZV_Brn0Z9GW0EFhI$he',#18,'Pipe Types:Default:1215416',$,'Pipe Types:Default',#1055,#1063,'1215416');
#1065=IFCPROPERTYSET('0ciZCd3bnZgql6T7LDe2q4',#18,'Pset_DistributionFlowElementCommon',$,(#104));
#1066=IFCPROPERTYLISTVALUE('ConnectionType',$,(IFCTEXT('Generic')),$);
#1067=IFCPROPERTYSET('3szDZuKYNrlBwwS24eRcLL',#18,'Pset_DuctConnection',$,(#1066));
#1068=IFCPROPERTYSINGLEVALUE('Length',$,IFCPOSITIVELENGTHMEASURE(2373.0124999999966),$);
#1069=IFCPROPERTYSET('3Hui1yRY3IjrH7Gt5Scg3c',#18,'Pset_FlowSegmentDuctSegment',$,(#1068));
#1070=IFCPROPERTYSINGLEVALUE('Length',$,IFCPOSITIVELENGTHMEASURE(2373.0124999999966),$);
#1071=IFCPROPERTYSINGLEVALUE('InvertElevation',$,IFCLENGTHMEASURE(926.98750000000337),$);
#1072=IFCPROPERTYSET('3kKQuHalR3u80dmJiIlz_1',#18,'Pset_FlowSegmentPipeSegment',$,(#1070,#1071));
#1073=IFCPROPERTYLISTVALUE('ConnectionType',$,(IFCLABEL('Generic')),$);
#1074=IFCPROPERTYSET('2dhcqPHirQAIP6olHjY0M4',#18,'Pset_PipeConnection',$,(#1073));
#1075=IFCPROPERTYSET('11r4QDP5QJlV9giYyjBKYZ',#18,'Pset_QuantityTakeOff',$,(#104));
#1076=IFCRELDEFINESBYPROPERTIES('3Vw9VuRq3_xUuWYDooyFnd',#18,$,$,(#1064),#1065);
#1077=IFCRELDEFINESBYPROPERTIES('2AIuwnF9BYMUIosQz8MsOo',#18,$,$,(#1064),#1067);
#1078=IFCRELDEFINESBYPROPERTIES('31BZ0ET2EPvVCHYHl8Ea40',#18,$,$,(#1064),#1069);
#1079=IFCRELDEFINESBYPROPERTIES('2MqDQDehZVAtzcOqtCvxWn',#18,$,$,(#1064),#1072);
#1080=IFCRELDEFINESBYPROPERTIES('2Gg8_Vdpm8ApeijbB1qHKd',#18,$,$,(#1064),#1074);
#1081=IFCRELDEFINESBYPROPERTIES('3iCTAHVuFT298CzSE22glR',#18,$,$,(#1064),#1075);
#1082=IFCMAPPEDITEM(#633,#636);
#1083=IFCSHAPEREPRESENTATION(#24,'Body','MappedRepresentation',(#1082));
#1084=IFCPRODUCTDEFINITIONSHAPE($,$,(#1083));
#1085=IFCCARTESIANPOINT((1531.4999999999609,3126.,0.));
#1086=IFCAXIS2PLACEMENT3D(#1085,#5,#9);
#1087=IFCLOCALPLACEMENT(#50,#1086);
#1088=IFCFLOWFITTING('1iDZV_Brn0Z9GW0EFhI$g4',#18,'Tee - Generic:Standard:1215444',$,'Tee - Generic:Standard',#1087,#1084,'1215444');
#1089=IFCPROPERTYSET('2W52cbaqnETf$jBHSRpR3X',#18,'Pset_DistributionFlowElementCommon',$,(#644));
#1090=IFCPROPERTYLISTVALUE('NominalDiameter',$,(IFCPOSITIVELENGTHMEASURE(25.400000000000002)),$);
#1091=IFCPROPERTYSET('2j_O8SVxxRoTTBtE8hBeoO',#18,'Pset_PipeFittingTypeCommon',$,(#1090));
#1092=IFCPROPERTYSET('0leo4URUbbhOZXGNkh8BPq',#18,'Pset_QuantityTakeOff',$,(#644));
#1093=IFCRELDEFINESBYPROPERTIES('2aCzCPJc1T0ra$VZ$hOZg_',#18,$,$,(#1088),#1089);
#1094=IFCRELDEFINESBYPROPERTIES('2xvnN8w6UEsmYGCTorpG46',#18,$,$,(#1088),#1091);
#1095=IFCRELDEFINESBYPROPERTIES('0sV$sX9dADG7qfkdIDdyXJ',#18,$,$,(#1088),#1092);
#1096=IFCAXIS2PLACEMENT3D(#3,$,$);
#1097=IFCLOCALPLACEMENT(#42,#1096);
#1098=IFCCARTESIANPOINT((0.,0.));
#1099=IFCAXIS2PLACEMENT2D(#1098,#11);
#1100=IFCCIRCLEPROFILEDEF(.AREA.,'Default',#1099,16.700500000000002);
#1101=IFCCARTESIANPOINT((1531.5000000000061,3126.,-479.36250000000877));
#1102=IFCAXIS2PLACEMENT3D(#1101,#9,#6);
#1103=IFCEXTRUDEDAREASOLID(#1100,#1102,#9,1352.3750000000175);
#1104=IFCSHAPEREPRESENTATION(#24,'Body','SweptSolid',(#1103));
#1105=IFCPRODUCTDEFINITIONSHAPE($,$,(#1104));
#1106=IFCFLOWSEGMENT('1iDZV_Brn0Z9GW0EFhI$g5',#18,'Pipe Types:Default:1215445',$,'Pipe Types:Default',#1097,#1105,'1215445');
#1107=IFCPROPERTYSET('3ar3jhIHyJp_UR2n_1dZut',#18,'Pset_DistributionFlowElementCommon',$,(#104));
#1108=IFCPROPERTYLISTVALUE('ConnectionType',$,(IFCTEXT('Generic')),$);
#1109=IFCPROPERTYSET('0C25nFzlPK_vjNtGkWxrua',#18,'Pset_DuctConnection',$,(#1108));
#1110=IFCPROPERTYSINGLEVALUE('Length',$,IFCPOSITIVELENGTHMEASURE(1352.3750000000175),$);
#1111=IFCPROPERTYSET('0GD6asWQ92GdBI2PCn_I03',#18,'Pset_FlowSegmentDuctSegment',$,(#1110));
#1112=IFCPROPERTYSINGLEVALUE('Length',$,IFCPOSITIVELENGTHMEASURE(1352.3750000000175),$);
#1113=IFCPROPERTYSINGLEVALUE('InvertElevation',$,IFCLENGTHMEASURE(-479.36250000000928),$);
#1114=IFCPROPERTYSET('1fvnSCrS5cAgZW_TvjTlyy',#18,'Pset_FlowSegmentPipeSegment',$,(#1112,#1113));
#1115=IFCPROPERTYLISTVALUE('ConnectionType',$,(IFCLABEL('Generic')),$);
#1116=IFCPROPERTYSET('3drVfk34JDEaGCPhXQ7GKc',#18,'Pset_PipeConnection',$,(#1115));
#1117=IFCPROPERTYSET('1eSa4bun79Ql0ZnRe7lTRa',#18,'Pset_QuantityTakeOff',$,(#104));
#1118=IFCRELDEFINESBYPROPERTIES('1bDoG1Gk7eNr$3Ho17_1Sq',#18,$,$,(#1106),#1107);
#1119=IFCRELDEFINESBYPROPERTIES('07mmG$7lXxR2hCg5fGShuw',#18,$,$,(#1106),#1109);
#1120=IFCRELDEFINESBYPROPERTIES('2IAkr5GR$OXeVJUg5pTk78',#18,$,$,(#1106),#1111);
#1121=IFCRELDEFINESBYPROPERTIES('0ICKpi514OwhsspE4JRyB6',#18,$,$,(#1106),#1114);
#1122=IFCRELDEFINESBYPROPERTIES('1m3y2rrmxF7YtqhWCp75eF',#18,$,$,(#1106),#1116);
#1123=IFCRELDEFINESBYPROPERTIES('1EjQ7$pkpyLw5l$9I_G$vU',#18,$,$,(#1106),#1117);
#1124=IFCMAPPEDITEM(#633,#636);
#1125=IFCSHAPEREPRESENTATION(#24,'Body','MappedRepresentation',(#1124));
#1126=IFCPRODUCTDEFINITIONSHAPE($,$,(#1125));
#1127=IFCCARTESIANPOINT((1322.,2874.,0.));
#1128=IFCAXIS2PLACEMENT3D(#1127,#6,#9);
#1129=IFCLOCALPLACEMENT(#50,#1128);
#1130=IFCFLOWFITTING('1iDZV_Brn0Z9GW0EFhI$gZ',#18,'Tee - Generic:Standard:1215475',$,'Tee - Generic:Standard',#1129,#1126,'1215475');
#1131=IFCPROPERTYSET('3CugKC6BsQr8$gpKbCPBe$',#18,'Pset_DistributionFlowElementCommon',$,(#644));
#1132=IFCPROPERTYLISTVALUE('NominalDiameter',$,(IFCPOSITIVELENGTHMEASURE(25.400000000000002)),$);
#1133=IFCPROPERTYSET('1lkrfa6dl1C_j7SJIPz_L0',#18,'Pset_PipeFittingTypeCommon',$,(#1132));
#1134=IFCPROPERTYSET('3G2yGF2mjE6ml0HMvrrwmK',#18,'Pset_QuantityTakeOff',$,(#644));
#1135=IFCRELDEFINESBYPROPERTIES('0XHNM87e3dyZ$IUFTXPCvB',#18,$,$,(#1130),#1131);
#1136=IFCRELDEFINESBYPROPERTIES('0Mo$WlBbqblIjgBKX$oQta',#18,$,$,(#1130),#1133);
#1137=IFCRELDEFINESBYPROPERTIES('1eZGwKIVoRAMQaRyFqthEF',#18,$,$,(#1130),#1134);
#1138=IFCAXIS2PLACEMENT3D(#3,$,$);
#1139=IFCLOCALPLACEMENT(#42,#1138);
#1140=IFCCARTESIANPOINT((0.,0.));
#1141=IFCAXIS2PLACEMENT2D(#1140,#11);
#1142=IFCCIRCLEPROFILEDEF(.AREA.,'Default',#1141,16.700500000000002);
#1143=IFCCARTESIANPOINT((1322.,2874.,926.98750000000371));
#1144=IFCAXIS2PLACEMENT3D(#1143,$,$);
#1145=IFCEXTRUDEDAREASOLID(#1142,#1144,#9,2373.0124999999971);
#1146=IFCSHAPEREPRESENTATION(#24,'Body','SweptSolid',(#1145));
#1147=IFCPRODUCTDEFINITIONSHAPE($,$,(#1146));
#1148=IFCFLOWSEGMENT('1iDZV_Brn0Z9GW0EFhI$ga',#18,'Pipe Types:Default:1215476',$,'Pipe Types:Default',#1139,#1147,'1215476');
#1149=IFCPROPERTYSET('3cufK710d0P8yXSAvn1XYh',#18,'Pset_DistributionFlowElementCommon',$,(#104));
#1150=IFCPROPERTYLISTVALUE('ConnectionType',$,(IFCTEXT('Generic')),$);
#1151=IFCPROPERTYSET('3D$_wZLoegnBpEoZ7hB$6Q',#18,'Pset_DuctConnection',$,(#1150));
#1152=IFCPROPERTYSINGLEVALUE('Length',$,IFCPOSITIVELENGTHMEASURE(2373.0124999999971),$);
#1153=IFCPROPERTYSET('3z5Z6WCunKiv9foiN3esSe',#18,'Pset_FlowSegmentDuctSegment',$,(#1152));
#1154=IFCPROPERTYSINGLEVALUE('Length',$,IFCPOSITIVELENGTHMEASURE(2373.0124999999971),$);
#1155=IFCPROPERTYSINGLEVALUE('InvertElevation',$,IFCLENGTHMEASURE(926.98750000000348),$);
#1156=IFCPROPERTYSET('2mKSVIWnQLAkpucuW9Xc5Y',#18,'Pset_FlowSegmentPipeSegment',$,(#1154,#1155));
#1157=IFCPROPERTYLISTVALUE('ConnectionType',$,(IFCLABEL('Generic')),$);
#1158=IFCPROPERTYSET('1NqN3nGGCwtPhCDG9qMriC',#18,'Pset_PipeConnection',$,(#1157));
#1159=IFCPROPERTYSET('25yWSKnimlLN8pWjoGtRQD',#18,'Pset_QuantityTakeOff',$,(#104));
#1160=IFCRELDEFINESBYPROPERTIES('30SkrjE1kO9r1MBoUXgQj4',#18,$,$,(#1148),#1149);
#1161=IFCRELDEFINESBYPROPERTIES('2Goj4rEOaRx88EdNjlRxfi',#18,$,$,(#1148),#1151);
#1162=IFCRELDEFINESBYPROPERTIES('138$MvBoi2x8AI4_WjnTF3',#18,$,$,(#1148),#1153);
#1163=IFCRELDEFINESBYPROPERTIES('10a3kf5PlFbLceXM5U9jl$',#18,$,$,(#1148),#1156);
#1164=IFCRELDEFINESBYPROPERTIES('3UtCdidyJZjtgynFq9ybXB',#18,$,$,(#1148),#1158);
#1165=IFCRELDEFINESBYPROPERTIES('0FcMv$bFCQwDl8tweX3nyK',#18,$,$,(#1148),#1159);
#1166=IFCMAPPEDITEM(#633,#636);
#1167=IFCSHAPEREPRESENTATION(#24,'Body','MappedRepresentation',(#1166));
#1168=IFCPRODUCTDEFINITIONSHAPE($,$,(#1167));
#1169=IFCCARTESIANPOINT((1322.,3126.,0.));
#1170=IFCAXIS2PLACEMENT3D(#1169,#5,#9);
#1171=IFCLOCALPLACEMENT(#50,#1170);
#1172=IFCFLOWFITTING('1iDZV_Brn0Z9GW0EFhI$rF',#18,'Tee - Generic:Standard:1215519',$,'Tee - Generic:Standard',#1171,#1168,'1215519');
#1173=IFCPROPERTYSET('3IrB522A2hoiLr2YFMUVwl',#18,'Pset_DistributionFlowElementCommon',$,(#644));
#1174=IFCPROPERTYLISTVALUE('NominalDiameter',$,(IFCPOSITIVELENGTHMEASURE(25.400000000000002)),$);
#1175=IFCPROPERTYSET('3DTDAs96L$izLTaCWGQUmg',#18,'Pset_PipeFittingTypeCommon',$,(#1174));
#1176=IFCPROPERTYSET('2ymnDpnr9buI1RIvpbcuYR',#18,'Pset_QuantityTakeOff',$,(#644));
#1177=IFCRELDEFINESBYPROPERTIES('3P$tPmhWwwbE1grhFGNuCW',#18,$,$,(#1172),#1173);
#1178=IFCRELDEFINESBYPROPERTIES('2BeeJaQzlNmtxFqKdc13US',#18,$,$,(#1172),#1175);
#1179=IFCRELDEFINESBYPROPERTIES('1vfJgKotipOZ9n8H79g$KS',#18,$,$,(#1172),#1176);
#1180=IFCAXIS2PLACEMENT3D(#3,$,$);
#1181=IFCLOCALPLACEMENT(#42,#1180);
#1182=IFCCARTESIANPOINT((0.,0.));
#1183=IFCAXIS2PLACEMENT2D(#1182,#11);
#1184=IFCCIRCLEPROFILEDEF(.AREA.,'Default',#1183,16.700500000000002);
#1185=IFCCARTESIANPOINT((1322.,3126.,-579.36250000000882));
#1186=IFCAXIS2PLACEMENT3D(#1185,#9,#6);
#1187=IFCEXTRUDEDAREASOLID(#1184,#1186,#9,1452.3750000000175);
#1188=IFCSHAPEREPRESENTATION(#24,'Body','SweptSolid',(#1187));
#1189=IFCPRODUCTDEFINITIONSHAPE($,$,(#1188));
#1190=IFCFLOWSEGMENT('1iDZV_Brn0Z9GW0EFhI$rm',#18,'Pipe Types:Default:1215520',$,'Pipe Types:Default',#1181,#1189,'1215520');
#1191=IFCPROPERTYSET('1w7NR5HJHFMbWuXPsNUoSX',#18,'Pset_DistributionFlowElementCommon',$,(#104));
#1192=IFCPROPERTYLISTVALUE('ConnectionType',$,(IFCTEXT('Generic')),$);
#1193=IFCPROPERTYSET('1gQM74KmGzZQlj7Id1AZ8m',#18,'Pset_DuctConnection',$,(#1192));
#1194=IFCPROPERTYSINGLEVALUE('Length',$,IFCPOSITIVELENGTHMEASURE(1452.3750000000175),$);
#1195=IFCPROPERTYSET('2jP$wAnQELD5gwiHoVdtXn',#18,'Pset_FlowSegmentDuctSegment',$,(#1194));
#1196=IFCPROPERTYSINGLEVALUE('Length',$,IFCPOSITIVELENGTHMEASURE(1452.3750000000175),$);
#1197=IFCPROPERTYSINGLEVALUE('InvertElevation',$,IFCLENGTHMEASURE(-579.36250000000916),$);
#1198=IFCPROPERTYSET('2A9E7KWnRXibVDf5rZMtTn',#18,'Pset_FlowSegmentPipeSegment',$,(#1196,#1197));
#1199=IFCPROPERTYLISTVALUE('ConnectionType',$,(IFCLABEL('Generic')),$);
#1200=IFCPROPERTYSET('38yGFwXI_1sSI4OfaoT3NE',#18,'Pset_PipeConnection',$,(#1199));
#1201=IFCPROPERTYSET('2sXXiCJ1ijq59XRLIvS0Dq',#18,'Pset_QuantityTakeOff',$,(#104));
#1202=IFCRELDEFINESBYPROPERTIES('3c707ug6dY1$ifrsImYS6y',#18,$,$,(#1190),#1191);
#1203=IFCRELDEFINESBYPROPERTIES('3eikqzA49e5iYbFeriGxDM',#18,$,$,(#1190),#1193);
#1204=IFCRELDEFINESBYPROPERTIES('2EA9qcJluAib8252PEssuX',#18,$,$,(#1190),#1195);
#1205=IFCRELDEFINESBYPROPERTIES('3X7OvC5t2TehCo6f4rGB0A',#18,$,$,(#1190),#1198);
#1206=IFCRELDEFINESBYPROPERTIES('04nvzTA_QMdxjqyGGaeFQI',#18,$,$,(#1190),#1200);
#1207=IFCRELDEFINESBYPROPERTIES('2WBFsWUBamHp$r7JyqCJ0X',#18,$,$,(#1190),#1201);
#1208=IFCAXIS2PLACEMENT3D(#3,$,$);
#1210=IFCCARTESIANPOINT((0.,0.));
#1211=IFCAXIS2PLACEMENT2D(#1210,#11);
#1212=IFCRECTANGLEPROFILEDEF(.AREA.,'GFCI',#1211,38.099999999999625,76.200000000004962);
#1213=IFCCARTESIANPOINT((0.,0.,-53.975000000037468));
#1214=IFCAXIS2PLACEMENT3D(#1213,#9,#6);
#1215=IFCEXTRUDEDAREASOLID(#1212,#1214,#9,53.975000000035593);
#1216=IFCCARTESIANPOINT((0.,3.5527136788005009E-15));
#1217=IFCAXIS2PLACEMENT2D(#1216,#11);
#1218=IFCRECTANGLEPROFILEDEF(.AREA.,'GFCI',#1217,69.849999999998033,114.30000000000715);
#1219=IFCAXIS2PLACEMENT3D(#3,#9,#6);
#1220=IFCEXTRUDEDAREASOLID(#1218,#1219,#9,4.762499999964577);
#1221=IFCSHAPEREPRESENTATION(#24,'Body','SweptSolid',(#1215,#1220));
#1222=IFCAXIS2PLACEMENT3D(#3,$,$);
#1223=IFCREPRESENTATIONMAP(#1222,#1221);
#1224=IFCBUILDINGELEMENTPROXYTYPE('3d60djV$v0e8hW2QgCoYwr',#18,'Duplex Receptacle:GFCI',$,$,$,(#1223),'1073159',$,.NOTDEFINED.);
#1225=IFCMAPPEDITEM(#1223,#636);
#1226=IFCSHAPEREPRESENTATION(#24,'Body','MappedRepresentation',(#1225));
#1227=IFCPRODUCTDEFINITIONSHAPE($,$,(#1226));
#1228=IFCCARTESIANPOINT((-62.,-500.,300.));
#1229=IFCAXIS2PLACEMENT3D(#1228,#6,#8);
#1230=IFCLOCALPLACEMENT(#42,#1229);
#1231=IFCBUILDINGELEMENTPROXY('0$tFVHWgvE_wsfNawjQ5xU',#18,'Duplex Receptacle:GFCI:1216719',$,'Duplex Receptacle:GFCI',#1230,#1227,'1216719',$);
#1232=IFCPROPERTYSINGLEVALUE('Reference',$,IFCIDENTIFIER('GFCI'),$);
#1233=IFCPROPERTYSET('1ThqI13N81iDHCZaYrXmWx',#18,'Pset_BuildingElementProxyCommon',$,(#1232));
#1234=IFCPROPERTYSET('2pblmotDUBB74uKHUt3Gf8',#18,'Pset_QuantityTakeOff',$,(#1232));
#1235=IFCRELDEFINESBYPROPERTIES('17U7pxQWXE$Z6RsUuZZA3l',#18,$,$,(#1231),#1233);
#1236=IFCRELDEFINESBYPROPERTIES('0qVQ0oglOvHck_7GdpB6_n',#18,$,$,(#1231),#1234);
#1237=IFCMAPPEDITEM(#1223,#636);
#1238=IFCSHAPEREPRESENTATION(#24,'Body','MappedRepresentation',(#1237));
#1239=IFCPRODUCTDEFINITIONSHAPE($,$,(#1238));
#1240=IFCCARTESIANPOINT((62.,-500.,300.));
#1241=IFCAXIS2PLACEMENT3D(#1240,#5,#7);
#1242=IFCLOCALPLACEMENT(#42,#1241);
#1243=IFCBUILDINGELEMENTPROXY('0$tFVHWgvE_wsfNawjQ5xa',#18,'Duplex Receptacle:GFCI:1216757',$,'Duplex Receptacle:GFCI',#1242,#1239,'1216757',$);
#1244=IFCPROPERTYSET('2V0hSEH0jHpwEcDuSTpQP4',#18,'Pset_BuildingElementProxyCommon',$,(#1232));
#1245=IFCPROPERTYSET('3JQsAGxDoPvpTI3JK$MaUd',#18,'Pset_QuantityTakeOff',$,(#1232));
#1246=IFCRELDEFINESBYPROPERTIES('0e63yVXT7F1XEJ8r2xVVy4',#18,$,$,(#1243),#1244);
#1247=IFCRELDEFINESBYPROPERTIES('2a7ZuUvKAhFcUx1qIptVRl',#18,$,$,(#1243),#1245);
#1248=IFCMAPPEDITEM(#1223,#636);
#1249=IFCSHAPEREPRESENTATION(#24,'Body','MappedRepresentation',(#1248));
#1250=IFCPRODUCTDEFINITIONSHAPE($,$,(#1249));
#1251=IFCCARTESIANPOINT((62.,6571.4999999999764,300.));
#1252=IFCAXIS2PLACEMENT3D(#1251,#5,#7);
#1253=IFCLOCALPLACEMENT(#42,#1252);
#1254=IFCBUILDINGELEMENTPROXY('0$tFVHWgvE_wsfNawjQ5_v',#18,'Duplex Receptacle:GFCI:1216936',$,'Duplex Receptacle:GFCI',#1253,#1250,'1216936',$);
#1255=IFCPROPERTYSET('0Wj7tv5CUiPqm_$0Ka4i1j',#18,'Pset_BuildingElementProxyCommon',$,(#1232));
#1256=IFCPROPERTYSET('0NlQ7VrUeRGZsQIpEmmQXR',#18,'Pset_QuantityTakeOff',$,(#1232));
#1257=IFCRELDEFINESBYPROPERTIES('2BWGhvLVz3okwHCDGgxf$F',#18,$,$,(#1254),#1255);
#1258=IFCRELDEFINESBYPROPERTIES('0Pyl_60h_QzFdK0Vlfqcrz',#18,$,$,(#1254),#1256);
#1259=IFCMAPPEDITEM(#1223,#636);
#1260=IFCSHAPEREPRESENTATION(#24,'Body','MappedRepresentation',(#1259));
#1261=IFCPRODUCTDEFINITIONSHAPE($,$,(#1260));
#1262=IFCCARTESIANPOINT((-62.,6571.4999999999882,300.));
#1263=IFCAXIS2PLACEMENT3D(#1262,#6,#8);
#1264=IFCLOCALPLACEMENT(#42,#1263);
#1265=IFCBUILDINGELEMENTPROXY('0$tFVHWgvE_wsfNawjQ5mi',#18,'Duplex Receptacle:GFCI:1217085',$,'Duplex Receptacle:GFCI',#1264,#1261,'1217085',$);
#1266=IFCPROPERTYSET('2sFf6LF4y5Khihu9HL6JJh',#18,'Pset_BuildingElementProxyCommon',$,(#1232));
#1267=IFCPROPERTYSET('2RGF_vHw$$af3HYG2rucYa',#18,'Pset_QuantityTakeOff',$,(#1232));
#1268=IFCRELDEFINESBYPROPERTIES('1EvNVNUJ_icm4NvqznHsl9',#18,$,$,(#1265),#1266);
#1269=IFCRELDEFINESBYPROPERTIES('0J2fRb0hKP7272FPZF9CdK',#18,$,$,(#1265),#1267);
#1270=IFCAXIS2PLACEMENT3D(#3,$,$);
#1272=IFCCARTESIANPOINT((0.,0.));
#1273=IFCAXIS2PLACEMENT2D(#1272,#11);
#1274=IFCRECTANGLEPROFILEDEF(.AREA.,'Three Way',#1273,38.099999999999625,76.200000000004962);
#1275=IFCCARTESIANPOINT((0.,0.,-53.975000000037468));
#1276=IFCAXIS2PLACEMENT3D(#1275,#9,#6);
#1277=IFCEXTRUDEDAREASOLID(#1274,#1276,#9,53.975000000035593);
#1278=IFCCARTESIANPOINT((0.,3.5527136788005009E-15));
#1279=IFCAXIS2PLACEMENT2D(#1278,#11);
#1280=IFCRECTANGLEPROFILEDEF(.AREA.,'Three Way',#1279,69.849999999998033,114.30000000000715);
#1281=IFCAXIS2PLACEMENT3D(#3,#9,#6);
#1282=IFCEXTRUDEDAREASOLID(#1280,#1281,#9,4.762499999964577);
#1283=IFCSHAPEREPRESENTATION(#24,'Body','SweptSolid',(#1277,#1282));
#1284=IFCAXIS2PLACEMENT3D(#3,$,$);
#1285=IFCREPRESENTATIONMAP(#1284,#1283);
#1286=IFCBUILDINGELEMENTPROXYTYPE('3d60djV$v0e8hW2QgCoYNk',#18,'Lighting Switches:Three Way',$,$,$,(#1285),'1076060',$,.NOTDEFINED.);
#1287=IFCMAPPEDITEM(#1285,#636);
#1288=IFCSHAPEREPRESENTATION(#24,'Body','MappedRepresentation',(#1287));
#1289=IFCPRODUCTDEFINITIONSHAPE($,$,(#1288));
#1290=IFCCARTESIANPOINT((62.,-500.,1200.));
#1291=IFCAXIS2PLACEMENT3D(#1290,#5,#7);
#1292=IFCLOCALPLACEMENT(#42,#1291);
#1293=IFCBUILDINGELEMENTPROXY('0$tFVHWgvE_wsfNawjQ5i0',#18,'Lighting Switches:Three Way:1217809',$,'Lighting Switches:Three Way',#1292,#1289,'1217809',$);
#1294=IFCPROPERTYSINGLEVALUE('Reference',$,IFCIDENTIFIER('Three Way'),$);
#1295=IFCPROPERTYSET('3zZ6NE6_sJ9ed__ha5e2FB',#18,'Pset_BuildingElementProxyCommon',$,(#1294));
#1296=IFCPROPERTYSET('3_wRc46PB5oWkqfsxTUBIZ',#18,'Pset_QuantityTakeOff',$,(#1294));
#1297=IFCRELDEFINESBYPROPERTIES('2aO3rB8BEnjYSmtNC_wRVM',#18,$,$,(#1293),#1295);
#1298=IFCRELDEFINESBYPROPERTIES('2Zpisq16U4hqJevA0YqPls',#18,$,$,(#1293),#1296);
#1299=IFCMAPPEDITEM(#1285,#636);
#1300=IFCSHAPEREPRESENTATION(#24,'Body','MappedRepresentation',(#1299));
#1301=IFCPRODUCTDEFINITIONSHAPE($,$,(#1300));
#1302=IFCCARTESIANPOINT((-62.,-500.,1200.));
#1303=IFCAXIS2PLACEMENT3D(#1302,#6,#8);
#1304=IFCLOCALPLACEMENT(#42,#1303);
#1305=IFCBUILDINGELEMENTPROXY('0$tFVHWgvE_wsfNawjQ5k_',#18,'Lighting Switches:Three Way:1217967',$,'Lighting Switches:Three Way',#1304,#1301,'1217967',$);
#1306=IFCPROPERTYSET('02W0R3nNq3BiBjSCqm_pef',#18,'Pset_BuildingElementProxyCommon',$,(#1294));
#1307=IFCPROPERTYSET('0ETtes0qooAtddxeSVXGdb',#18,'Pset_QuantityTakeOff',$,(#1294));
#1308=IFCRELDEFINESBYPROPERTIES('35IoHE5AM$vX643U2eQzhq',#18,$,$,(#1305),#1306);
#1309=IFCRELDEFINESBYPROPERTIES('11agODQM6hYC6PG3B971QT',#18,$,$,(#1305),#1307);
#1310=IFCMAPPEDITEM(#1285,#636);
#1311=IFCSHAPEREPRESENTATION(#24,'Body','MappedRepresentation',(#1310));
#1312=IFCPRODUCTDEFINITIONSHAPE($,$,(#1311));
#1313=IFCCARTESIANPOINT((62.,6571.4999999999764,1200.));
#1314=IFCAXIS2PLACEMENT3D(#1313,#5,#7);
#1315=IFCLOCALPLACEMENT(#42,#1314);
#1316=IFCBUILDINGELEMENTPROXY('0$tFVHWgvE_wsfNawjQ5Xd',#18,'Lighting Switches:Three Way:1218166',$,'Lighting Switches:Three Way',#1315,#1312,'1218166',$);
#1317=IFCPROPERTYSET('0ZtjFe7lqViB30pxwiHmgu',#18,'Pset_BuildingElementProxyCommon',$,(#1294));
#1318=IFCPROPERTYSET('3AqWyjy1rELRkwOwNQ_L2e',#18,'Pset_QuantityTakeOff',$,(#1294));
#1319=IFCRELDEFINESBYPROPERTIES('0qPwSmjSvjZ7W$l69BA5hr',#18,$,$,(#1316),#1317);
#1320=IFCRELDEFINESBYPROPERTIES('3Igt6uZz_Sp5lz7w4TN7Ja',#18,$,$,(#1316),#1318);
#1321=IFCAXIS2PLACEMENT3D(#3,$,$);
#1323=IFCCARTESIANPOINT((0.,0.));
#1324=IFCAXIS2PLACEMENT2D(#1323,#11);
#1325=IFCRECTANGLEPROFILEDEF(.AREA.,'100 A',#1324,508.,507.99999999999983);
#1326=IFCCARTESIANPOINT((0.,0.,-146.05000000000189));
#1327=IFCAXIS2PLACEMENT3D(#1326,#9,#6);
#1328=IFCEXTRUDEDAREASOLID(#1325,#1327,#9,146.05000000000004);
#1329=IFCSHAPEREPRESENTATION(#24,'Body','SweptSolid',(#1328));
#1330=IFCAXIS2PLACEMENT3D(#3,$,$);
#1331=IFCREPRESENTATIONMAP(#1330,#1329);
#1332=IFCBUILDINGELEMENTPROXYTYPE('3d60djV$v0e8hW2QgCoYtk',#18,'Lighting and Appliance Panelboard - 208V MLO:100 A',$,$,$,(#1331),'1074012',$,.NOTDEFINED.);
#1333=IFCMAPPEDITEM(#1331,#636);
#1334=IFCSHAPEREPRESENTATION(#24,'Body','MappedRepresentation',(#1333));
#1335=IFCPRODUCTDEFINITIONSHAPE($,$,(#1334));
#1336=IFCCARTESIANPOINT((3022.,2700.,1200.));
#1337=IFCAXIS2PLACEMENT3D(#1336,#7,#6);
#1338=IFCLOCALPLACEMENT(#42,#1337);
#1339=IFCBUILDINGELEMENTPROXY('2AhLRpNSP4f8mRIjrLfMKV',#18,'Lighting and Appliance Panelboard - 208V MLO:100 A, 120 V/208 V, Three Phase, 4 Wires, Wye:1223501',$,'Lighting and Appliance Panelboard - 208V MLO:100 A',#1338,#1335,'1223501',$);
#1340=IFCPROPERTYSINGLEVALUE('Reference',$,IFCIDENTIFIER('100 A'),$);
#1341=IFCPROPERTYSET('3Gri_wu4QpUXiJZWfN7uAL',#18,'Pset_BuildingElementProxyCommon',$,(#1340));
#1342=IFCPROPERTYSET('0moMEIabmbXzlCNCtU51AF',#18,'Pset_QuantityTakeOff',$,(#1340));
#1343=IFCRELDEFINESBYPROPERTIES('0WsAPhbMwEWhJCPElihPyD',#18,$,$,(#1339),#1341);
#1344=IFCRELDEFINESBYPROPERTIES('0W6gWhRj0TLbCXJaYws$Av',#18,$,$,(#1339),#1342);
#1345=IFCCARTESIANPOINT((6434.3428411517425,-1208.5000000000257));
#1346=IFCCARTESIANPOINT((-5805.2589419698988,-1208.4999999999861));
#1347=IFCPOLYLINE((#1345,#1346));
#1348=IFCGRIDAXIS('8',#1347,.T.);
#1349=IFCGEOMETRICCURVESET((#1347));
#1350=IFCCOLOURRGB($,0.,0.,0.);
#1351=IFCCURVESTYLE($,$,$,#1350);
#1352=IFCPRESENTATIONSTYLEASSIGNMENT((#1351));
#1353=IFCSTYLEDITEM(#1349,(#1352),$);
#1354=IFCCARTESIANPOINT((6434.3428411517689,7208.4999999999718));
#1355=IFCCARTESIANPOINT((-5805.2589419698706,7208.5000000000082));
#1356=IFCPOLYLINE((#1354,#1355));
#1357=IFCGRIDAXIS('10',#1356,.T.);
#1358=IFCGEOMETRICCURVESET((#1356));
#1359=IFCCOLOURRGB($,0.,0.,0.);
#1360=IFCCURVESTYLE($,$,$,#1359);
#1361=IFCPRESENTATIONSTYLEASSIGNMENT((#1360));
#1362=IFCSTYLEDITEM(#1358,(#1361),$);
#1363=IFCCARTESIANPOINT((152400.,2874.));
#1364=IFCCARTESIANPOINT((-152798.57246912958,2874.));
#1365=IFCPOLYLINE((#1363,#1364));
#1366=IFCGRIDAXIS('15',#1365,.T.);
#1367=IFCGEOMETRICCURVESET((#1365));
#1368=IFCCOLOURRGB($,0.,0.,0.);
#1369=IFCCURVESTYLE($,$,$,#1368);
#1370=IFCPRESENTATIONSTYLEASSIGNMENT((#1369));
#1371=IFCSTYLEDITEM(#1367,(#1370),$);
#1372=IFCCARTESIANPOINT((152400.,3126.));
#1373=IFCCARTESIANPOINT((-152798.57246912958,3126.));
#1374=IFCPOLYLINE((#1372,#1373));
#1375=IFCGRIDAXIS('16',#1374,.T.);
#1376=IFCGEOMETRICCURVESET((#1374));
#1377=IFCCOLOURRGB($,0.,0.,0.);
#1378=IFCCURVESTYLE($,$,$,#1377);
#1379=IFCPRESENTATIONSTYLEASSIGNMENT((#1378));
#1380=IFCSTYLEDITEM(#1376,(#1379),$);
#1381=IFCCARTESIANPOINT((4336.7890850012127,2586.));
#1382=IFCCARTESIANPOINT((62.,2586.));
#1383=IFCPOLYLINE((#1381,#1382));
#1384=IFCGRIDAXIS('17',#1383,.T.);
#1385=IFCGEOMETRICCURVESET((#1383));
#1386=IFCCOLOURRGB($,0.,0.,0.);
#1387=IFCCURVESTYLE($,$,$,#1386);
#1388=IFCPRESENTATIONSTYLEASSIGNMENT((#1387));
#1389=IFCSTYLEDITEM(#1385,(#1388),$);
#1390=IFCCARTESIANPOINT((4336.7890850012154,3414.));
#1391=IFCCARTESIANPOINT((62.,3414.));
#1392=IFCPOLYLINE((#1390,#1391));
#1393=IFCGRIDAXIS('18',#1392,.T.);
#1394=IFCGEOMETRICCURVESET((#1392));
#1395=IFCCOLOURRGB($,0.,0.,0.);
#1396=IFCCURVESTYLE($,$,$,#1395);
#1397=IFCPRESENTATIONSTYLEASSIGNMENT((#1396));
#1398=IFCSTYLEDITEM(#1394,(#1397),$);
#1399=IFCCARTESIANPOINT((4208.5000000000136,9435.0061832160518));
#1400=IFCCARTESIANPOINT((4208.4999999999936,-2625.0728218227782));
#1401=IFCPOLYLINE((#1399,#1400));
#1402=IFCGRIDAXIS('9',#1401,.T.);
#1403=IFCGEOMETRICCURVESET((#1401));
#1404=IFCCOLOURRGB($,0.,0.,0.);
#1405=IFCCURVESTYLE($,$,$,#1404);
#1406=IFCPRESENTATIONSTYLEASSIGNMENT((#1405));
#1407=IFCSTYLEDITEM(#1403,(#1406),$);
#1408=IFCCARTESIANPOINT((-4208.4999999999864,9435.0061832160645));
#1409=IFCCARTESIANPOINT((-4208.5000000000064,-2625.072821822765));
#1410=IFCPOLYLINE((#1408,#1409));
#1411=IFCGRIDAXIS('7',#1410,.T.);
#1412=IFCGEOMETRICCURVESET((#1410));
#1413=IFCCOLOURRGB($,0.,0.,0.);
#1414=IFCCURVESTYLE($,$,$,#1413);
#1415=IFCPRESENTATIONSTYLEASSIGNMENT((#1414));
#1416=IFCSTYLEDITEM(#1412,(#1415),$);
#1417=IFCCARTESIANPOINT((62.,7650.8051367088028));
#1418=IFCCARTESIANPOINT((62.,-1100.4316020733406));
#1419=IFCPOLYLINE((#1417,#1418));
#1420=IFCGRIDAXIS('23',#1419,.T.);
#1421=IFCGEOMETRICCURVESET((#1419));
#1422=IFCCOLOURRGB($,0.,0.,0.);
#1423=IFCCURVESTYLE($,$,$,#1422);
#1424=IFCPRESENTATIONSTYLEASSIGNMENT((#1423));
#1425=IFCSTYLEDITEM(#1421,(#1424),$);
#1426=IFCCARTESIANPOINT((-62.,7650.8051367088028));
#1427=IFCCARTESIANPOINT((-62.,-1100.4316020733406));
#1428=IFCPOLYLINE((#1426,#1427));
#1429=IFCGRIDAXIS('24',#1428,.T.);
#1430=IFCGEOMETRICCURVESET((#1428));
#1431=IFCCOLOURRGB($,0.,0.,0.);
#1432=IFCCURVESTYLE($,$,$,#1431);
#1433=IFCPRESENTATIONSTYLEASSIGNMENT((#1432));
#1434=IFCSTYLEDITEM(#1430,(#1433),$);
#1435=IFCCARTESIANPOINT((1322.,-152400.));
#1436=IFCCARTESIANPOINT((1322.,152400.));
#1437=IFCPOLYLINE((#1435,#1436));
#1438=IFCGRIDAXIS('13',#1437,.T.);
#1439=IFCGEOMETRICCURVESET((#1437));
#1440=IFCCOLOURRGB($,0.,0.,0.);
#1441=IFCCURVESTYLE($,$,$,#1440);
#1442=IFCPRESENTATIONSTYLEASSIGNMENT((#1441));
#1443=IFCSTYLEDITEM(#1439,(#1442),$);
#1444=IFCCARTESIANPOINT((1531.5000000001664,-152400.));
#1445=IFCCARTESIANPOINT((1531.4999999997635,152400.));
#1446=IFCPOLYLINE((#1444,#1445));
#1447=IFCGRIDAXIS('14',#1446,.T.);
#1448=IFCGEOMETRICCURVESET((#1446));
#1449=IFCCOLOURRGB($,0.,0.,0.);
#1450=IFCCURVESTYLE($,$,$,#1449);
#1451=IFCPRESENTATIONSTYLEASSIGNMENT((#1450));
#1452=IFCSTYLEDITEM(#1448,(#1451),$);
#1453=IFCSHAPEREPRESENTATION(#26,'FootPrint','GeometricCurveSet',(#1349,#1358,#1367,#1376,#1385,#1394,#1403,#1412,#1421,#1430,#1439,#1448));
#1454=IFCPRODUCTDEFINITIONSHAPE($,$,(#1453));
#1455=IFCLOCALPLACEMENT(#30,#34);
#1456=IFCGRID('0THjc21llcAwzUhwCycYMA',#18,'Default Grid',$,$,#1455,#1454,(#1348,#1357,#1366,#1375,#1384,#1393),(#1402,#1411,#1420,#1429),(#1438,#1447));
#1457=IFCCARTESIANPOINT((6434.3428411517425,-1208.5000000000257));
#1458=IFCCARTESIANPOINT((-5805.2589419698988,-1208.4999999999861));
#1459=IFCPOLYLINE((#1457,#1458));
#1460=IFCGRIDAXIS('8',#1459,.T.);
#1461=IFCGEOMETRICCURVESET((#1459));
#1462=IFCCOLOURRGB($,0.,0.,0.);
#1463=IFCCURVESTYLE($,$,$,#1462);
#1464=IFCPRESENTATIONSTYLEASSIGNMENT((#1463));
#1465=IFCSTYLEDITEM(#1461,(#1464),$);
#1466=IFCCARTESIANPOINT((6434.3428411517689,7208.4999999999718));
#1467=IFCCARTESIANPOINT((-5805.2589419698706,7208.5000000000082));
#1468=IFCPOLYLINE((#1466,#1467));
#1469=IFCGRIDAXIS('10',#1468,.T.);
#1470=IFCGEOMETRICCURVESET((#1468));
#1471=IFCCOLOURRGB($,0.,0.,0.);
#1472=IFCCURVESTYLE($,$,$,#1471);
#1473=IFCPRESENTATIONSTYLEASSIGNMENT((#1472));
#1474=IFCSTYLEDITEM(#1470,(#1473),$);
#1475=IFCCARTESIANPOINT((152400.,2874.));
#1476=IFCCARTESIANPOINT((-152798.57246912958,2874.));
#1477=IFCPOLYLINE((#1475,#1476));
#1478=IFCGRIDAXIS('15',#1477,.T.);
#1479=IFCGEOMETRICCURVESET((#1477));
#1480=IFCCOLOURRGB($,0.,0.,0.);
#1481=IFCCURVESTYLE($,$,$,#1480);
#1482=IFCPRESENTATIONSTYLEASSIGNMENT((#1481));
#1483=IFCSTYLEDITEM(#1479,(#1482),$);
#1484=IFCCARTESIANPOINT((152400.,3126.));
#1485=IFCCARTESIANPOINT((-152798.57246912958,3126.));
#1486=IFCPOLYLINE((#1484,#1485));
#1487=IFCGRIDAXIS('16',#1486,.T.);
#1488=IFCGEOMETRICCURVESET((#1486));
#1489=IFCCOLOURRGB($,0.,0.,0.);
#1490=IFCCURVESTYLE($,$,$,#1489);
#1491=IFCPRESENTATIONSTYLEASSIGNMENT((#1490));
#1492=IFCSTYLEDITEM(#1488,(#1491),$);
#1493=IFCCARTESIANPOINT((4336.7890850012127,2586.));
#1494=IFCCARTESIANPOINT((62.,2586.));
#1495=IFCPOLYLINE((#1493,#1494));
#1496=IFCGRIDAXIS('17',#1495,.T.);
#1497=IFCGEOMETRICCURVESET((#1495));
#1498=IFCCOLOURRGB($,0.,0.,0.);
#1499=IFCCURVESTYLE($,$,$,#1498);
#1500=IFCPRESENTATIONSTYLEASSIGNMENT((#1499));
#1501=IFCSTYLEDITEM(#1497,(#1500),$);
#1502=IFCCARTESIANPOINT((4336.7890850012154,3414.));
#1503=IFCCARTESIANPOINT((62.,3414.));
#1504=IFCPOLYLINE((#1502,#1503));
#1505=IFCGRIDAXIS('18',#1504,.T.);
#1506=IFCGEOMETRICCURVESET((#1504));
#1507=IFCCOLOURRGB($,0.,0.,0.);
#1508=IFCCURVESTYLE($,$,$,#1507);
#1509=IFCPRESENTATIONSTYLEASSIGNMENT((#1508));
#1510=IFCSTYLEDITEM(#1506,(#1509),$);
#1511=IFCCARTESIANPOINT((4208.5000000000136,9435.0061832160518));
#1512=IFCCARTESIANPOINT((4208.4999999999936,-2625.0728218227782));
#1513=IFCPOLYLINE((#1511,#1512));
#1514=IFCGRIDAXIS('9',#1513,.T.);
#1515=IFCGEOMETRICCURVESET((#1513));
#1516=IFCCOLOURRGB($,0.,0.,0.);
#1517=IFCCURVESTYLE($,$,$,#1516);
#1518=IFCPRESENTATIONSTYLEASSIGNMENT((#1517));
#1519=IFCSTYLEDITEM(#1515,(#1518),$);
#1520=IFCCARTESIANPOINT((-4208.4999999999864,9435.0061832160645));
#1521=IFCCARTESIANPOINT((-4208.5000000000064,-2625.072821822765));
#1522=IFCPOLYLINE((#1520,#1521));
#1523=IFCGRIDAXIS('7',#1522,.T.);
#1524=IFCGEOMETRICCURVESET((#1522));
#1525=IFCCOLOURRGB($,0.,0.,0.);
#1526=IFCCURVESTYLE($,$,$,#1525);
#1527=IFCPRESENTATIONSTYLEASSIGNMENT((#1526));
#1528=IFCSTYLEDITEM(#1524,(#1527),$);
#1529=IFCCARTESIANPOINT((62.,7650.8051367088028));
#1530=IFCCARTESIANPOINT((62.,-1100.4316020733406));
#1531=IFCPOLYLINE((#1529,#1530));
#1532=IFCGRIDAXIS('23',#1531,.T.);
#1533=IFCGEOMETRICCURVESET((#1531));
#1534=IFCCOLOURRGB($,0.,0.,0.);
#1535=IFCCURVESTYLE($,$,$,#1534);
#1536=IFCPRESENTATIONSTYLEASSIGNMENT((#1535));
#1537=IFCSTYLEDITEM(#1533,(#1536),$);
#1538=IFCCARTESIANPOINT((-62.,7650.8051367088028));
#1539=IFCCARTESIANPOINT((-62.,-1100.4316020733406));
#1540=IFCPOLYLINE((#1538,#1539));
#1541=IFCGRIDAXIS('24',#1540,.T.);
#1542=IFCGEOMETRICCURVESET((#1540));
#1543=IFCCOLOURRGB($,0.,0.,0.);
#1544=IFCCURVESTYLE($,$,$,#1543);
#1545=IFCPRESENTATIONSTYLEASSIGNMENT((#1544));
#1546=IFCSTYLEDITEM(#1542,(#1545),$);
#1547=IFCCARTESIANPOINT((1322.,-152400.));
#1548=IFCCARTESIANPOINT((1322.,152400.));
#1549=IFCPOLYLINE((#1547,#1548));
#1550=IFCGRIDAXIS('13',#1549,.T.);
#1551=IFCGEOMETRICCURVESET((#1549));
#1552=IFCCOLOURRGB($,0.,0.,0.);
#1553=IFCCURVESTYLE($,$,$,#1552);
#1554=IFCPRESENTATIONSTYLEASSIGNMENT((#1553));
#1555=IFCSTYLEDITEM(#1551,(#1554),$);
#1556=IFCCARTESIANPOINT((1531.5000000001664,-152400.));
#1557=IFCCARTESIANPOINT((1531.4999999997635,152400.));
#1558=IFCPOLYLINE((#1556,#1557));
#1559=IFCGRIDAXIS('14',#1558,.T.);
#1560=IFCGEOMETRICCURVESET((#1558));
#1561=IFCCOLOURRGB($,0.,0.,0.);
#1562=IFCCURVESTYLE($,$,$,#1561);
#1563=IFCPRESENTATIONSTYLEASSIGNMENT((#1562));
#1564=IFCSTYLEDITEM(#1560,(#1563),$);
#1565=IFCSHAPEREPRESENTATION(#26,'FootPrint','GeometricCurveSet',(#1461,#1470,#1479,#1488,#1497,#1506,#1515,#1524,#1533,#1542,#1551,#1560));
#1566=IFCPRODUCTDEFINITIONSHAPE($,$,(#1565));
#1567=IFCLOCALPLACEMENT(#30,#38);
#1568=IFCGRID('3RcGjlHjjZF6r2CTnd3DUU',#18,'Default Grid',$,$,#1567,#1566,(#1460,#1469,#1478,#1487,#1496,#1505),(#1514,#1523,#1532,#1541),(#1550,#1559));
#1569=IFCCARTESIANPOINT((6434.3428411517425,-1208.5000000000257));
#1570=IFCCARTESIANPOINT((-5805.2589419698988,-1208.4999999999861));
#1571=IFCPOLYLINE((#1569,#1570));
#1572=IFCGRIDAXIS('8',#1571,.T.);
#1573=IFCGEOMETRICCURVESET((#1571));
#1574=IFCCOLOURRGB($,0.,0.,0.);
#1575=IFCCURVESTYLE($,$,$,#1574);
#1576=IFCPRESENTATIONSTYLEASSIGNMENT((#1575));
#1577=IFCSTYLEDITEM(#1573,(#1576),$);
#1578=IFCCARTESIANPOINT((6434.3428411517689,7208.4999999999718));
#1579=IFCCARTESIANPOINT((-5805.2589419698706,7208.5000000000082));
#1580=IFCPOLYLINE((#1578,#1579));
#1581=IFCGRIDAXIS('10',#1580,.T.);
#1582=IFCGEOMETRICCURVESET((#1580));
#1583=IFCCOLOURRGB($,0.,0.,0.);
#1584=IFCCURVESTYLE($,$,$,#1583);
#1585=IFCPRESENTATIONSTYLEASSIGNMENT((#1584));
#1586=IFCSTYLEDITEM(#1582,(#1585),$);
#1587=IFCCARTESIANPOINT((152400.,2874.));
#1588=IFCCARTESIANPOINT((-152798.57246912958,2874.));
#1589=IFCPOLYLINE((#1587,#1588));
#1590=IFCGRIDAXIS('15',#1589,.T.);
#1591=IFCGEOMETRICCURVESET((#1589));
#1592=IFCCOLOURRGB($,0.,0.,0.);
#1593=IFCCURVESTYLE($,$,$,#1592);
#1594=IFCPRESENTATIONSTYLEASSIGNMENT((#1593));
#1595=IFCSTYLEDITEM(#1591,(#1594),$);
#1596=IFCCARTESIANPOINT((152400.,3126.));
#1597=IFCCARTESIANPOINT((-152798.57246912958,3126.));
#1598=IFCPOLYLINE((#1596,#1597));
#1599=IFCGRIDAXIS('16',#1598,.T.);
#1600=IFCGEOMETRICCURVESET((#1598));
#1601=IFCCOLOURRGB($,0.,0.,0.);
#1602=IFCCURVESTYLE($,$,$,#1601);
#1603=IFCPRESENTATIONSTYLEASSIGNMENT((#1602));
#1604=IFCSTYLEDITEM(#1600,(#1603),$);
#1605=IFCCARTESIANPOINT((4336.7890850012127,2586.));
#1606=IFCCARTESIANPOINT((62.,2586.));
#1607=IFCPOLYLINE((#1605,#1606));
#1608=IFCGRIDAXIS('17',#1607,.T.);
#1609=IFCGEOMETRICCURVESET((#1607));
#1610=IFCCOLOURRGB($,0.,0.,0.);
#1611=IFCCURVESTYLE($,$,$,#1610);
#1612=IFCPRESENTATIONSTYLEASSIGNMENT((#1611));
#1613=IFCSTYLEDITEM(#1609,(#1612),$);
#1614=IFCCARTESIANPOINT((4336.7890850012154,3414.));
#1615=IFCCARTESIANPOINT((62.,3414.));
#1616=IFCPOLYLINE((#1614,#1615));
#1617=IFCGRIDAXIS('18',#1616,.T.);
#1618=IFCGEOMETRICCURVESET((#1616));
#1619=IFCCOLOURRGB($,0.,0.,0.);
#1620=IFCCURVESTYLE($,$,$,#1619);
#1621=IFCPRESENTATIONSTYLEASSIGNMENT((#1620));
#1622=IFCSTYLEDITEM(#1618,(#1621),$);
#1623=IFCCARTESIANPOINT((4208.5000000000136,9435.0061832160518));
#1624=IFCCARTESIANPOINT((4208.4999999999936,-2625.0728218227782));
#1625=IFCPOLYLINE((#1623,#1624));
#1626=IFCGRIDAXIS('9',#1625,.T.);
#1627=IFCGEOMETRICCURVESET((#1625));
#1628=IFCCOLOURRGB($,0.,0.,0.);
#1629=IFCCURVESTYLE($,$,$,#1628);
#1630=IFCPRESENTATIONSTYLEASSIGNMENT((#1629));
#1631=IFCSTYLEDITEM(#1627,(#1630),$);
#1632=IFCCARTESIANPOINT((-4208.4999999999864,9435.0061832160645));
#1633=IFCCARTESIANPOINT((-4208.5000000000064,-2625.072821822765));
#1634=IFCPOLYLINE((#1632,#1633));
#1635=IFCGRIDAXIS('7',#1634,.T.);
#1636=IFCGEOMETRICCURVESET((#1634));
#1637=IFCCOLOURRGB($,0.,0.,0.);
#1638=IFCCURVESTYLE($,$,$,#1637);
#1639=IFCPRESENTATIONSTYLEASSIGNMENT((#1638));
#1640=IFCSTYLEDITEM(#1636,(#1639),$);
#1641=IFCCARTESIANPOINT((62.,7650.8051367088028));
#1642=IFCCARTESIANPOINT((62.,-1100.4316020733406));
#1643=IFCPOLYLINE((#1641,#1642));
#1644=IFCGRIDAXIS('23',#1643,.T.);
#1645=IFCGEOMETRICCURVESET((#1643));
#1646=IFCCOLOURRGB($,0.,0.,0.);
#1647=IFCCURVESTYLE($,$,$,#1646);
#1648=IFCPRESENTATIONSTYLEASSIGNMENT((#1647));
#1649=IFCSTYLEDITEM(#1645,(#1648),$);
#1650=IFCCARTESIANPOINT((-62.,7650.8051367088028));
#1651=IFCCARTESIANPOINT((-62.,-1100.4316020733406));
#1652=IFCPOLYLINE((#1650,#1651));
#1653=IFCGRIDAXIS('24',#1652,.T.);
#1654=IFCGEOMETRICCURVESET((#1652));
#1655=IFCCOLOURRGB($,0.,0.,0.);
#1656=IFCCURVESTYLE($,$,$,#1655);
#1657=IFCPRESENTATIONSTYLEASSIGNMENT((#1656));
#1658=IFCSTYLEDITEM(#1654,(#1657),$);
#1659=IFCCARTESIANPOINT((1322.,-152400.));
#1660=IFCCARTESIANPOINT((1322.,152400.));
#1661=IFCPOLYLINE((#1659,#1660));
#1662=IFCGRIDAXIS('13',#1661,.T.);
#1663=IFCGEOMETRICCURVESET((#1661));
#1664=IFCCOLOURRGB($,0.,0.,0.);
#1665=IFCCURVESTYLE($,$,$,#1664);
#1666=IFCPRESENTATIONSTYLEASSIGNMENT((#1665));
#1667=IFCSTYLEDITEM(#1663,(#1666),$);
#1668=IFCCARTESIANPOINT((1531.5000000001664,-152400.));
#1669=IFCCARTESIANPOINT((1531.4999999997635,152400.));
#1670=IFCPOLYLINE((#1668,#1669));
#1671=IFCGRIDAXIS('14',#1670,.T.);
#1672=IFCGEOMETRICCURVESET((#1670));
#1673=IFCCOLOURRGB($,0.,0.,0.);
#1674=IFCCURVESTYLE($,$,$,#1673);
#1675=IFCPRESENTATIONSTYLEASSIGNMENT((#1674));
#1676=IFCSTYLEDITEM(#1672,(#1675),$);
#1677=IFCSHAPEREPRESENTATION(#26,'FootPrint','GeometricCurveSet',(#1573,#1582,#1591,#1600,#1609,#1618,#1627,#1636,#1645,#1654,#1663,#1672));
#1678=IFCPRODUCTDEFINITIONSHAPE($,$,(#1677));
#1679=IFCLOCALPLACEMENT(#30,#41);
#1680=IFCGRID('2t9Af4Zn_h4XYyiD_caTZj',#18,'Default Grid',$,$,#1679,#1678,(#1572,#1581,#1590,#1599,#1608,#1617),(#1626,#1635,#1644,#1653),(#1662,#1671));
#1681=IFCCARTESIANPOINT((6434.3428411517425,-1208.5000000000257));
#1682=IFCCARTESIANPOINT((-5805.2589419698988,-1208.4999999999861));
#1683=IFCPOLYLINE((#1681,#1682));
#1684=IFCGRIDAXIS('8',#1683,.T.);
#1685=IFCGEOMETRICCURVESET((#1683));
#1686=IFCCOLOURRGB($,0.,0.,0.);
#1687=IFCCURVESTYLE($,$,$,#1686);
#1688=IFCPRESENTATIONSTYLEASSIGNMENT((#1687));
#1689=IFCSTYLEDITEM(#1685,(#1688),$);
#1690=IFCCARTESIANPOINT((6434.3428411517689,7208.4999999999718));
#1691=IFCCARTESIANPOINT((-5805.2589419698706,7208.5000000000082));
#1692=IFCPOLYLINE((#1690,#1691));
#1693=IFCGRIDAXIS('10',#1692,.T.);
#1694=IFCGEOMETRICCURVESET((#1692));
#1695=IFCCOLOURRGB($,0.,0.,0.);
#1696=IFCCURVESTYLE($,$,$,#1695);
#1697=IFCPRESENTATIONSTYLEASSIGNMENT((#1696));
#1698=IFCSTYLEDITEM(#1694,(#1697),$);
#1699=IFCCARTESIANPOINT((152400.,2874.));
#1700=IFCCARTESIANPOINT((-152798.57246912958,2874.));
#1701=IFCPOLYLINE((#1699,#1700));
#1702=IFCGRIDAXIS('15',#1701,.T.);
#1703=IFCGEOMETRICCURVESET((#1701));
#1704=IFCCOLOURRGB($,0.,0.,0.);
#1705=IFCCURVESTYLE($,$,$,#1704);
#1706=IFCPRESENTATIONSTYLEASSIGNMENT((#1705));
#1707=IFCSTYLEDITEM(#1703,(#1706),$);
#1708=IFCCARTESIANPOINT((152400.,3126.));
#1709=IFCCARTESIANPOINT((-152798.57246912958,3126.));
#1710=IFCPOLYLINE((#1708,#1709));
#1711=IFCGRIDAXIS('16',#1710,.T.);
#1712=IFCGEOMETRICCURVESET((#1710));
#1713=IFCCOLOURRGB($,0.,0.,0.);
#1714=IFCCURVESTYLE($,$,$,#1713);
#1715=IFCPRESENTATIONSTYLEASSIGNMENT((#1714));
#1716=IFCSTYLEDITEM(#1712,(#1715),$);
#1717=IFCCARTESIANPOINT((4336.7890850012127,2586.));
#1718=IFCCARTESIANPOINT((62.,2586.));
#1719=IFCPOLYLINE((#1717,#1718));
#1720=IFCGRIDAXIS('17',#1719,.T.);
#1721=IFCGEOMETRICCURVESET((#1719));
#1722=IFCCOLOURRGB($,0.,0.,0.);
#1723=IFCCURVESTYLE($,$,$,#1722);
#1724=IFCPRESENTATIONSTYLEASSIGNMENT((#1723));
#1725=IFCSTYLEDITEM(#1721,(#1724),$);
#1726=IFCCARTESIANPOINT((4336.7890850012154,3414.));
#1727=IFCCARTESIANPOINT((62.,3414.));
#1728=IFCPOLYLINE((#1726,#1727));
#1729=IFCGRIDAXIS('18',#1728,.T.);
#1730=IFCGEOMETRICCURVESET((#1728));
#1731=IFCCOLOURRGB($,0.,0.,0.);
#1732=IFCCURVESTYLE($,$,$,#1731);
#1733=IFCPRESENTATIONSTYLEASSIGNMENT((#1732));
#1734=IFCSTYLEDITEM(#1730,(#1733),$);
#1735=IFCCARTESIANPOINT((4208.5000000000136,9435.0061832160518));
#1736=IFCCARTESIANPOINT((4208.4999999999936,-2625.0728218227782));
#1737=IFCPOLYLINE((#1735,#1736));
#1738=IFCGRIDAXIS('9',#1737,.T.);
#1739=IFCGEOMETRICCURVESET((#1737));
#1740=IFCCOLOURRGB($,0.,0.,0.);
#1741=IFCCURVESTYLE($,$,$,#1740);
#1742=IFCPRESENTATIONSTYLEASSIGNMENT((#1741));
#1743=IFCSTYLEDITEM(#1739,(#1742),$);
#1744=IFCCARTESIANPOINT((-4208.4999999999864,9435.0061832160645));
#1745=IFCCARTESIANPOINT((-4208.5000000000064,-2625.072821822765));
#1746=IFCPOLYLINE((#1744,#1745));
#1747=IFCGRIDAXIS('7',#1746,.T.);
#1748=IFCGEOMETRICCURVESET((#1746));
#1749=IFCCOLOURRGB($,0.,0.,0.);
#1750=IFCCURVESTYLE($,$,$,#1749);
#1751=IFCPRESENTATIONSTYLEASSIGNMENT((#1750));
#1752=IFCSTYLEDITEM(#1748,(#1751),$);
#1753=IFCCARTESIANPOINT((62.,7650.8051367088028));
#1754=IFCCARTESIANPOINT((62.,-1100.4316020733406));
#1755=IFCPOLYLINE((#1753,#1754));
#1756=IFCGRIDAXIS('23',#1755,.T.);
#1757=IFCGEOMETRICCURVESET((#1755));
#1758=IFCCOLOURRGB($,0.,0.,0.);
#1759=IFCCURVESTYLE($,$,$,#1758);
#1760=IFCPRESENTATIONSTYLEASSIGNMENT((#1759));
#1761=IFCSTYLEDITEM(#1757,(#1760),$);
#1762=IFCCARTESIANPOINT((-62.,7650.8051367088028));
#1763=IFCCARTESIANPOINT((-62.,-1100.4316020733406));
#1764=IFCPOLYLINE((#1762,#1763));
#1765=IFCGRIDAXIS('24',#1764,.T.);
#1766=IFCGEOMETRICCURVESET((#1764));
#1767=IFCCOLOURRGB($,0.,0.,0.);
#1768=IFCCURVESTYLE($,$,$,#1767);
#1769=IFCPRESENTATIONSTYLEASSIGNMENT((#1768));
#1770=IFCSTYLEDITEM(#1766,(#1769),$);
#1771=IFCCARTESIANPOINT((1322.,-152400.));
#1772=IFCCARTESIANPOINT((1322.,152400.));
#1773=IFCPOLYLINE((#1771,#1772));
#1774=IFCGRIDAXIS('13',#1773,.T.);
#1775=IFCGEOMETRICCURVESET((#1773));
#1776=IFCCOLOURRGB($,0.,0.,0.);
#1777=IFCCURVESTYLE($,$,$,#1776);
#1778=IFCPRESENTATIONSTYLEASSIGNMENT((#1777));
#1779=IFCSTYLEDITEM(#1775,(#1778),$);
#1780=IFCCARTESIANPOINT((1531.5000000001664,-152400.));
#1781=IFCCARTESIANPOINT((1531.4999999997635,152400.));
#1782=IFCPOLYLINE((#1780,#1781));
#1783=IFCGRIDAXIS('14',#1782,.T.);
#1784=IFCGEOMETRICCURVESET((#1782));
#1785=IFCCOLOURRGB($,0.,0.,0.);
#1786=IFCCURVESTYLE($,$,$,#1785);
#1787=IFCPRESENTATIONSTYLEASSIGNMENT((#1786));
#1788=IFCSTYLEDITEM(#1784,(#1787),$);
#1789=IFCSHAPEREPRESENTATION(#26,'FootPrint','GeometricCurveSet',(#1685,#1694,#1703,#1712,#1721,#1730,#1739,#1748,#1757,#1766,#1775,#1784));
#1790=IFCPRODUCTDEFINITIONSHAPE($,$,(#1789));
#1791=IFCLOCALPLACEMENT(#30,#45);
#1792=IFCGRID('2i9Pw8YCGjTnIx0qK5RVbZ',#18,'Default Grid',$,$,#1791,#1790,(#1684,#1693,#1702,#1711,#1720,#1729),(#1738,#1747,#1756,#1765),(#1774,#1783));
#1793=IFCCARTESIANPOINT((6434.3428411517425,-1208.5000000000257));
#1794=IFCCARTESIANPOINT((-5805.2589419698988,-1208.4999999999861));
#1795=IFCPOLYLINE((#1793,#1794));
#1796=IFCGRIDAXIS('8',#1795,.T.);
#1797=IFCGEOMETRICCURVESET((#1795));
#1798=IFCCOLOURRGB($,0.,0.,0.);
#1799=IFCCURVESTYLE($,$,$,#1798);
#1800=IFCPRESENTATIONSTYLEASSIGNMENT((#1799));
#1801=IFCSTYLEDITEM(#1797,(#1800),$);
#1802=IFCCARTESIANPOINT((6434.3428411517689,7208.4999999999718));
#1803=IFCCARTESIANPOINT((-5805.2589419698706,7208.5000000000082));
#1804=IFCPOLYLINE((#1802,#1803));
#1805=IFCGRIDAXIS('10',#1804,.T.);
#1806=IFCGEOMETRICCURVESET((#1804));
#1807=IFCCOLOURRGB($,0.,0.,0.);
#1808=IFCCURVESTYLE($,$,$,#1807);
#1809=IFCPRESENTATIONSTYLEASSIGNMENT((#1808));
#1810=IFCSTYLEDITEM(#1806,(#1809),$);
#1811=IFCCARTESIANPOINT((152400.,2874.));
#1812=IFCCARTESIANPOINT((-152798.57246912958,2874.));
#1813=IFCPOLYLINE((#1811,#1812));
#1814=IFCGRIDAXIS('15',#1813,.T.);
#1815=IFCGEOMETRICCURVESET((#1813));
#1816=IFCCOLOURRGB($,0.,0.,0.);
#1817=IFCCURVESTYLE($,$,$,#1816);
#1818=IFCPRESENTATIONSTYLEASSIGNMENT((#1817));
#1819=IFCSTYLEDITEM(#1815,(#1818),$);
#1820=IFCCARTESIANPOINT((152400.,3126.));
#1821=IFCCARTESIANPOINT((-152798.57246912958,3126.));
#1822=IFCPOLYLINE((#1820,#1821));
#1823=IFCGRIDAXIS('16',#1822,.T.);
#1824=IFCGEOMETRICCURVESET((#1822));
#1825=IFCCOLOURRGB($,0.,0.,0.);
#1826=IFCCURVESTYLE($,$,$,#1825);
#1827=IFCPRESENTATIONSTYLEASSIGNMENT((#1826));
#1828=IFCSTYLEDITEM(#1824,(#1827),$);
#1829=IFCCARTESIANPOINT((4336.7890850012127,2586.));
#1830=IFCCARTESIANPOINT((62.,2586.));
#1831=IFCPOLYLINE((#1829,#1830));
#1832=IFCGRIDAXIS('17',#1831,.T.);
#1833=IFCGEOMETRICCURVESET((#1831));
#1834=IFCCOLOURRGB($,0.,0.,0.);
#1835=IFCCURVESTYLE($,$,$,#1834);
#1836=IFCPRESENTATIONSTYLEASSIGNMENT((#1835));
#1837=IFCSTYLEDITEM(#1833,(#1836),$);
#1838=IFCCARTESIANPOINT((4336.7890850012154,3414.));
#1839=IFCCARTESIANPOINT((62.,3414.));
#1840=IFCPOLYLINE((#1838,#1839));
#1841=IFCGRIDAXIS('18',#1840,.T.);
#1842=IFCGEOMETRICCURVESET((#1840));
#1843=IFCCOLOURRGB($,0.,0.,0.);
#1844=IFCCURVESTYLE($,$,$,#1843);
#1845=IFCPRESENTATIONSTYLEASSIGNMENT((#1844));
#1846=IFCSTYLEDITEM(#1842,(#1845),$);
#1847=IFCCARTESIANPOINT((4208.5000000000136,9435.0061832160518));
#1848=IFCCARTESIANPOINT((4208.4999999999936,-2625.0728218227782));
#1849=IFCPOLYLINE((#1847,#1848));
#1850=IFCGRIDAXIS('9',#1849,.T.);
#1851=IFCGEOMETRICCURVESET((#1849));
#1852=IFCCOLOURRGB($,0.,0.,0.);
#1853=IFCCURVESTYLE($,$,$,#1852);
#1854=IFCPRESENTATIONSTYLEASSIGNMENT((#1853));
#1855=IFCSTYLEDITEM(#1851,(#1854),$);
#1856=IFCCARTESIANPOINT((-4208.4999999999864,9435.0061832160645));
#1857=IFCCARTESIANPOINT((-4208.5000000000064,-2625.072821822765));
#1858=IFCPOLYLINE((#1856,#1857));
#1859=IFCGRIDAXIS('7',#1858,.T.);
#1860=IFCGEOMETRICCURVESET((#1858));
#1861=IFCCOLOURRGB($,0.,0.,0.);
#1862=IFCCURVESTYLE($,$,$,#1861);
#1863=IFCPRESENTATIONSTYLEASSIGNMENT((#1862));
#1864=IFCSTYLEDITEM(#1860,(#1863),$);
#1865=IFCCARTESIANPOINT((62.,7650.8051367088028));
#1866=IFCCARTESIANPOINT((62.,-1100.4316020733406));
#1867=IFCPOLYLINE((#1865,#1866));
#1868=IFCGRIDAXIS('23',#1867,.T.);
#1869=IFCGEOMETRICCURVESET((#1867));
#1870=IFCCOLOURRGB($,0.,0.,0.);
#1871=IFCCURVESTYLE($,$,$,#1870);
#1872=IFCPRESENTATIONSTYLEASSIGNMENT((#1871));
#1873=IFCSTYLEDITEM(#1869,(#1872),$);
#1874=IFCCARTESIANPOINT((-62.,7650.8051367088028));
#1875=IFCCARTESIANPOINT((-62.,-1100.4316020733406));
#1876=IFCPOLYLINE((#1874,#1875));
#1877=IFCGRIDAXIS('24',#1876,.T.);
#1878=IFCGEOMETRICCURVESET((#1876));
#1879=IFCCOLOURRGB($,0.,0.,0.);
#1880=IFCCURVESTYLE($,$,$,#1879);
#1881=IFCPRESENTATIONSTYLEASSIGNMENT((#1880));
#1882=IFCSTYLEDITEM(#1878,(#1881),$);
#1883=IFCCARTESIANPOINT((1322.,-152400.));
#1884=IFCCARTESIANPOINT((1322.,152400.));
#1885=IFCPOLYLINE((#1883,#1884));
#1886=IFCGRIDAXIS('13',#1885,.T.);
#1887=IFCGEOMETRICCURVESET((#1885));
#1888=IFCCOLOURRGB($,0.,0.,0.);
#1889=IFCCURVESTYLE($,$,$,#1888);
#1890=IFCPRESENTATIONSTYLEASSIGNMENT((#1889));
#1891=IFCSTYLEDITEM(#1887,(#1890),$);
#1892=IFCCARTESIANPOINT((1531.5000000001664,-152400.));
#1893=IFCCARTESIANPOINT((1531.4999999997635,152400.));
#1894=IFCPOLYLINE((#1892,#1893));
#1895=IFCGRIDAXIS('14',#1894,.T.);
#1896=IFCGEOMETRICCURVESET((#1894));
#1897=IFCCOLOURRGB($,0.,0.,0.);
#1898=IFCCURVESTYLE($,$,$,#1897);
#1899=IFCPRESENTATIONSTYLEASSIGNMENT((#1898));
#1900=IFCSTYLEDITEM(#1896,(#1899),$);
#1901=IFCSHAPEREPRESENTATION(#26,'FootPrint','GeometricCurveSet',(#1797,#1806,#1815,#1824,#1833,#1842,#1851,#1860,#1869,#1878,#1887,#1896));
#1902=IFCPRODUCTDEFINITIONSHAPE($,$,(#1901));
#1903=IFCLOCALPLACEMENT(#30,#49);
#1904=IFCGRID('3EFWvP66Sw_EzczcrIk3Hu',#18,'Default Grid',$,$,#1903,#1902,(#1796,#1805,#1814,#1823,#1832,#1841),(#1850,#1859,#1868,#1877),(#1886,#1895));
#1905=IFCCARTESIANPOINT((6434.3428411517425,-1208.5000000000257));
#1906=IFCCARTESIANPOINT((-5805.2589419698988,-1208.4999999999861));
#1907=IFCPOLYLINE((#1905,#1906));
#1908=IFCGRIDAXIS('8',#1907,.T.);
#1909=IFCGEOMETRICCURVESET((#1907));
#1910=IFCCOLOURRGB($,0.,0.,0.);
#1911=IFCCURVESTYLE($,$,$,#1910);
#1912=IFCPRESENTATIONSTYLEASSIGNMENT((#1911));
#1913=IFCSTYLEDITEM(#1909,(#1912),$);
#1914=IFCCARTESIANPOINT((6434.3428411517689,7208.4999999999718));
#1915=IFCCARTESIANPOINT((-5805.2589419698706,7208.5000000000082));
#1916=IFCPOLYLINE((#1914,#1915));
#1917=IFCGRIDAXIS('10',#1916,.T.);
#1918=IFCGEOMETRICCURVESET((#1916));
#1919=IFCCOLOURRGB($,0.,0.,0.);
#1920=IFCCURVESTYLE($,$,$,#1919);
#1921=IFCPRESENTATIONSTYLEASSIGNMENT((#1920));
#1922=IFCSTYLEDITEM(#1918,(#1921),$);
#1923=IFCCARTESIANPOINT((152400.,2874.));
#1924=IFCCARTESIANPOINT((-152798.57246912958,2874.));
#1925=IFCPOLYLINE((#1923,#1924));
#1926=IFCGRIDAXIS('15',#1925,.T.);
#1927=IFCGEOMETRICCURVESET((#1925));
#1928=IFCCOLOURRGB($,0.,0.,0.);
#1929=IFCCURVESTYLE($,$,$,#1928);
#1930=IFCPRESENTATIONSTYLEASSIGNMENT((#1929));
#1931=IFCSTYLEDITEM(#1927,(#1930),$);
#1932=IFCCARTESIANPOINT((152400.,3126.));
#1933=IFCCARTESIANPOINT((-152798.57246912958,3126.));
#1934=IFCPOLYLINE((#1932,#1933));
#1935=IFCGRIDAXIS('16',#1934,.T.);
#1936=IFCGEOMETRICCURVESET((#1934));
#1937=IFCCOLOURRGB($,0.,0.,0.);
#1938=IFCCURVESTYLE($,$,$,#1937);
#1939=IFCPRESENTATIONSTYLEASSIGNMENT((#1938));
#1940=IFCSTYLEDITEM(#1936,(#1939),$);
#1941=IFCCARTESIANPOINT((4336.7890850012127,2586.));
#1942=IFCCARTESIANPOINT((62.,2586.));
#1943=IFCPOLYLINE((#1941,#1942));
#1944=IFCGRIDAXIS('17',#1943,.T.);
#1945=IFCGEOMETRICCURVESET((#1943));
#1946=IFCCOLOURRGB($,0.,0.,0.);
#1947=IFCCURVESTYLE($,$,$,#1946);
#1948=IFCPRESENTATIONSTYLEASSIGNMENT((#1947));
#1949=IFCSTYLEDITEM(#1945,(#1948),$);
#1950=IFCCARTESIANPOINT((4336.7890850012154,3414.));
#1951=IFCCARTESIANPOINT((62.,3414.));
#1952=IFCPOLYLINE((#1950,#1951));
#1953=IFCGRIDAXIS('18',#1952,.T.);
#1954=IFCGEOMETRICCURVESET((#1952));
#1955=IFCCOLOURRGB($,0.,0.,0.);
#1956=IFCCURVESTYLE($,$,$,#1955);
#1957=IFCPRESENTATIONSTYLEASSIGNMENT((#1956));
#1958=IFCSTYLEDITEM(#1954,(#1957),$);
#1959=IFCCARTESIANPOINT((4208.5000000000136,9435.0061832160518));
#1960=IFCCARTESIANPOINT((4208.4999999999936,-2625.0728218227782));
#1961=IFCPOLYLINE((#1959,#1960));
#1962=IFCGRIDAXIS('9',#1961,.T.);
#1963=IFCGEOMETRICCURVESET((#1961));
#1964=IFCCOLOURRGB($,0.,0.,0.);
#1965=IFCCURVESTYLE($,$,$,#1964);
#1966=IFCPRESENTATIONSTYLEASSIGNMENT((#1965));
#1967=IFCSTYLEDITEM(#1963,(#1966),$);
#1968=IFCCARTESIANPOINT((-4208.4999999999864,9435.0061832160645));
#1969=IFCCARTESIANPOINT((-4208.5000000000064,-2625.072821822765));
#1970=IFCPOLYLINE((#1968,#1969));
#1971=IFCGRIDAXIS('7',#1970,.T.);
#1972=IFCGEOMETRICCURVESET((#1970));
#1973=IFCCOLOURRGB($,0.,0.,0.);
#1974=IFCCURVESTYLE($,$,$,#1973);
#1975=IFCPRESENTATIONSTYLEASSIGNMENT((#1974));
#1976=IFCSTYLEDITEM(#1972,(#1975),$);
#1977=IFCCARTESIANPOINT((62.,7650.8051367088028));
#1978=IFCCARTESIANPOINT((62.,-1100.4316020733406));
#1979=IFCPOLYLINE((#1977,#1978));
#1980=IFCGRIDAXIS('23',#1979,.T.);
#1981=IFCGEOMETRICCURVESET((#1979));
#1982=IFCCOLOURRGB($,0.,0.,0.);
#1983=IFCCURVESTYLE($,$,$,#1982);
#1984=IFCPRESENTATIONSTYLEASSIGNMENT((#1983));
#1985=IFCSTYLEDITEM(#1981,(#1984),$);
#1986=IFCCARTESIANPOINT((-62.,7650.8051367088028));
#1987=IFCCARTESIANPOINT((-62.,-1100.4316020733406));
#1988=IFCPOLYLINE((#1986,#1987));
#1989=IFCGRIDAXIS('24',#1988,.T.);
#1990=IFCGEOMETRICCURVESET((#1988));
#1991=IFCCOLOURRGB($,0.,0.,0.);
#1992=IFCCURVESTYLE($,$,$,#1991);
#1993=IFCPRESENTATIONSTYLEASSIGNMENT((#1992));
#1994=IFCSTYLEDITEM(#1990,(#1993),$);
#1995=IFCCARTESIANPOINT((1322.,-152400.));
#1996=IFCCARTESIANPOINT((1322.,152400.));
#1997=IFCPOLYLINE((#1995,#1996));
#1998=IFCGRIDAXIS('13',#1997,.T.);
#1999=IFCGEOMETRICCURVESET((#1997));
#2000=IFCCOLOURRGB($,0.,0.,0.);
#2001=IFCCURVESTYLE($,$,$,#2000);
#2002=IFCPRESENTATIONSTYLEASSIGNMENT((#2001));
#2003=IFCSTYLEDITEM(#1999,(#2002),$);
#2004=IFCCARTESIANPOINT((1531.5000000001664,-152400.));
#2005=IFCCARTESIANPOINT((1531.4999999997635,152400.));
#2006=IFCPOLYLINE((#2004,#2005));
#2007=IFCGRIDAXIS('14',#2006,.T.);
#2008=IFCGEOMETRICCURVESET((#2006));
#2009=IFCCOLOURRGB($,0.,0.,0.);
#2010=IFCCURVESTYLE($,$,$,#2009);
#2011=IFCPRESENTATIONSTYLEASSIGNMENT((#2010));
#2012=IFCSTYLEDITEM(#2008,(#2011),$);
#2013=IFCSHAPEREPRESENTATION(#26,'FootPrint','GeometricCurveSet',(#1909,#1918,#1927,#1936,#1945,#1954,#1963,#1972,#1981,#1990,#1999,#2008));
#2014=IFCPRODUCTDEFINITIONSHAPE($,$,(#2013));
#2015=IFCLOCALPLACEMENT(#30,#53);
#2016=IFCGRID('3KZz2JEqZOBb1zXHzoIEQJ',#18,'Default Grid',$,$,#2015,#2014,(#1908,#1917,#1926,#1935,#1944,#1953),(#1962,#1971,#1980,#1989),(#1998,#2007));
#2017=IFCCARTESIANPOINT((6434.3428411517425,-1208.5000000000257));
#2018=IFCCARTESIANPOINT((-5805.2589419698988,-1208.4999999999861));
#2019=IFCPOLYLINE((#2017,#2018));
#2020=IFCGRIDAXIS('8',#2019,.T.);
#2021=IFCGEOMETRICCURVESET((#2019));
#2022=IFCCOLOURRGB($,0.,0.,0.);
#2023=IFCCURVESTYLE($,$,$,#2022);
#2024=IFCPRESENTATIONSTYLEASSIGNMENT((#2023));
#2025=IFCSTYLEDITEM(#2021,(#2024),$);
#2026=IFCCARTESIANPOINT((6434.3428411517689,7208.4999999999718));
#2027=IFCCARTESIANPOINT((-5805.2589419698706,7208.5000000000082));
#2028=IFCPOLYLINE((#2026,#2027));
#2029=IFCGRIDAXIS('10',#2028,.T.);
#2030=IFCGEOMETRICCURVESET((#2028));
#2031=IFCCOLOURRGB($,0.,0.,0.);
#2032=IFCCURVESTYLE($,$,$,#2031);
#2033=IFCPRESENTATIONSTYLEASSIGNMENT((#2032));
#2034=IFCSTYLEDITEM(#2030,(#2033),$);
#2035=IFCCARTESIANPOINT((152400.,2874.));
#2036=IFCCARTESIANPOINT((-152798.57246912958,2874.));
#2037=IFCPOLYLINE((#2035,#2036));
#2038=IFCGRIDAXIS('15',#2037,.T.);
#2039=IFCGEOMETRICCURVESET((#2037));
#2040=IFCCOLOURRGB($,0.,0.,0.);
#2041=IFCCURVESTYLE($,$,$,#2040);
#2042=IFCPRESENTATIONSTYLEASSIGNMENT((#2041));
#2043=IFCSTYLEDITEM(#2039,(#2042),$);
#2044=IFCCARTESIANPOINT((152400.,3126.));
#2045=IFCCARTESIANPOINT((-152798.57246912958,3126.));
#2046=IFCPOLYLINE((#2044,#2045));
#2047=IFCGRIDAXIS('16',#2046,.T.);
#2048=IFCGEOMETRICCURVESET((#2046));
#2049=IFCCOLOURRGB($,0.,0.,0.);
#2050=IFCCURVESTYLE($,$,$,#2049);
#2051=IFCPRESENTATIONSTYLEASSIGNMENT((#2050));
#2052=IFCSTYLEDITEM(#2048,(#2051),$);
#2053=IFCCARTESIANPOINT((4336.7890850012127,2586.));
#2054=IFCCARTESIANPOINT((62.,2586.));
#2055=IFCPOLYLINE((#2053,#2054));
#2056=IFCGRIDAXIS('17',#2055,.T.);
#2057=IFCGEOMETRICCURVESET((#2055));
#2058=IFCCOLOURRGB($,0.,0.,0.);
#2059=IFCCURVESTYLE($,$,$,#2058);
#2060=IFCPRESENTATIONSTYLEASSIGNMENT((#2059));
#2061=IFCSTYLEDITEM(#2057,(#2060),$);
#2062=IFCCARTESIANPOINT((4336.7890850012154,3414.));
#2063=IFCCARTESIANPOINT((62.,3414.));
#2064=IFCPOLYLINE((#2062,#2063));
#2065=IFCGRIDAXIS('18',#2064,.T.);
#2066=IFCGEOMETRICCURVESET((#2064));
#2067=IFCCOLOURRGB($,0.,0.,0.);
#2068=IFCCURVESTYLE($,$,$,#2067);
#2069=IFCPRESENTATIONSTYLEASSIGNMENT((#2068));
#2070=IFCSTYLEDITEM(#2066,(#2069),$);
#2071=IFCCARTESIANPOINT((4208.5000000000136,9435.0061832160518));
#2072=IFCCARTESIANPOINT((4208.4999999999936,-2625.0728218227782));
#2073=IFCPOLYLINE((#2071,#2072));
#2074=IFCGRIDAXIS('9',#2073,.T.);
#2075=IFCGEOMETRICCURVESET((#2073));
#2076=IFCCOLOURRGB($,0.,0.,0.);
#2077=IFCCURVESTYLE($,$,$,#2076);
#2078=IFCPRESENTATIONSTYLEASSIGNMENT((#2077));
#2079=IFCSTYLEDITEM(#2075,(#2078),$);
#2080=IFCCARTESIANPOINT((-4208.4999999999864,9435.0061832160645));
#2081=IFCCARTESIANPOINT((-4208.5000000000064,-2625.072821822765));
#2082=IFCPOLYLINE((#2080,#2081));
#2083=IFCGRIDAXIS('7',#2082,.T.);
#2084=IFCGEOMETRICCURVESET((#2082));
#2085=IFCCOLOURRGB($,0.,0.,0.);
#2086=IFCCURVESTYLE($,$,$,#2085);
#2087=IFCPRESENTATIONSTYLEASSIGNMENT((#2086));
#2088=IFCSTYLEDITEM(#2084,(#2087),$);
#2089=IFCCARTESIANPOINT((62.,7650.8051367088028));
#2090=IFCCARTESIANPOINT((62.,-1100.4316020733406));
#2091=IFCPOLYLINE((#2089,#2090));
#2092=IFCGRIDAXIS('23',#2091,.T.);
#2093=IFCGEOMETRICCURVESET((#2091));
#2094=IFCCOLOURRGB($,0.,0.,0.);
#2095=IFCCURVESTYLE($,$,$,#2094);
#2096=IFCPRESENTATIONSTYLEASSIGNMENT((#2095));
#2097=IFCSTYLEDITEM(#2093,(#2096),$);
#2098=IFCCARTESIANPOINT((-62.,7650.8051367088028));
#2099=IFCCARTESIANPOINT((-62.,-1100.4316020733406));
#2100=IFCPOLYLINE((#2098,#2099));
#2101=IFCGRIDAXIS('24',#2100,.T.);
#2102=IFCGEOMETRICCURVESET((#2100));
#2103=IFCCOLOURRGB($,0.,0.,0.);
#2104=IFCCURVESTYLE($,$,$,#2103);
#2105=IFCPRESENTATIONSTYLEASSIGNMENT((#2104));
#2106=IFCSTYLEDITEM(#2102,(#2105),$);
#2107=IFCCARTESIANPOINT((1322.,-152400.));
#2108=IFCCARTESIANPOINT((1322.,152400.));
#2109=IFCPOLYLINE((#2107,#2108));
#2110=IFCGRIDAXIS('13',#2109,.T.);
#2111=IFCGEOMETRICCURVESET((#2109));
#2112=IFCCOLOURRGB($,0.,0.,0.);
#2113=IFCCURVESTYLE($,$,$,#2112);
#2114=IFCPRESENTATIONSTYLEASSIGNMENT((#2113));
#2115=IFCSTYLEDITEM(#2111,(#2114),$);
#2116=IFCCARTESIANPOINT((1531.5000000001664,-152400.));
#2117=IFCCARTESIANPOINT((1531.4999999997635,152400.));
#2118=IFCPOLYLINE((#2116,#2117));
#2119=IFCGRIDAXIS('14',#2118,.T.);
#2120=IFCGEOMETRICCURVESET((#2118));
#2121=IFCCOLOURRGB($,0.,0.,0.);
#2122=IFCCURVESTYLE($,$,$,#2121);
#2123=IFCPRESENTATIONSTYLEASSIGNMENT((#2122));
#2124=IFCSTYLEDITEM(#2120,(#2123),$);
#2125=IFCSHAPEREPRESENTATION(#26,'FootPrint','GeometricCurveSet',(#2021,#2030,#2039,#2048,#2057,#2066,#2075,#2084,#2093,#2102,#2111,#2120));
#2126=IFCPRODUCTDEFINITIONSHAPE($,$,(#2125));
#2127=IFCLOCALPLACEMENT(#30,#57);
#2128=IFCGRID('1FA9uNZtNw_WHdng2Xxwz7',#18,'Default Grid',$,$,#2127,#2126,(#2020,#2029,#2038,#2047,#2056,#2065),(#2074,#2083,#2092,#2101),(#2110,#2119));
#2129=IFCCARTESIANPOINT((6434.3428411517425,-1208.5000000000257));
#2130=IFCCARTESIANPOINT((-5805.2589419698988,-1208.4999999999861));
#2131=IFCPOLYLINE((#2129,#2130));
#2132=IFCGRIDAXIS('8',#2131,.T.);
#2133=IFCGEOMETRICCURVESET((#2131));
#2134=IFCCOLOURRGB($,0.,0.,0.);
#2135=IFCCURVESTYLE($,$,$,#2134);
#2136=IFCPRESENTATIONSTYLEASSIGNMENT((#2135));
#2137=IFCSTYLEDITEM(#2133,(#2136),$);
#2138=IFCCARTESIANPOINT((6434.3428411517689,7208.4999999999718));
#2139=IFCCARTESIANPOINT((-5805.2589419698706,7208.5000000000082));
#2140=IFCPOLYLINE((#2138,#2139));
#2141=IFCGRIDAXIS('10',#2140,.T.);
#2142=IFCGEOMETRICCURVESET((#2140));
#2143=IFCCOLOURRGB($,0.,0.,0.);
#2144=IFCCURVESTYLE($,$,$,#2143);
#2145=IFCPRESENTATIONSTYLEASSIGNMENT((#2144));
#2146=IFCSTYLEDITEM(#2142,(#2145),$);
#2147=IFCCARTESIANPOINT((152400.,2874.));
#2148=IFCCARTESIANPOINT((-152798.57246912958,2874.));
#2149=IFCPOLYLINE((#2147,#2148));
#2150=IFCGRIDAXIS('15',#2149,.T.);
#2151=IFCGEOMETRICCURVESET((#2149));
#2152=IFCCOLOURRGB($,0.,0.,0.);
#2153=IFCCURVESTYLE($,$,$,#2152);
#2154=IFCPRESENTATIONSTYLEASSIGNMENT((#2153));
#2155=IFCSTYLEDITEM(#2151,(#2154),$);
#2156=IFCCARTESIANPOINT((152400.,3126.));
#2157=IFCCARTESIANPOINT((-152798.57246912958,3126.));
#2158=IFCPOLYLINE((#2156,#2157));
#2159=IFCGRIDAXIS('16',#2158,.T.);
#2160=IFCGEOMETRICCURVESET((#2158));
#2161=IFCCOLOURRGB($,0.,0.,0.);
#2162=IFCCURVESTYLE($,$,$,#2161);
#2163=IFCPRESENTATIONSTYLEASSIGNMENT((#2162));
#2164=IFCSTYLEDITEM(#2160,(#2163),$);
#2165=IFCCARTESIANPOINT((4336.7890850012127,2586.));
#2166=IFCCARTESIANPOINT((62.,2586.));
#2167=IFCPOLYLINE((#2165,#2166));
#2168=IFCGRIDAXIS('17',#2167,.T.);
#2169=IFCGEOMETRICCURVESET((#2167));
#2170=IFCCOLOURRGB($,0.,0.,0.);
#2171=IFCCURVESTYLE($,$,$,#2170);
#2172=IFCPRESENTATIONSTYLEASSIGNMENT((#2171));
#2173=IFCSTYLEDITEM(#2169,(#2172),$);
#2174=IFCCARTESIANPOINT((4336.7890850012154,3414.));
#2175=IFCCARTESIANPOINT((62.,3414.));
#2176=IFCPOLYLINE((#2174,#2175));
#2177=IFCGRIDAXIS('18',#2176,.T.);
#2178=IFCGEOMETRICCURVESET((#2176));
#2179=IFCCOLOURRGB($,0.,0.,0.);
#2180=IFCCURVESTYLE($,$,$,#2179);
#2181=IFCPRESENTATIONSTYLEASSIGNMENT((#2180));
#2182=IFCSTYLEDITEM(#2178,(#2181),$);
#2183=IFCCARTESIANPOINT((4208.5000000000136,9435.0061832160518));
#2184=IFCCARTESIANPOINT((4208.4999999999936,-2625.0728218227782));
#2185=IFCPOLYLINE((#2183,#2184));
#2186=IFCGRIDAXIS('9',#2185,.T.);
#2187=IFCGEOMETRICCURVESET((#2185));
#2188=IFCCOLOURRGB($,0.,0.,0.);
#2189=IFCCURVESTYLE($,$,$,#2188);
#2190=IFCPRESENTATIONSTYLEASSIGNMENT((#2189));
#2191=IFCSTYLEDITEM(#2187,(#2190),$);
#2192=IFCCARTESIANPOINT((-4208.4999999999864,9435.0061832160645));
#2193=IFCCARTESIANPOINT((-4208.5000000000064,-2625.072821822765));
#2194=IFCPOLYLINE((#2192,#2193));
#2195=IFCGRIDAXIS('7',#2194,.T.);
#2196=IFCGEOMETRICCURVESET((#2194));
#2197=IFCCOLOURRGB($,0.,0.,0.);
#2198=IFCCURVESTYLE($,$,$,#2197);
#2199=IFCPRESENTATIONSTYLEASSIGNMENT((#2198));
#2200=IFCSTYLEDITEM(#2196,(#2199),$);
#2201=IFCCARTESIANPOINT((62.,7650.8051367088028));
#2202=IFCCARTESIANPOINT((62.,-1100.4316020733406));
#2203=IFCPOLYLINE((#2201,#2202));
#2204=IFCGRIDAXIS('23',#2203,.T.);
#2205=IFCGEOMETRICCURVESET((#2203));
#2206=IFCCOLOURRGB($,0.,0.,0.);
#2207=IFCCURVESTYLE($,$,$,#2206);
#2208=IFCPRESENTATIONSTYLEASSIGNMENT((#2207));
#2209=IFCSTYLEDITEM(#2205,(#2208),$);
#2210=IFCCARTESIANPOINT((-62.,7650.8051367088028));
#2211=IFCCARTESIANPOINT((-62.,-1100.4316020733406));
#2212=IFCPOLYLINE((#2210,#2211));
#2213=IFCGRIDAXIS('24',#2212,.T.);
#2214=IFCGEOMETRICCURVESET((#2212));
#2215=IFCCOLOURRGB($,0.,0.,0.);
#2216=IFCCURVESTYLE($,$,$,#2215);
#2217=IFCPRESENTATIONSTYLEASSIGNMENT((#2216));
#2218=IFCSTYLEDITEM(#2214,(#2217),$);
#2219=IFCCARTESIANPOINT((1322.,-152400.));
#2220=IFCCARTESIANPOINT((1322.,152400.));
#2221=IFCPOLYLINE((#2219,#2220));
#2222=IFCGRIDAXIS('13',#2221,.T.);
#2223=IFCGEOMETRICCURVESET((#2221));
#2224=IFCCOLOURRGB($,0.,0.,0.);
#2225=IFCCURVESTYLE($,$,$,#2224);
#2226=IFCPRESENTATIONSTYLEASSIGNMENT((#2225));
#2227=IFCSTYLEDITEM(#2223,(#2226),$);
#2228=IFCCARTESIANPOINT((1531.5000000001664,-152400.));
#2229=IFCCARTESIANPOINT((1531.4999999997635,152400.));
#2230=IFCPOLYLINE((#2228,#2229));
#2231=IFCGRIDAXIS('14',#2230,.T.);
#2232=IFCGEOMETRICCURVESET((#2230));
#2233=IFCCOLOURRGB($,0.,0.,0.);
#2234=IFCCURVESTYLE($,$,$,#2233);
#2235=IFCPRESENTATIONSTYLEASSIGNMENT((#2234));
#2236=IFCSTYLEDITEM(#2232,(#2235),$);
#2237=IFCSHAPEREPRESENTATION(#26,'FootPrint','GeometricCurveSet',(#2133,#2142,#2151,#2160,#2169,#2178,#2187,#2196,#2205,#2214,#2223,#2232));
#2238=IFCPRODUCTDEFINITIONSHAPE($,$,(#2237));
#2239=IFCLOCALPLACEMENT(#30,#61);
#2240=IFCGRID('0fYM1UqaVfSzWwniGWVRdb',#18,'Default Grid',$,$,#2239,#2238,(#2132,#2141,#2150,#2159,#2168,#2177),(#2186,#2195,#2204,#2213),(#2222,#2231));
#2241=IFCCARTESIANPOINT((6434.3428411517425,-1208.5000000000257));
#2242=IFCCARTESIANPOINT((-5805.2589419698988,-1208.4999999999861));
#2243=IFCPOLYLINE((#2241,#2242));
#2244=IFCGRIDAXIS('8',#2243,.T.);
#2245=IFCGEOMETRICCURVESET((#2243));
#2246=IFCCOLOURRGB($,0.,0.,0.);
#2247=IFCCURVESTYLE($,$,$,#2246);
#2248=IFCPRESENTATIONSTYLEASSIGNMENT((#2247));
#2249=IFCSTYLEDITEM(#2245,(#2248),$);
#2250=IFCCARTESIANPOINT((6434.3428411517689,7208.4999999999718));
#2251=IFCCARTESIANPOINT((-5805.2589419698706,7208.5000000000082));
#2252=IFCPOLYLINE((#2250,#2251));
#2253=IFCGRIDAXIS('10',#2252,.T.);
#2254=IFCGEOMETRICCURVESET((#2252));
#2255=IFCCOLOURRGB($,0.,0.,0.);
#2256=IFCCURVESTYLE($,$,$,#2255);
#2257=IFCPRESENTATIONSTYLEASSIGNMENT((#2256));
#2258=IFCSTYLEDITEM(#2254,(#2257),$);
#2259=IFCCARTESIANPOINT((152400.,2874.));
#2260=IFCCARTESIANPOINT((-152798.57246912958,2874.));
#2261=IFCPOLYLINE((#2259,#2260));
#2262=IFCGRIDAXIS('15',#2261,.T.);
#2263=IFCGEOMETRICCURVESET((#2261));
#2264=IFCCOLOURRGB($,0.,0.,0.);
#2265=IFCCURVESTYLE($,$,$,#2264);
#2266=IFCPRESENTATIONSTYLEASSIGNMENT((#2265));
#2267=IFCSTYLEDITEM(#2263,(#2266),$);
#2268=IFCCARTESIANPOINT((152400.,3126.));
#2269=IFCCARTESIANPOINT((-152798.57246912958,3126.));
#2270=IFCPOLYLINE((#2268,#2269));
#2271=IFCGRIDAXIS('16',#2270,.T.);
#2272=IFCGEOMETRICCURVESET((#2270));
#2273=IFCCOLOURRGB($,0.,0.,0.);
#2274=IFCCURVESTYLE($,$,$,#2273);
#2275=IFCPRESENTATIONSTYLEASSIGNMENT((#2274));
#2276=IFCSTYLEDITEM(#2272,(#2275),$);
#2277=IFCCARTESIANPOINT((4336.7890850012127,2586.));
#2278=IFCCARTESIANPOINT((62.,2586.));
#2279=IFCPOLYLINE((#2277,#2278));
#2280=IFCGRIDAXIS('17',#2279,.T.);
#2281=IFCGEOMETRICCURVESET((#2279));
#2282=IFCCOLOURRGB($,0.,0.,0.);
#2283=IFCCURVESTYLE($,$,$,#2282);
#2284=IFCPRESENTATIONSTYLEASSIGNMENT((#2283));
#2285=IFCSTYLEDITEM(#2281,(#2284),$);
#2286=IFCCARTESIANPOINT((4336.7890850012154,3414.));
#2287=IFCCARTESIANPOINT((62.,3414.));
#2288=IFCPOLYLINE((#2286,#2287));
#2289=IFCGRIDAXIS('18',#2288,.T.);
#2290=IFCGEOMETRICCURVESET((#2288));
#2291=IFCCOLOURRGB($,0.,0.,0.);
#2292=IFCCURVESTYLE($,$,$,#2291);
#2293=IFCPRESENTATIONSTYLEASSIGNMENT((#2292));
#2294=IFCSTYLEDITEM(#2290,(#2293),$);
#2295=IFCCARTESIANPOINT((4208.5000000000136,9435.0061832160518));
#2296=IFCCARTESIANPOINT((4208.4999999999936,-2625.0728218227782));
#2297=IFCPOLYLINE((#2295,#2296));
#2298=IFCGRIDAXIS('9',#2297,.T.);
#2299=IFCGEOMETRICCURVESET((#2297));
#2300=IFCCOLOURRGB($,0.,0.,0.);
#2301=IFCCURVESTYLE($,$,$,#2300);
#2302=IFCPRESENTATIONSTYLEASSIGNMENT((#2301));
#2303=IFCSTYLEDITEM(#2299,(#2302),$);
#2304=IFCCARTESIANPOINT((-4208.4999999999864,9435.0061832160645));
#2305=IFCCARTESIANPOINT((-4208.5000000000064,-2625.072821822765));
#2306=IFCPOLYLINE((#2304,#2305));
#2307=IFCGRIDAXIS('7',#2306,.T.);
#2308=IFCGEOMETRICCURVESET((#2306));
#2309=IFCCOLOURRGB($,0.,0.,0.);
#2310=IFCCURVESTYLE($,$,$,#2309);
#2311=IFCPRESENTATIONSTYLEASSIGNMENT((#2310));
#2312=IFCSTYLEDITEM(#2308,(#2311),$);
#2313=IFCCARTESIANPOINT((62.,7650.8051367088028));
#2314=IFCCARTESIANPOINT((62.,-1100.4316020733406));
#2315=IFCPOLYLINE((#2313,#2314));
#2316=IFCGRIDAXIS('23',#2315,.T.);
#2317=IFCGEOMETRICCURVESET((#2315));
#2318=IFCCOLOURRGB($,0.,0.,0.);
#2319=IFCCURVESTYLE($,$,$,#2318);
#2320=IFCPRESENTATIONSTYLEASSIGNMENT((#2319));
#2321=IFCSTYLEDITEM(#2317,(#2320),$);
#2322=IFCCARTESIANPOINT((-62.,7650.8051367088028));
#2323=IFCCARTESIANPOINT((-62.,-1100.4316020733406));
#2324=IFCPOLYLINE((#2322,#2323));
#2325=IFCGRIDAXIS('24',#2324,.T.);
#2326=IFCGEOMETRICCURVESET((#2324));
#2327=IFCCOLOURRGB($,0.,0.,0.);
#2328=IFCCURVESTYLE($,$,$,#2327);
#2329=IFCPRESENTATIONSTYLEASSIGNMENT((#2328));
#2330=IFCSTYLEDITEM(#2326,(#2329),$);
#2331=IFCCARTESIANPOINT((1322.,-152400.));
#2332=IFCCARTESIANPOINT((1322.,152400.));
#2333=IFCPOLYLINE((#2331,#2332));
#2334=IFCGRIDAXIS('13',#2333,.T.);
#2335=IFCGEOMETRICCURVESET((#2333));
#2336=IFCCOLOURRGB($,0.,0.,0.);
#2337=IFCCURVESTYLE($,$,$,#2336);
#2338=IFCPRESENTATIONSTYLEASSIGNMENT((#2337));
#2339=IFCSTYLEDITEM(#2335,(#2338),$);
#2340=IFCCARTESIANPOINT((1531.5000000001664,-152400.));
#2341=IFCCARTESIANPOINT((1531.4999999997635,152400.));
#2342=IFCPOLYLINE((#2340,#2341));
#2343=IFCGRIDAXIS('14',#2342,.T.);
#2344=IFCGEOMETRICCURVESET((#2342));
#2345=IFCCOLOURRGB($,0.,0.,0.);
#2346=IFCCURVESTYLE($,$,$,#2345);
#2347=IFCPRESENTATIONSTYLEASSIGNMENT((#2346));
#2348=IFCSTYLEDITEM(#2344,(#2347),$);
#2349=IFCSHAPEREPRESENTATION(#26,'FootPrint','GeometricCurveSet',(#2245,#2254,#2263,#2272,#2281,#2290,#2299,#2308,#2317,#2326,#2335,#2344));
#2350=IFCPRODUCTDEFINITIONSHAPE($,$,(#2349));
#2351=IFCLOCALPLACEMENT(#30,#65);
#2352=IFCGRID('0IYPceZai$nWzkY8qZtWD_',#18,'Default Grid',$,$,#2351,#2350,(#2244,#2253,#2262,#2271,#2280,#2289),(#2298,#2307,#2316,#2325),(#2334,#2343));
#2353=IFCCARTESIANPOINT((1322.,2874.,873.01250000000891));
#2354=IFCAXIS2PLACEMENT3D(#2353,#9,#6);
#2355=IFCLOCALPLACEMENT(#88,#2354);
#2356=IFCDISTRIBUTIONPORT('2MQ3XekF9zhQ6_0$RULqSy',#18,'Port_1204984_0','Flow',$,#2355,$,.SOURCEANDSINK.);
#2357=IFCRELCONNECTSPORTTOELEMENT('12C9whywaSfK0aL82cbnNw',#18,'1204984|12C9whywaSfK0aL82cbnNw','Flow',#2356,#103);
#2358=IFCCARTESIANPOINT((-26.987499999991293,0.,0.));
#2359=IFCAXIS2PLACEMENT3D(#2358,#6,#8);
#2360=IFCLOCALPLACEMENT(#1129,#2359);
#2361=IFCDISTRIBUTIONPORT('3c4mC1s21hXE_KYTyvSY0K',#18,'Port_1215475_1','Flow',$,#2360,$,.SOURCEANDSINK.);
#2362=IFCRELCONNECTSPORTTOELEMENT('1ZXp1GbHlviRx$DFohs5QN',#18,'1215475|1ZXp1GbHlviRx$DFohs5QN','Flow',#2361,#1130);
#2363=IFCRELCONNECTSPORTS('3xfaECgRE$CUDjpVdPh2Qq',#18,'2MQ3XekF9zhQ6_0$RULqSy|3c4mC1s21hXE_KYTyvSY0K','Flow',#2356,#2361,$);
#2364=IFCCARTESIANPOINT((1322.,2874.,-479.36250000000905));
#2365=IFCAXIS2PLACEMENT3D(#2364,#10,#5);
#2366=IFCLOCALPLACEMENT(#88,#2365);
#2367=IFCDISTRIBUTIONPORT('20CGGZH$1zuzt8z7j86mx9',#18,'Port_1204984_1','Flow',$,#2366,$,.SOURCEANDSINK.);
#2368=IFCRELCONNECTSPORTTOELEMENT('02kK5cKaRCsyZ1bMAfCSyD',#18,'1204984|02kK5cKaRCsyZ1bMAfCSyD','Flow',#2367,#103);
#2369=IFCCARTESIANPOINT((-20.637499999965598,0.,0.));
#2370=IFCAXIS2PLACEMENT3D(#2369,#6,#8);
#2371=IFCLOCALPLACEMENT(#863,#2370);
#2372=IFCDISTRIBUTIONPORT('2KJH_tItYRpHfeL9LYcGiU',#18,'Port_1215032_1','Flow',$,#2371,$,.SOURCEANDSINK.);
#2373=IFCRELCONNECTSPORTTOELEMENT('3KRbkDg1XT6d_ExxMhOemn',#18,'1215032|3KRbkDg1XT6d_ExxMhOemn','Flow',#2372,#864);
#2374=IFCRELCONNECTSPORTS('0oz7$qcUZiYa5WonA2eP$7',#18,'20CGGZH$1zuzt8z7j86mx9|2KJH_tItYRpHfeL9LYcGiU','Flow',#2367,#2372,$);
#2375=IFCCARTESIANPOINT((1531.4999999999634,2874.,873.0125000000088));
#2376=IFCAXIS2PLACEMENT3D(#2375,$,$);
#2377=IFCLOCALPLACEMENT(#123,#2376);
#2378=IFCDISTRIBUTIONPORT('0VvPxycW0tPoY6nolJHLCG',#18,'Port_1205002_0','Flow',$,#2377,$,.SOURCEANDSINK.);
#2379=IFCRELCONNECTSPORTTOELEMENT('2wrdVJj57qWdgm_MhWhsYA',#18,'1205002|2wrdVJj57qWdgm_MhWhsYA','Flow',#2378,#132);
#2380=IFCCARTESIANPOINT((-26.987499999991293,0.,0.));
#2381=IFCAXIS2PLACEMENT3D(#2380,#6,#8);
#2382=IFCLOCALPLACEMENT(#1045,#2381);
#2383=IFCDISTRIBUTIONPORT('2359w4DABEI48pPiEqVJ7p',#18,'Port_1215415_1','Flow',$,#2382,$,.SOURCEANDSINK.);
#2384=IFCRELCONNECTSPORTTOELEMENT('0hcl6btUPO7VJczEMeUbmH',#18,'1215415|0hcl6btUPO7VJczEMeUbmH','Flow',#2383,#1046);
#2385=IFCRELCONNECTSPORTS('20bzRhtUmNAjCXbQ0e9$Mc',#18,'0VvPxycW0tPoY6nolJHLCG|2359w4DABEI48pPiEqVJ7p','Flow',#2378,#2383,$);
#2386=IFCCARTESIANPOINT((1531.4999999999907,2874.,-579.36250000000882));
#2387=IFCAXIS2PLACEMENT3D(#2386,#10,#6);
#2388=IFCLOCALPLACEMENT(#123,#2387);
#2389=IFCDISTRIBUTIONPORT('2JSQq45yJnngwATL86ubva',#18,'Port_1205002_1','Flow',$,#2388,$,.SOURCEANDSINK.);
#2390=IFCRELCONNECTSPORTTOELEMENT('06Bb8vDBhVnTNQMzWJggs_',#18,'1205002|06Bb8vDBhVnTNQMzWJggs_','Flow',#2389,#132);
#2391=IFCCARTESIANPOINT((-20.637499999965598,0.,0.));
#2392=IFCAXIS2PLACEMENT3D(#2391,#6,#8);
#2393=IFCLOCALPLACEMENT(#947,#2392);
#2394=IFCDISTRIBUTIONPORT('2b5ySXefKh8mm2BJRwe8A9',#18,'Port_1215334_1','Flow',$,#2393,$,.SOURCEANDSINK.);
#2395=IFCRELCONNECTSPORTTOELEMENT('3M3Qh1U0TplJ9MjRdqGPCU',#18,'1215334|3M3Qh1U0TplJ9MjRdqGPCU','Flow',#2394,#948);
#2396=IFCRELCONNECTSPORTS('1butwEM5jTGAzLykXRJA2A',#18,'2JSQq45yJnngwATL86ubva|2b5ySXefKh8mm2BJRwe8A9','Flow',#2389,#2394,$);
#2397=IFCCARTESIANPOINT((1322.,3126.,926.98750000000371));
#2398=IFCAXIS2PLACEMENT3D(#2397,#10,#5);
#2399=IFCLOCALPLACEMENT(#151,#2398);
#2400=IFCDISTRIBUTIONPORT('2dD2gds7N0WV$fDVtZU8rI',#18,'Port_1205530_0','Flow',$,#2399,$,.SOURCEANDSINK.);
#2401=IFCRELCONNECTSPORTTOELEMENT('3My8D0Ccmtk1WFjhutSe6m',#18,'1205530|3My8D0Ccmtk1WFjhutSe6m','Flow',#2400,#160);
#2402=IFCCARTESIANPOINT((26.987500000003745,0.,0.));
#2403=IFCAXIS2PLACEMENT3D(#2402,#5,#7);
#2404=IFCLOCALPLACEMENT(#1171,#2403);
#2405=IFCDISTRIBUTIONPORT('25jzLt7kxXMmEnxk9nNfOF',#18,'Port_1215519_2','Flow',$,#2404,$,.SOURCEANDSINK.);
#2406=IFCRELCONNECTSPORTTOELEMENT('2nWRLywhjlAIf5oDm1FHuo',#18,'1215519|2nWRLywhjlAIf5oDm1FHuo','Flow',#2405,#1172);
#2407=IFCRELCONNECTSPORTS('0D6YO5p0s$BBvcm9h0MMWT',#18,'2dD2gds7N0WV$fDVtZU8rI|25jzLt7kxXMmEnxk9nNfOF','Flow',#2400,#2405,$);
#2408=IFCCARTESIANPOINT((1322.,3126.,3300.));
#2409=IFCAXIS2PLACEMENT3D(#2408,#9,#6);
#2410=IFCLOCALPLACEMENT(#151,#2409);
#2411=IFCDISTRIBUTIONPORT('1DcfiYnA_skmPpHc4wsfZF',#18,'Port_1205530_1','Flow',$,#2410,$,.SOURCEANDSINK.);
#2412=IFCRELCONNECTSPORTTOELEMENT('3rmZp0DR3WzZ0DkKj3FdqW',#18,'1205530|1DcfiYnA_skmPpHc4wsfZF','Flow',#2411,#160);
#2413=IFCCARTESIANPOINT((1531.4999999999591,3126.,926.98750000000382));
#2414=IFCAXIS2PLACEMENT3D(#2413,#10,#6);
#2415=IFCLOCALPLACEMENT(#179,#2414);
#2416=IFCDISTRIBUTIONPORT('3IJao4I6xbhqVdKPv9BKOk',#18,'Port_1205548_0','Flow',$,#2415,$,.SOURCEANDSINK.);
#2417=IFCRELCONNECTSPORTTOELEMENT('3WAw2NToSOYoRklYt7gf1e',#18,'1205548|3WAw2NToSOYoRklYt7gf1e','Flow',#2416,#188);
#2418=IFCCARTESIANPOINT((26.987500000003745,0.,0.));
#2419=IFCAXIS2PLACEMENT3D(#2418,#5,#7);
#2420=IFCLOCALPLACEMENT(#1087,#2419);
#2421=IFCDISTRIBUTIONPORT('0FnarV68uq5jMMPz_Oki8O',#18,'Port_1215444_2','Flow',$,#2420,$,.SOURCEANDSINK.);
#2422=IFCRELCONNECTSPORTTOELEMENT('1zyRfDPFciq4sYtX4JJ$v3',#18,'1215444|1zyRfDPFciq4sYtX4JJ$v3','Flow',#2421,#1088);
#2423=IFCRELCONNECTSPORTS('19MHOYs7jA8VYcHBSS9mdG',#18,'3IJao4I6xbhqVdKPv9BKOk|0FnarV68uq5jMMPz_Oki8O','Flow',#2416,#2421,$);
#2424=IFCCARTESIANPOINT((1531.5000000000105,3126.,3300.));
#2425=IFCAXIS2PLACEMENT3D(#2424,$,$);
#2426=IFCLOCALPLACEMENT(#179,#2425);
#2427=IFCDISTRIBUTIONPORT('2aG6_aeusrxfCwdXLiIOM_',#18,'Port_1205548_1','Flow',$,#2426,$,.SOURCEANDSINK.);
#2428=IFCRELCONNECTSPORTTOELEMENT('0R0yYzfy_JGJFWiZxAQexo',#18,'1205548|2aG6_aeusrxfCwdXLiIOM_','Flow',#2427,#188);
#2429=IFCCARTESIANPOINT((1322.,2847.0124999998839,0.));
#2430=IFCAXIS2PLACEMENT3D(#2429,#7,#5);
#2431=IFCLOCALPLACEMENT(#207,#2430);
#2432=IFCDISTRIBUTIONPORT('0fWVOwkLVuix6Os_rFKw2D',#18,'Port_1208006_0','Flow',$,#2431,$,.SOURCEANDSINK.);
#2433=IFCRELCONNECTSPORTTOELEMENT('3N$WXfnXxlxhMeWtjnD7fN',#18,'1208006|3N$WXfnXxlxhMeWtjnD7fN','Flow',#2432,#216);
#2434=IFCCARTESIANPOINT((0.,-26.987500000116228,0.));
#2435=IFCAXIS2PLACEMENT3D(#2434,#8,#5);
#2436=IFCLOCALPLACEMENT(#1129,#2435);
#2437=IFCDISTRIBUTIONPORT('0IthaANsruXMIUeuFX$gjc',#18,'Port_1215475_3','Flow',$,#2436,$,.SOURCEANDSINK.);
#2438=IFCRELCONNECTSPORTTOELEMENT('00oh8BJyGxePtBTPlkgW2C',#18,'1215475|00oh8BJyGxePtBTPlkgW2C','Flow',#2437,#1130);
#2439=IFCRELCONNECTSPORTS('3WO6gv4R1oK932jL9$reWF',#18,'0fWVOwkLVuix6Os_rFKw2D|0IthaANsruXMIUeuFX$gjc','Flow',#2432,#2437,$);
#2440=IFCCARTESIANPOINT((1322.,2586.,0.));
#2441=IFCAXIS2PLACEMENT3D(#2440,#8,#6);
#2442=IFCLOCALPLACEMENT(#207,#2441);
#2443=IFCDISTRIBUTIONPORT('2wtcO16DPnUl_NvLty1Ni4',#18,'Port_1208006_1','Flow',$,#2442,$,.SOURCEANDSINK.);
#2444=IFCRELCONNECTSPORTTOELEMENT('1scf9s43L9ycVE7$o78fWQ',#18,'1208006|2wtcO16DPnUl_NvLty1Ni4','Flow',#2443,#216);
#2445=IFCCARTESIANPOINT((1322.,3152.9875000000243,0.));
#2446=IFCAXIS2PLACEMENT3D(#2445,#8,#6);
#2447=IFCLOCALPLACEMENT(#235,#2446);
#2448=IFCDISTRIBUTIONPORT('39UHNKBNaRPd_34FVjcW9K',#18,'Port_1208035_0','Flow',$,#2447,$,.SOURCEANDSINK.);
#2449=IFCRELCONNECTSPORTTOELEMENT('3Om_4c$tNOe6JS9vCHZHPZ',#18,'1208035|3Om_4c$tNOe6JS9vCHZHPZ','Flow',#2448,#244);
#2450=IFCCARTESIANPOINT((0.,-26.987500000024184,0.));
#2451=IFCAXIS2PLACEMENT3D(#2450,#8,#5);
#2452=IFCLOCALPLACEMENT(#1171,#2451);
#2453=IFCDISTRIBUTIONPORT('3JMAAhq7XDR1yp9q3MoTEJ',#18,'Port_1215519_3','Flow',$,#2452,$,.SOURCEANDSINK.);
#2454=IFCRELCONNECTSPORTTOELEMENT('2dymgjPTJR3VuN9fWvhvX2',#18,'1215519|2dymgjPTJR3VuN9fWvhvX2','Flow',#2453,#1172);
#2455=IFCRELCONNECTSPORTS('2LGHPDuyVwdrYQ99OLFNPG',#18,'39UHNKBNaRPd_34FVjcW9K|3JMAAhq7XDR1yp9q3MoTEJ','Flow',#2448,#2453,$);
#2456=IFCCARTESIANPOINT((1322.,3414.,0.));
#2457=IFCAXIS2PLACEMENT3D(#2456,#7,#5);
#2458=IFCLOCALPLACEMENT(#235,#2457);
#2459=IFCDISTRIBUTIONPORT('3osOYxuv4SKvjWC68o3cVk',#18,'Port_1208035_1','Flow',$,#2458,$,.SOURCEANDSINK.);
#2460=IFCRELCONNECTSPORTTOELEMENT('2u0MhjLHN1fKdfBq9vmD6C',#18,'1208035|3osOYxuv4SKvjWC68o3cVk','Flow',#2459,#244);
#2461=IFCCARTESIANPOINT((1531.4999999999634,2847.0124999998843,0.));
#2462=IFCAXIS2PLACEMENT3D(#2461,#7,#5);
#2463=IFCLOCALPLACEMENT(#263,#2462);
#2464=IFCDISTRIBUTIONPORT('2v_QopZ8gwTPlZPmtkoYfv',#18,'Port_1209014_0','Flow',$,#2463,$,.SOURCEANDSINK.);
#2465=IFCRELCONNECTSPORTTOELEMENT('3uldYjmyEx7D01guvROs5r',#18,'1209014|3uldYjmyEx7D01guvROs5r','Flow',#2464,#272);
#2466=IFCCARTESIANPOINT((0.,-26.987500000115688,0.));
#2467=IFCAXIS2PLACEMENT3D(#2466,#8,#5);
#2468=IFCLOCALPLACEMENT(#1045,#2467);
#2469=IFCDISTRIBUTIONPORT('3AMScoZ$uwnxg72HZLYsEx',#18,'Port_1215415_3','Flow',$,#2468,$,.SOURCEANDSINK.);
#2470=IFCRELCONNECTSPORTTOELEMENT('38iNuzlRevBbuGWAQB8Hbe',#18,'1215415|38iNuzlRevBbuGWAQB8Hbe','Flow',#2469,#1046);
#2471=IFCRELCONNECTSPORTS('2KZVjldY3ZAkzmS3kmxYUl',#18,'2v_QopZ8gwTPlZPmtkoYfv|3AMScoZ$uwnxg72HZLYsEx','Flow',#2464,#2469,$);
#2472=IFCCARTESIANPOINT((1531.4999999999618,2586.,0.));
#2473=IFCAXIS2PLACEMENT3D(#2472,#8,#6);
#2474=IFCLOCALPLACEMENT(#263,#2473);
#2475=IFCDISTRIBUTIONPORT('2KwpZ4bj40HpbibvHb0Xj9',#18,'Port_1209014_1','Flow',$,#2474,$,.SOURCEANDSINK.);
#2476=IFCRELCONNECTSPORTTOELEMENT('3MUHC1mI27QnGyOEMyyy3C',#18,'1209014|2KwpZ4bj40HpbibvHb0Xj9','Flow',#2475,#272);
#2477=IFCCARTESIANPOINT((1531.4999999999591,3152.9875000000243,0.));
#2478=IFCAXIS2PLACEMENT3D(#2477,#8,#6);
#2479=IFCLOCALPLACEMENT(#291,#2478);
#2480=IFCDISTRIBUTIONPORT('3YSH_sPOfor6UbZpRl$NBO',#18,'Port_1209032_0','Flow',$,#2479,$,.SOURCEANDSINK.);
#2481=IFCRELCONNECTSPORTTOELEMENT('3B85vPkKkmwm_zmuy95wla',#18,'1209032|3B85vPkKkmwm_zmuy95wla','Flow',#2480,#300);
#2482=IFCCARTESIANPOINT((0.,-26.987500000024184,0.));
#2483=IFCAXIS2PLACEMENT3D(#2482,#8,#5);
#2484=IFCLOCALPLACEMENT(#1087,#2483);
#2485=IFCDISTRIBUTIONPORT('2fhd9EwKZ$KqcdUh3vZUIr',#18,'Port_1215444_3','Flow',$,#2484,$,.SOURCEANDSINK.);
#2486=IFCRELCONNECTSPORTTOELEMENT('3hO7C$eOH4mvR0nRqyxaDz',#18,'1215444|3hO7C$eOH4mvR0nRqyxaDz','Flow',#2485,#1088);
#2487=IFCRELCONNECTSPORTS('0mtXVzaWZqdEAATNrPf92J',#18,'3YSH_sPOfor6UbZpRl$NBO|2fhd9EwKZ$KqcdUh3vZUIr','Flow',#2480,#2485,$);
#2488=IFCCARTESIANPOINT((1531.4999999999607,3414.,0.));
#2489=IFCAXIS2PLACEMENT3D(#2488,#7,#5);
#2490=IFCLOCALPLACEMENT(#291,#2489);
#2491=IFCDISTRIBUTIONPORT('12oaIQLgTWhpkhZhgahIBg',#18,'Port_1209032_1','Flow',$,#2490,$,.SOURCEANDSINK.);
#2492=IFCRELCONNECTSPORTTOELEMENT('0zrwYq9CRFocWLh2hbK91J',#18,'1209032|12oaIQLgTWhpkhZhgahIBg','Flow',#2491,#300);
#2493=IFCCARTESIANPOINT((1558.4874999999956,3000.,-1400.));
#2494=IFCAXIS2PLACEMENT3D(#2493,#6,#7);
#2495=IFCLOCALPLACEMENT(#319,#2494);
#2496=IFCDISTRIBUTIONPORT('2ugIyLhneF4_a76$ByJ8gy',#18,'Port_1211567_0','Flow',$,#2495,$,.SOURCEANDSINK.);
#2497=IFCRELCONNECTSPORTTOELEMENT('0xIb25mGYdLUq0Mz_B4Vch',#18,'1211567|0xIb25mGYdLUq0Mz_B4Vch','Flow',#2496,#328);
#2498=IFCCARTESIANPOINT((-26.98749999998466,0.,0.));
#2499=IFCAXIS2PLACEMENT3D(#2498,#6,#8);
#2500=IFCLOCALPLACEMENT(#989,#2499);
#2501=IFCDISTRIBUTIONPORT('0S4V2Umy_KsWt5V_34KNwY',#18,'Port_1215351_1','Flow',$,#2500,$,.SOURCEANDSINK.);
#2502=IFCRELCONNECTSPORTTOELEMENT('3vZQ_HyNnYw1SxoHJbdoH7',#18,'1215351|3vZQ_HyNnYw1SxoHJbdoH7','Flow',#2501,#990);
#2503=IFCRELCONNECTSPORTS('1dEbEnYsEMSHFAHEOEM7XZ',#18,'2ugIyLhneF4_a76$ByJ8gy|0S4V2Umy_KsWt5V_34KNwY','Flow',#2496,#2501,$);
#2504=IFCCARTESIANPOINT((4208.4999999999527,3000.,-1400.));
#2505=IFCAXIS2PLACEMENT3D(#2504,#5,#8);
#2506=IFCLOCALPLACEMENT(#319,#2505);
#2507=IFCDISTRIBUTIONPORT('19hgPT95CTRnB6xgnwZOwo',#18,'Port_1211567_1','Flow',$,#2506,$,.SOURCEANDSINK.);
#2508=IFCRELCONNECTSPORTTOELEMENT('1sk_IQJk2gPW7AolJQgrqV',#18,'1211567|19hgPT95CTRnB6xgnwZOwo','Flow',#2507,#328);
#2509=IFCCARTESIANPOINT((1558.4874999999836,3000.,-1500.));
#2510=IFCAXIS2PLACEMENT3D(#2509,#6,#7);
#2511=IFCLOCALPLACEMENT(#347,#2510);
#2512=IFCDISTRIBUTIONPORT('10JME3MIWBgZp6DwqfnSFf',#18,'Port_1214442_0','Flow',$,#2511,$,.SOURCEANDSINK.);
#2513=IFCRELCONNECTSPORTTOELEMENT('2G8gcclZDmhB4IMhkvVDQw',#18,'1214442|2G8gcclZDmhB4IMhkvVDQw','Flow',#2512,#356);
#2514=IFCCARTESIANPOINT((-26.98749999998493,0.,0.));
#2515=IFCAXIS2PLACEMENT3D(#2514,#6,#8);
#2516=IFCLOCALPLACEMENT(#905,#2515);
#2517=IFCDISTRIBUTIONPORT('1gB_4lM2Pxw2WjYUkTeZcB',#18,'Port_1215330_1','Flow',$,#2516,$,.SOURCEANDSINK.);
#2518=IFCRELCONNECTSPORTTOELEMENT('2pWqfmpzwt25xuFLFJr2p9',#18,'1215330|2pWqfmpzwt25xuFLFJr2p9','Flow',#2517,#906);
#2519=IFCRELCONNECTSPORTS('3BXBvV10XaX0e4la2IAQQx',#18,'10JME3MIWBgZp6DwqfnSFf|1gB_4lM2Pxw2WjYUkTeZcB','Flow',#2512,#2517,$);
#2520=IFCCARTESIANPOINT((4208.4999999999536,3000.,-1500.));
#2521=IFCAXIS2PLACEMENT3D(#2520,#5,#8);
#2522=IFCLOCALPLACEMENT(#347,#2521);
#2523=IFCDISTRIBUTIONPORT('323p8mpXAEKxBy0vz8trtz',#18,'Port_1214442_1','Flow',$,#2522,$,.SOURCEANDSINK.);
#2524=IFCRELCONNECTSPORTTOELEMENT('1A9ezCCLSyskWEbRjQso8p',#18,'1214442|323p8mpXAEKxBy0vz8trtz','Flow',#2523,#356);
#2525=IFCCARTESIANPOINT((1322.,3026.9874999999574,-1500.));
#2526=IFCAXIS2PLACEMENT3D(#2525,#8,#6);
#2527=IFCLOCALPLACEMENT(#375,#2526);
#2528=IFCDISTRIBUTIONPORT('3h2jHriuw9ZrEEl1mzU2wZ',#18,'Port_1214968_0','Flow',$,#2527,$,.SOURCEANDSINK.);
#2529=IFCRELCONNECTSPORTTOELEMENT('1gFZPSs5QGXOKxn3oWScbv',#18,'1214968|1gFZPSs5QGXOKxn3oWScbv','Flow',#2528,#384);
#2530=IFCCARTESIANPOINT((0.,-26.987499999957048,0.));
#2531=IFCAXIS2PLACEMENT3D(#2530,#8,#5);
#2532=IFCLOCALPLACEMENT(#642,#2531);
#2533=IFCDISTRIBUTIONPORT('3RZB7A9hAyf6QBkO6iSfoO',#18,'Port_1214982_3','Flow',$,#2532,$,.SOURCEANDSINK.);
#2534=IFCRELCONNECTSPORTTOELEMENT('0cfh7yLrQpqRo_mwm72fOF',#18,'1214982|0cfh7yLrQpqRo_mwm72fOF','Flow',#2533,#643);
#2535=IFCRELCONNECTSPORTS('2z7kAqfF_0Vfqjm1bmm$be',#18,'3h2jHriuw9ZrEEl1mzU2wZ|3RZB7A9hAyf6QBkO6iSfoO','Flow',#2528,#2533,$);
#2536=IFCCARTESIANPOINT((1322.,3105.3624999999988,-1500.));
#2537=IFCAXIS2PLACEMENT3D(#2536,#7,#5);
#2538=IFCLOCALPLACEMENT(#375,#2537);
#2539=IFCDISTRIBUTIONPORT('198A4V02$LaMk2pxeG3aBp',#18,'Port_1214968_1','Flow',$,#2538,$,.SOURCEANDSINK.);
#2540=IFCRELCONNECTSPORTTOELEMENT('0mdiTsCdCWNCQdbCLvpQnn',#18,'1214968|0mdiTsCdCWNCQdbCLvpQnn','Flow',#2539,#384);
#2541=IFCCARTESIANPOINT((0.,20.63749999998069,0.));
#2542=IFCAXIS2PLACEMENT3D(#2541,#7,#6);
#2543=IFCLOCALPLACEMENT(#775,#2542);
#2544=IFCDISTRIBUTIONPORT('2llkc8zGEHKOZT9NPSdaWl',#18,'Port_1214986_2','Flow',$,#2543,$,.SOURCEANDSINK.);
#2545=IFCRELCONNECTSPORTTOELEMENT('2HO4SKmCvJvdVGe40As6Ca',#18,'1214986|2HO4SKmCvJvdVGe40As6Ca','Flow',#2544,#776);
#2546=IFCRELCONNECTSPORTS('3GO$rFWnyx6EMiVPEmtQj8',#18,'198A4V02$LaMk2pxeG3aBp|2llkc8zGEHKOZT9NPSdaWl','Flow',#2539,#2544,$);
#2547=IFCCARTESIANPOINT((-26.987499999992242,0.,0.));
#2548=IFCAXIS2PLACEMENT3D(#2547,#6,#8);
#2549=IFCLOCALPLACEMENT(#642,#2548);
#2550=IFCDISTRIBUTIONPORT('3m4EghTL6W9TDg5_8w_uVN',#18,'Port_1214982_1','Flow',$,#2549,$,.SOURCEANDSINK.);
#2551=IFCRELCONNECTSPORTTOELEMENT('1hGvs5Qh3ajwPfIlmKKYgr',#18,'1214982|1hGvs5Qh3ajwPfIlmKKYgr','Flow',#2550,#643);
#2552=IFCCARTESIANPOINT((1348.9874999999922,3000.,-1500.));
#2553=IFCAXIS2PLACEMENT3D(#2552,#6,#7);
#2554=IFCLOCALPLACEMENT(#915,#2553);
#2555=IFCDISTRIBUTIONPORT('1NIosMTwmvPFIoONbgsq8c',#18,'Port_1215331_0','Flow',$,#2554,$,.SOURCEANDSINK.);
#2556=IFCRELCONNECTSPORTTOELEMENT('1A6MhovEpbFVYjYZ5C2ej8',#18,'1215331|1A6MhovEpbFVYjYZ5C2ej8','Flow',#2555,#924);
#2557=IFCRELCONNECTSPORTS('0wpocM0TepFjckvzPq7oWe',#18,'3m4EghTL6W9TDg5_8w_uVN|1NIosMTwmvPFIoONbgsq8c','Flow',#2550,#2555,$);
#2558=IFCCARTESIANPOINT((26.987500000002797,0.,0.));
#2559=IFCAXIS2PLACEMENT3D(#2558,#5,#7);
#2560=IFCLOCALPLACEMENT(#642,#2559);
#2561=IFCDISTRIBUTIONPORT('2r4EEnVAzCGmFgYUwVjowm',#18,'Port_1214982_2','Flow',$,#2560,$,.SOURCEANDSINK.);
#2562=IFCRELCONNECTSPORTTOELEMENT('3raADkZsCXuZ_28H82_x97',#18,'1214982|3raADkZsCXuZ_28H82_x97','Flow',#2561,#643);
#2563=IFCCARTESIANPOINT((1295.0124999999971,3000.,-1500.));
#2564=IFCAXIS2PLACEMENT3D(#2563,#5,#8);
#2565=IFCLOCALPLACEMENT(#657,#2564);
#2566=IFCDISTRIBUTIONPORT('2SlFNPG2us8zPhYuafbAFs',#18,'Port_1214983_1','Flow',$,#2565,$,.SOURCEANDSINK.);
#2567=IFCRELCONNECTSPORTTOELEMENT('34Ilzle_1jsRSrYQw96eFF',#18,'1214983|34Ilzle_1jsRSrYQw96eFF','Flow',#2566,#666);
#2568=IFCRELCONNECTSPORTS('0g815O7lo62pWBHUmkZa1$',#18,'2r4EEnVAzCGmFgYUwVjowm|2SlFNPG2us8zPhYuafbAFs','Flow',#2561,#2566,$);
#2569=IFCCARTESIANPOINT((918.55637904841353,3000.,-1500.));
#2570=IFCAXIS2PLACEMENT3D(#2569,#6,#7);
#2571=IFCLOCALPLACEMENT(#657,#2570);
#2572=IFCDISTRIBUTIONPORT('2_BKxqW3_SWMKNfKJbN$3Q',#18,'Port_1214983_0','Flow',$,#2571,$,.SOURCEANDSINK.);
#2573=IFCRELCONNECTSPORTTOELEMENT('3RNPcro2vCadUyZNQ4C9$U',#18,'1214983|2_BKxqW3_SWMKNfKJbN$3Q','Flow',#2572,#666);
#2574=IFCCARTESIANPOINT((-20.637499999965598,0.,0.));
#2575=IFCAXIS2PLACEMENT3D(#2574,#6,#8);
#2576=IFCLOCALPLACEMENT(#775,#2575);
#2577=IFCDISTRIBUTIONPORT('3hAJofO1sveoXqhVD_2oqV',#18,'Port_1214986_1','Flow',$,#2576,$,.SOURCEANDSINK.);
#2578=IFCRELCONNECTSPORTTOELEMENT('11e9JyIOfH98EY989GFSHj',#18,'1214986|11e9JyIOfH98EY989GFSHj','Flow',#2577,#776);
#2579=IFCCARTESIANPOINT((1322.,3126.,-579.36250000000882));
#2580=IFCAXIS2PLACEMENT3D(#2579,#10,#5);
#2581=IFCLOCALPLACEMENT(#1181,#2580);
#2582=IFCDISTRIBUTIONPORT('3or3O5oImpc21uD8XLEQYf',#18,'Port_1215520_0','Flow',$,#2581,$,.SOURCEANDSINK.);
#2583=IFCRELCONNECTSPORTTOELEMENT('0cUUuHh3T8MGMAIM1pd$O5',#18,'1215520|0cUUuHh3T8MGMAIM1pd$O5','Flow',#2582,#1190);
#2584=IFCRELCONNECTSPORTS('1JzyafhkXCfSdVIBjQhCXo',#18,'3hAJofO1sveoXqhVD_2oqV|3or3O5oImpc21uD8XLEQYf','Flow',#2577,#2582,$);
#2585=IFCCARTESIANPOINT((1322.,2973.0124999999352,-1400.));
#2586=IFCAXIS2PLACEMENT3D(#2585,#7,#5);
#2587=IFCLOCALPLACEMENT(#789,#2586);
#2588=IFCDISTRIBUTIONPORT('0iVb8rskfHJHxoeh4fp$GN',#18,'Port_1215016_0','Flow',$,#2587,$,.SOURCEANDSINK.);
#2589=IFCRELCONNECTSPORTTOELEMENT('0YkwIGmuAFkjPiwuErIGPD',#18,'1215016|0YkwIGmuAFkjPiwuErIGPD','Flow',#2588,#798);
#2590=IFCCARTESIANPOINT((0.,-26.987500000064792,0.));
#2591=IFCAXIS2PLACEMENT3D(#2590,#8,#5);
#2592=IFCLOCALPLACEMENT(#821,#2591);
#2593=IFCDISTRIBUTIONPORT('27eUDkaNF49v$nUBezVO5M',#18,'Port_1215028_3','Flow',$,#2592,$,.SOURCEANDSINK.);
#2594=IFCRELCONNECTSPORTTOELEMENT('2eeql2EGZ9bOQcJATYX$GC',#18,'1215028|2eeql2EGZ9bOQcJATYX$GC','Flow',#2593,#822);
#2595=IFCRELCONNECTSPORTS('3CbTnrRV00Ad90_DoHoaB1',#18,'0iVb8rskfHJHxoeh4fp$GN|27eUDkaNF49v$nUBezVO5M','Flow',#2588,#2593,$);
#2596=IFCCARTESIANPOINT((1322.,2894.6374999998889,-1400.));
#2597=IFCAXIS2PLACEMENT3D(#2596,#8,#6);
#2598=IFCLOCALPLACEMENT(#789,#2597);
#2599=IFCDISTRIBUTIONPORT('1Q1KU4CPqx95efb4sFEtWb',#18,'Port_1215016_1','Flow',$,#2598,$,.SOURCEANDSINK.);
#2600=IFCRELCONNECTSPORTTOELEMENT('0LSJM6hZ_kOfyYtZIJacB$',#18,'1215016|0LSJM6hZ_kOfyYtZIJacB$','Flow',#2599,#798);
#2601=IFCCARTESIANPOINT((0.,20.637499999868073,0.));
#2602=IFCAXIS2PLACEMENT3D(#2601,#7,#6);
#2603=IFCLOCALPLACEMENT(#863,#2602);
#2604=IFCDISTRIBUTIONPORT('1RFYcaKNNnBGfZAA5_hrQi',#18,'Port_1215032_2','Flow',$,#2603,$,.SOURCEANDSINK.);
#2605=IFCRELCONNECTSPORTTOELEMENT('278DJQInVz8E9GtG1tpTse',#18,'1215032|278DJQInVz8E9GtG1tpTse','Flow',#2604,#864);
#2606=IFCRELCONNECTSPORTS('0drBm2VWwmW6lloggN0SPq',#18,'1Q1KU4CPqx95efb4sFEtWb|1RFYcaKNNnBGfZAA5_hrQi','Flow',#2599,#2604,$);
#2607=IFCCARTESIANPOINT((-26.987499999988451,0.,0.));
#2608=IFCAXIS2PLACEMENT3D(#2607,#6,#8);
#2609=IFCLOCALPLACEMENT(#821,#2608);
#2610=IFCDISTRIBUTIONPORT('1rzn71grHlU7t8y$9QHAss',#18,'Port_1215028_1','Flow',$,#2609,$,.SOURCEANDSINK.);
#2611=IFCRELCONNECTSPORTTOELEMENT('3C0HAVRKAX5Wwkzc0cyncg',#18,'1215028|3C0HAVRKAX5Wwkzc0cyncg','Flow',#2610,#822);
#2612=IFCCARTESIANPOINT((1348.9874999999884,3000.,-1400.));
#2613=IFCAXIS2PLACEMENT3D(#2612,#6,#7);
#2614=IFCLOCALPLACEMENT(#999,#2613);
#2615=IFCDISTRIBUTIONPORT('3SnNjfWdtsJhMNKAMXbfz0',#18,'Port_1215352_0','Flow',$,#2614,$,.SOURCEANDSINK.);
#2616=IFCRELCONNECTSPORTTOELEMENT('3qqpxQEKsnL8n6lvqx0wKp',#18,'1215352|3qqpxQEKsnL8n6lvqx0wKp','Flow',#2615,#1008);
#2617=IFCRELCONNECTSPORTS('1KNLlkAWMZ8LT2h6Nd$oDi',#18,'1rzn71grHlU7t8y$9QHAss|3SnNjfWdtsJhMNKAMXbfz0','Flow',#2610,#2615,$);
#2618=IFCCARTESIANPOINT((26.987500000006587,0.,0.));
#2619=IFCAXIS2PLACEMENT3D(#2618,#5,#7);
#2620=IFCLOCALPLACEMENT(#821,#2619);
#2621=IFCDISTRIBUTIONPORT('32vgNMmRFbMdcQU9Xkricz',#18,'Port_1215028_2','Flow',$,#2620,$,.SOURCEANDSINK.);
#2622=IFCRELCONNECTSPORTTOELEMENT('2rjumNHPPh$GUyhCZCLuJ$',#18,'1215028|2rjumNHPPh$GUyhCZCLuJ$','Flow',#2621,#822);
#2623=IFCCARTESIANPOINT((1295.0124999999935,3000.,-1400.));
#2624=IFCAXIS2PLACEMENT3D(#2623,#5,#8);
#2625=IFCLOCALPLACEMENT(#831,#2624);
#2626=IFCDISTRIBUTIONPORT('2qKF80Z7mIYau1mzLAmbHh',#18,'Port_1215029_1','Flow',$,#2625,$,.SOURCEANDSINK.);
#2627=IFCRELCONNECTSPORTTOELEMENT('0Fhq52YyXvvz0rzcJNxopW',#18,'1215029|0Fhq52YyXvvz0rzcJNxopW','Flow',#2626,#840);
#2628=IFCRELCONNECTSPORTS('35pZxhyOPKgV1BobBEnZzg',#18,'32vgNMmRFbMdcQU9Xkricz|2qKF80Z7mIYau1mzLAmbHh','Flow',#2621,#2626,$);
#2629=IFCCARTESIANPOINT((918.55637904841399,3000.,-1400.));
#2630=IFCAXIS2PLACEMENT3D(#2629,#6,#7);
#2631=IFCLOCALPLACEMENT(#831,#2630);
#2632=IFCDISTRIBUTIONPORT('3D$41qj3e_hqyomfOcJJP2',#18,'Port_1215029_0','Flow',$,#2631,$,.SOURCEANDSINK.);
#2633=IFCRELCONNECTSPORTTOELEMENT('3YSlMiakcWmgpsHASQDyk1',#18,'1215029|3D$41qj3e_hqyomfOcJJP2','Flow',#2632,#840);
#2634=IFCCARTESIANPOINT((1531.4999999999861,2973.0124999999489,-1500.));
#2635=IFCAXIS2PLACEMENT3D(#2634,#7,#5);
#2636=IFCLOCALPLACEMENT(#873,#2635);
#2637=IFCDISTRIBUTIONPORT('336wXMwoRZYMA7ED8PHHA5',#18,'Port_1215318_0','Flow',$,#2636,$,.SOURCEANDSINK.);
#2638=IFCRELCONNECTSPORTTOELEMENT('2nvuprvz4rIAHVK3PqDfCo',#18,'1215318|2nvuprvz4rIAHVK3PqDfCo','Flow',#2637,#882);
#2639=IFCCARTESIANPOINT((0.,-26.987500000051256,0.));
#2640=IFCAXIS2PLACEMENT3D(#2639,#8,#5);
#2641=IFCLOCALPLACEMENT(#905,#2640);
#2642=IFCDISTRIBUTIONPORT('0PpH3HBc620OEtBeaBDoN0',#18,'Port_1215330_3','Flow',$,#2641,$,.SOURCEANDSINK.);
#2643=IFCRELCONNECTSPORTTOELEMENT('1ITw1W7wQiNMvA$O$oWN7D',#18,'1215330|1ITw1W7wQiNMvA$O$oWN7D','Flow',#2642,#906);
#2644=IFCRELCONNECTSPORTS('3AMcpjD4HkCk8iVsime3Wp',#18,'336wXMwoRZYMA7ED8PHHA5|0PpH3HBc620OEtBeaBDoN0','Flow',#2637,#2642,$);
#2645=IFCCARTESIANPOINT((1531.4999999999907,2894.6374999998893,-1500.));
#2646=IFCAXIS2PLACEMENT3D(#2645,#8,#6);
#2647=IFCLOCALPLACEMENT(#873,#2646);
#2648=IFCDISTRIBUTIONPORT('2ppOBIVsc19chuC5D3$2Au',#18,'Port_1215318_1','Flow',$,#2647,$,.SOURCEANDSINK.);
#2649=IFCRELCONNECTSPORTTOELEMENT('0zNRONfFS0z7gZwnDMPpxR',#18,'1215318|0zNRONfFS0z7gZwnDMPpxR','Flow',#2648,#882);
#2650=IFCCARTESIANPOINT((0.,20.637499999868613,0.));
#2651=IFCAXIS2PLACEMENT3D(#2650,#7,#6);
#2652=IFCLOCALPLACEMENT(#947,#2651);
#2653=IFCDISTRIBUTIONPORT('0bKw2HFBGTjXhcvcZMej$s',#18,'Port_1215334_2','Flow',$,#2652,$,.SOURCEANDSINK.);
#2654=IFCRELCONNECTSPORTTOELEMENT('1BZTcG5fra98mC6sqXZhcz',#18,'1215334|1BZTcG5fra98mC6sqXZhcz','Flow',#2653,#948);
#2655=IFCRELCONNECTSPORTS('3FmcGLnrQz2gYbdKHCJFB4',#18,'2ppOBIVsc19chuC5D3$2Au|0bKw2HFBGTjXhcvcZMej$s','Flow',#2648,#2653,$);
#2656=IFCCARTESIANPOINT((26.987500000010108,0.,0.));
#2657=IFCAXIS2PLACEMENT3D(#2656,#5,#7);
#2658=IFCLOCALPLACEMENT(#905,#2657);
#2659=IFCDISTRIBUTIONPORT('1KrDVeeH87UHqOyc1Mld6u',#18,'Port_1215330_2','Flow',$,#2658,$,.SOURCEANDSINK.);
#2660=IFCRELCONNECTSPORTTOELEMENT('3iaoKS5m0yPZ1ZXapnG1ZY',#18,'1215330|3iaoKS5m0yPZ1ZXapnG1ZY','Flow',#2659,#906);
#2661=IFCCARTESIANPOINT((1504.5124999999884,3000.,-1500.));
#2662=IFCAXIS2PLACEMENT3D(#2661,#5,#8);
#2663=IFCLOCALPLACEMENT(#915,#2662);
#2664=IFCDISTRIBUTIONPORT('06eMMxu7KdktSAKYWzHnwy',#18,'Port_1215331_1','Flow',$,#2663,$,.SOURCEANDSINK.);
#2665=IFCRELCONNECTSPORTTOELEMENT('2MdZm9W9SNDr9Dk8Hyvvao',#18,'1215331|2MdZm9W9SNDr9Dk8Hyvvao','Flow',#2664,#924);
#2666=IFCRELCONNECTSPORTS('1YalEuLwZUjBwHf2IacQHt',#18,'1KrDVeeH87UHqOyc1Mld6u|06eMMxu7KdktSAKYWzHnwy','Flow',#2659,#2664,$);
#2667=IFCCARTESIANPOINT((1531.4999999999984,3026.9874999999438,-1400.));
#2668=IFCAXIS2PLACEMENT3D(#2667,#8,#6);
#2669=IFCLOCALPLACEMENT(#957,#2668);
#2670=IFCDISTRIBUTIONPORT('2BulrtRVJtQyU976WpyBTo',#18,'Port_1215339_0','Flow',$,#2669,$,.SOURCEANDSINK.);
#2671=IFCRELCONNECTSPORTTOELEMENT('24166Fb57FeDNXA3BOitmX',#18,'1215339|24166Fb57FeDNXA3BOitmX','Flow',#2670,#966);
#2672=IFCCARTESIANPOINT((0.,-26.987499999943513,0.));
#2673=IFCAXIS2PLACEMENT3D(#2672,#8,#5);
#2674=IFCLOCALPLACEMENT(#989,#2673);
#2675=IFCDISTRIBUTIONPORT('1zds9_1sdC7eCRAuD_xxXz',#18,'Port_1215351_3','Flow',$,#2674,$,.SOURCEANDSINK.);
#2676=IFCRELCONNECTSPORTTOELEMENT('0TSN$ztL5pNptZhPuQkPuW',#18,'1215351|0TSN$ztL5pNptZhPuQkPuW','Flow',#2675,#990);
#2677=IFCRELCONNECTSPORTS('2F6hl0Dk1$$m7HsaC$j2MV',#18,'2BulrtRVJtQyU976WpyBTo|1zds9_1sdC7eCRAuD_xxXz','Flow',#2670,#2675,$);
#2678=IFCCARTESIANPOINT((1531.5000000000061,3105.3624999999988,-1400.));
#2679=IFCAXIS2PLACEMENT3D(#2678,#7,#5);
#2680=IFCLOCALPLACEMENT(#957,#2679);
#2681=IFCDISTRIBUTIONPORT('2VEfPMBFuS2foKGcOb5Arq',#18,'Port_1215339_1','Flow',$,#2680,$,.SOURCEANDSINK.);
#2682=IFCRELCONNECTSPORTTOELEMENT('1zFTD7eAQPIsVR6Gpp6t7g',#18,'1215339|1zFTD7eAQPIsVR6Gpp6t7g','Flow',#2681,#966);
#2683=IFCCARTESIANPOINT((0.,20.63749999998069,0.));
#2684=IFCAXIS2PLACEMENT3D(#2683,#7,#6);
#2685=IFCLOCALPLACEMENT(#1031,#2684);
#2686=IFCDISTRIBUTIONPORT('0s1JCn4mCQ2mZUWt1aalfF',#18,'Port_1215355_2','Flow',$,#2685,$,.SOURCEANDSINK.);
#2687=IFCRELCONNECTSPORTTOELEMENT('0i4h3TJRVTScHDOQDVghyd',#18,'1215355|0i4h3TJRVTScHDOQDVghyd','Flow',#2686,#1032);
#2688=IFCRELCONNECTSPORTS('194Q7a1M27ekDknsJWBaVM',#18,'2VEfPMBFuS2foKGcOb5Arq|0s1JCn4mCQ2mZUWt1aalfF','Flow',#2681,#2686,$);
#2689=IFCCARTESIANPOINT((26.987500000010378,0.,0.));
#2690=IFCAXIS2PLACEMENT3D(#2689,#5,#7);
#2691=IFCLOCALPLACEMENT(#989,#2690);
#2692=IFCDISTRIBUTIONPORT('31CCVMiDPlnkJAHQlFZ6NT',#18,'Port_1215351_2','Flow',$,#2691,$,.SOURCEANDSINK.);
#2693=IFCRELCONNECTSPORTTOELEMENT('1Yd7UcyjGnvb4YVbpq$VlB',#18,'1215351|1Yd7UcyjGnvb4YVbpq$VlB','Flow',#2692,#990);
#2694=IFCCARTESIANPOINT((1504.5125000000007,3000.,-1400.));
#2695=IFCAXIS2PLACEMENT3D(#2694,#5,#8);
#2696=IFCLOCALPLACEMENT(#999,#2695);
#2697=IFCDISTRIBUTIONPORT('1a9eRT6yeiA5KYQtYAXkwD',#18,'Port_1215352_1','Flow',$,#2696,$,.SOURCEANDSINK.);
#2698=IFCRELCONNECTSPORTTOELEMENT('23N1RsgOrE2CcP6YhpAkDd',#18,'1215352|23N1RsgOrE2CcP6YhpAkDd','Flow',#2697,#1008);
#2699=IFCRELCONNECTSPORTS('2mVBqC4ZkLGNgqShRsx1Xh',#18,'31CCVMiDPlnkJAHQlFZ6NT|1a9eRT6yeiA5KYQtYAXkwD','Flow',#2692,#2697,$);
#2700=IFCCARTESIANPOINT((-20.637499999965598,0.,0.));
#2701=IFCAXIS2PLACEMENT3D(#2700,#6,#8);
#2702=IFCLOCALPLACEMENT(#1031,#2701);
#2703=IFCDISTRIBUTIONPORT('37JSlkGJ3ZkQqf_WYKyQ1Z',#18,'Port_1215355_1','Flow',$,#2702,$,.SOURCEANDSINK.);
#2704=IFCRELCONNECTSPORTTOELEMENT('0pDdSX8f07rV3P$qvULAgf',#18,'1215355|0pDdSX8f07rV3P$qvULAgf','Flow',#2703,#1032);
#2705=IFCCARTESIANPOINT((1531.5000000000061,3126.,-479.36250000000877));
#2706=IFCAXIS2PLACEMENT3D(#2705,#10,#6);
#2707=IFCLOCALPLACEMENT(#1097,#2706);
#2708=IFCDISTRIBUTIONPORT('1HH3xMOder8KLtcHJxrwbX',#18,'Port_1215445_0','Flow',$,#2707,$,.SOURCEANDSINK.);
#2709=IFCRELCONNECTSPORTTOELEMENT('1QpCtnzVzH2Bq4cFEYD50S',#18,'1215445|1QpCtnzVzH2Bq4cFEYD50S','Flow',#2708,#1106);
#2710=IFCRELCONNECTSPORTS('3cSaXABW7RaQSjPofciZL4',#18,'37JSlkGJ3ZkQqf_WYKyQ1Z|1HH3xMOder8KLtcHJxrwbX','Flow',#2703,#2708,$);
#2711=IFCCARTESIANPOINT((26.987500000003745,0.,0.));
#2712=IFCAXIS2PLACEMENT3D(#2711,#5,#7);
#2713=IFCLOCALPLACEMENT(#1045,#2712);
#2714=IFCDISTRIBUTIONPORT('2Z_GhBx4qJ4ZRxN4M00RX3',#18,'Port_1215415_2','Flow',$,#2713,$,.SOURCEANDSINK.);
#2715=IFCRELCONNECTSPORTTOELEMENT('1jFd9dEskx4FQa7iXcIwYP',#18,'1215415|1jFd9dEskx4FQa7iXcIwYP','Flow',#2714,#1046);
#2716=IFCCARTESIANPOINT((1531.4999999999634,2874.,926.98750000000371));
#2717=IFCAXIS2PLACEMENT3D(#2716,#10,#6);
#2718=IFCLOCALPLACEMENT(#1055,#2717);
#2719=IFCDISTRIBUTIONPORT('1UmnsJRqooduMyhXFiYNwP',#18,'Port_1215416_1','Flow',$,#2718,$,.SOURCEANDSINK.);
#2720=IFCRELCONNECTSPORTTOELEMENT('1ANQKPEuu2MXauwXfzukG4',#18,'1215416|1ANQKPEuu2MXauwXfzukG4','Flow',#2719,#1064);
#2721=IFCRELCONNECTSPORTS('1C5hVN2fuqd4dLikkg0ZJ3',#18,'2Z_GhBx4qJ4ZRxN4M00RX3|1UmnsJRqooduMyhXFiYNwP','Flow',#2714,#2719,$);
#2722=IFCCARTESIANPOINT((1531.4999999999995,2874.,3300.));
#2723=IFCAXIS2PLACEMENT3D(#2722,$,$);
#2724=IFCLOCALPLACEMENT(#1055,#2723);
#2725=IFCDISTRIBUTIONPORT('0trkClgMbf5y00SQ$Ic8WR',#18,'Port_1215416_0','Flow',$,#2724,$,.SOURCEANDSINK.);
#2726=IFCRELCONNECTSPORTTOELEMENT('1ccRXIveCYW4dGMdtxKZjj',#18,'1215416|0trkClgMbf5y00SQ$Ic8WR','Flow',#2725,#1064);
#2727=IFCCARTESIANPOINT((-26.987499999991293,0.,0.));
#2728=IFCAXIS2PLACEMENT3D(#2727,#6,#8);
#2729=IFCLOCALPLACEMENT(#1087,#2728);
#2730=IFCDISTRIBUTIONPORT('0J5oji0gLG0kXYW1awCXNk',#18,'Port_1215444_1','Flow',$,#2729,$,.SOURCEANDSINK.);
#2731=IFCRELCONNECTSPORTTOELEMENT('0WC0jHZC09lXiOJ$BtxPpx',#18,'1215444|0WC0jHZC09lXiOJ$BtxPpx','Flow',#2730,#1088);
#2732=IFCCARTESIANPOINT((1531.4999999999591,3126.,873.01250000000869));
#2733=IFCAXIS2PLACEMENT3D(#2732,$,$);
#2734=IFCLOCALPLACEMENT(#1097,#2733);
#2735=IFCDISTRIBUTIONPORT('2gks6yUw7Ad7yxXgxYamub',#18,'Port_1215445_1','Flow',$,#2734,$,.SOURCEANDSINK.);
#2736=IFCRELCONNECTSPORTTOELEMENT('3c2qzbC$DRLUVLi$UDMkq0',#18,'1215445|3c2qzbC$DRLUVLi$UDMkq0','Flow',#2735,#1106);
#2737=IFCRELCONNECTSPORTS('12apijw2xvNVMnzkYw2lrj',#18,'0J5oji0gLG0kXYW1awCXNk|2gks6yUw7Ad7yxXgxYamub','Flow',#2730,#2735,$);
#2738=IFCCARTESIANPOINT((26.987500000003745,0.,0.));
#2739=IFCAXIS2PLACEMENT3D(#2738,#5,#7);
#2740=IFCLOCALPLACEMENT(#1129,#2739);
#2741=IFCDISTRIBUTIONPORT('1Rrw00GZ90kin0MgJ4rpmr',#18,'Port_1215475_2','Flow',$,#2740,$,.SOURCEANDSINK.);
#2742=IFCRELCONNECTSPORTTOELEMENT('1qYJ6JOL3ou2C1GqUicwJE',#18,'1215475|1qYJ6JOL3ou2C1GqUicwJE','Flow',#2741,#1130);
#2743=IFCCARTESIANPOINT((1322.,2874.,926.98750000000371));
#2744=IFCAXIS2PLACEMENT3D(#2743,#10,#5);
#2745=IFCLOCALPLACEMENT(#1139,#2744);
#2746=IFCDISTRIBUTIONPORT('3Qcc_ZEcByolbYahieilQ6',#18,'Port_1215476_1','Flow',$,#2745,$,.SOURCEANDSINK.);
#2747=IFCRELCONNECTSPORTTOELEMENT('0WilsNzMoOcrV37HBH$7hb',#18,'1215476|0WilsNzMoOcrV37HBH$7hb','Flow',#2746,#1148);
#2748=IFCRELCONNECTSPORTS('2YaVrMneATSIcP_CtQ$wG$',#18,'1Rrw00GZ90kin0MgJ4rpmr|3Qcc_ZEcByolbYahieilQ6','Flow',#2741,#2746,$);
#2749=IFCCARTESIANPOINT((1322.,2874.,3300.));
#2750=IFCAXIS2PLACEMENT3D(#2749,#9,#6);
#2751=IFCLOCALPLACEMENT(#1139,#2750);
#2752=IFCDISTRIBUTIONPORT('0HxKs99mpyNLnW9u8cUpfu',#18,'Port_1215476_0','Flow',$,#2751,$,.SOURCEANDSINK.);
#2753=IFCRELCONNECTSPORTTOELEMENT('3wNgmP_moGtXZ0NuxurAb$',#18,'1215476|0HxKs99mpyNLnW9u8cUpfu','Flow',#2752,#1148);
#2754=IFCCARTESIANPOINT((-26.987499999991293,0.,0.));
#2755=IFCAXIS2PLACEMENT3D(#2754,#6,#8);
#2756=IFCLOCALPLACEMENT(#1171,#2755);
#2757=IFCDISTRIBUTIONPORT('1snEtq6umcum7jw1DTe$hy',#18,'Port_1215519_1','Flow',$,#2756,$,.SOURCEANDSINK.);
#2758=IFCRELCONNECTSPORTTOELEMENT('32WcQts1CoRsk75AceFpZr',#18,'1215519|32WcQts1CoRsk75AceFpZr','Flow',#2757,#1172);
#2759=IFCCARTESIANPOINT((1322.,3126.,873.01250000000869));
#2760=IFCAXIS2PLACEMENT3D(#2759,#9,#6);
#2761=IFCLOCALPLACEMENT(#1181,#2760);
#2762=IFCDISTRIBUTIONPORT('3uWTGc3NVdeML4gi9mslKX',#18,'Port_1215520_1','Flow',$,#2761,$,.SOURCEANDSINK.);
#2763=IFCRELCONNECTSPORTTOELEMENT('0epHalqll1rkgFzw_r2J0R',#18,'1215520|0epHalqll1rkgFzw_r2J0R','Flow',#2762,#1190);
#2764=IFCRELCONNECTSPORTS('2GvlI5TVxpgkm1bO7BT0uo',#18,'1snEtq6umcum7jw1DTe$hy|3uWTGc3NVdeML4gi9mslKX','Flow',#2757,#2762,$);
#2765=IFCCARTESIANPOINT((0.,38.100000000005821,-26.987500000019669));
#2766=IFCAXIS2PLACEMENT3D(#2765,#7,#6);
#2767=IFCLOCALPLACEMENT(#1230,#2766);
#2768=IFCDISTRIBUTIONPORT('2jJ52os$xIWKPohUHE$Ru6',#18,'Port_1216719_1','Flow',$,#2767,$,.SOURCEANDSINK.);
#2769=IFCRELCONNECTSPORTTOELEMENT('2K51GCQw939Wy62FYG_0QJ',#18,'1216719|2jJ52os$xIWKPohUHE$Ru6','Flow',#2768,#1231);
#2770=IFCCARTESIANPOINT((0.,38.100000000005956,-26.987500000107921));
#2771=IFCAXIS2PLACEMENT3D(#2770,#7,#6);
#2772=IFCLOCALPLACEMENT(#1242,#2771);
#2773=IFCDISTRIBUTIONPORT('01QNmTKrsaLUsBlVlraS1Y',#18,'Port_1216757_1','Flow',$,#2772,$,.SOURCEANDSINK.);
#2774=IFCRELCONNECTSPORTTOELEMENT('11Vm3Gi7VHCV32Lq7AKETS',#18,'1216757|01QNmTKrsaLUsBlVlraS1Y','Flow',#2773,#1243);
#2775=IFCCARTESIANPOINT((0.,38.100000000005821,-26.987500000019669));
#2776=IFCAXIS2PLACEMENT3D(#2775,#7,#6);
#2777=IFCLOCALPLACEMENT(#1253,#2776);
#2778=IFCDISTRIBUTIONPORT('0k0jC8H33nQ8lER0f2gwm2',#18,'Port_1216936_1','Flow',$,#2777,$,.SOURCEANDSINK.);
#2779=IFCRELCONNECTSPORTTOELEMENT('2wNZ4MVFVrqkiH_FWW7etW',#18,'1216936|0k0jC8H33nQ8lER0f2gwm2','Flow',#2778,#1254);
#2780=IFCCARTESIANPOINT((0.,38.100000000005821,-26.987500000019395));
#2781=IFCAXIS2PLACEMENT3D(#2780,#7,#6);
#2782=IFCLOCALPLACEMENT(#1264,#2781);
#2783=IFCDISTRIBUTIONPORT('3BvXuSZTNqSZq44E1utTpk',#18,'Port_1217085_1','Flow',$,#2782,$,.SOURCEANDSINK.);
#2784=IFCRELCONNECTSPORTTOELEMENT('1wZn97SWhtHSPJo5RnQxEn',#18,'1217085|3BvXuSZTNqSZq44E1utTpk','Flow',#2783,#1265);
#2785=IFCCARTESIANPOINT((0.,38.100000000006226,-26.987500000111602));
#2786=IFCAXIS2PLACEMENT3D(#2785,#7,#6);
#2787=IFCLOCALPLACEMENT(#1292,#2786);
#2788=IFCDISTRIBUTIONPORT('158K9yGHCRS$pGX6dlRbVt',#18,'Port_1217809_1','Flow',$,#2787,$,.SOURCEANDSINK.);
#2789=IFCRELCONNECTSPORTTOELEMENT('1blI1foIFu9Xuom3QNE083',#18,'1217809|158K9yGHCRS$pGX6dlRbVt','Flow',#2788,#1293);
#2790=IFCCARTESIANPOINT((0.,38.100000000005956,-26.987500000023307));
#2791=IFCAXIS2PLACEMENT3D(#2790,#7,#6);
#2792=IFCLOCALPLACEMENT(#1304,#2791);
#2793=IFCDISTRIBUTIONPORT('32JFFOfcWM7mhjN0fEXJoh',#18,'Port_1217967_1','Flow',$,#2792,$,.SOURCEANDSINK.);
#2794=IFCRELCONNECTSPORTTOELEMENT('1WT2Klymcg25X8pW9PxltI',#18,'1217967|32JFFOfcWM7mhjN0fEXJoh','Flow',#2793,#1305);
#2795=IFCCARTESIANPOINT((0.,38.100000000005956,-26.987500000023307));
#2796=IFCAXIS2PLACEMENT3D(#2795,#7,#6);
#2797=IFCLOCALPLACEMENT(#1315,#2796);
#2798=IFCDISTRIBUTIONPORT('39bVZqYt01TppETzckul4o',#18,'Port_1218166_1','Flow',$,#2797,$,.SOURCEANDSINK.);
#2799=IFCRELCONNECTSPORTTOELEMENT('33HqGqL6j5VFrMFE8FgUV4',#18,'1218166|39bVZqYt01TppETzckul4o','Flow',#2798,#1316);
#2800=IFCCARTESIANPOINT((0.,254.,-73.02500000000181));
#2801=IFCAXIS2PLACEMENT3D(#2800,#7,#5);
#2802=IFCLOCALPLACEMENT(#1338,#2801);
#2803=IFCDISTRIBUTIONPORT('1kD2f9avZ4No5qi3NoTb34',#18,'Port_1223501_1','Flow',$,#2802,$,.SOURCEANDSINK.);
#2804=IFCRELCONNECTSPORTTOELEMENT('3WzKC2fhgQBrFfPPNUYUj5',#18,'1223501|1kD2f9avZ4No5qi3NoTb34','Flow',#2803,#1339);
#2805=IFCPROPERTYSINGLEVALUE('Name',$,IFCLABEL('Pipe depth (hot)'),$);
#2806=IFCPROPERTYSET('2D_RQueLFLyeINHtNzCoPs',#18,'Pset_AirSideSystemInformation',$,(#2805));
#2807=IFCPROPERTYSINGLEVALUE('AboveGround',$,IFCLOGICAL(.U.),$);
#2808=IFCPROPERTYSET('28QbINklGpwmwL5fKIqVA3',#18,'Pset_BuildingStoreyCommon',$,(#2807));
#2809=IFCPROPERTYSINGLEVALUE('Name',$,IFCLABEL('Pipe depth (hot)'),$);
#2810=IFCPROPERTYSET('19vS606QWv4VZvMhWO6JGV',#18,'Pset_ProductRequirements',$,(#2809));
#2811=IFCRELDEFINESBYPROPERTIES('0RrZ6ipeSRk$c0zOKA_fnI',#18,$,$,(#36),#2806);
#2812=IFCRELDEFINESBYPROPERTIES('2rBpnBuxIbnlP4FXM0TwvC',#18,$,$,(#36),#2808);
#2813=IFCRELDEFINESBYPROPERTIES('0Ad1lJNRiewXgmnnt0gAlZ',#18,$,$,(#36),#2810);
#2814=IFCRELCONTAINEDINSPATIALSTRUCTURE('1iDZV_Brn0Z9GW0EBhImMT',#18,$,$,(#1456),#36);
#2815=IFCPROPERTYSINGLEVALUE('Name',$,IFCLABEL('Pipe depth (cold)'),$);
#2816=IFCPROPERTYSET('09DG4wYOZXd8iUtiLzzXK8',#18,'Pset_AirSideSystemInformation',$,(#2815));
#2817=IFCPROPERTYSET('3_ZlPR8Yg3zKmgR9O2EfpX',#18,'Pset_BuildingStoreyCommon',$,(#2807));
#2818=IFCPROPERTYSINGLEVALUE('Name',$,IFCLABEL('Pipe depth (cold)'),$);
#2819=IFCPROPERTYSET('2KArMNWkej4QIGoAjHzQWj',#18,'Pset_ProductRequirements',$,(#2818));
#2820=IFCRELDEFINESBYPROPERTIES('1otyUyAOMlyrYMr$QByJgK',#18,$,$,(#40),#2816);
#2821=IFCRELDEFINESBYPROPERTIES('0b0aMD4ZnlVyf$96yXuJEP',#18,$,$,(#40),#2817);
#2822=IFCRELDEFINESBYPROPERTIES('2r7tQXKWi_1BoieQBI6HRl',#18,$,$,(#40),#2819);
#2823=IFCRELCONTAINEDINSPATIALSTRUCTURE('1iDZV_Brn0Z9GW0EBhIn1x',#18,$,$,(#1568),#40);
#2824=IFCPROPERTYSINGLEVALUE('Name',$,IFCLABEL('L1'),$);
#2825=IFCPROPERTYSET('2l4vqu11LCaZAypUbzwyea',#18,'Pset_AirSideSystemInformation',$,(#2824));
#2826=IFCPROPERTYSET('16L50AfyZF4hYq5TGET4H4',#18,'Pset_BuildingStoreyCommon',$,(#2807));
#2827=IFCPROPERTYSINGLEVALUE('Name',$,IFCLABEL('L1'),$);
#2828=IFCPROPERTYSET('0Fxv$pCHYe$d1NPq668uup',#18,'Pset_ProductRequirements',$,(#2827));
#2829=IFCRELDEFINESBYPROPERTIES('3NFes7CBV81H0RHVpWu5ZF',#18,$,$,(#43),#2825);
#2830=IFCRELDEFINESBYPROPERTIES('2VdfSfkgzGoZi_3SgzE8$0',#18,$,$,(#43),#2826);
#2831=IFCRELDEFINESBYPROPERTIES('0Vxl9G1EBUZpUdM$cyum7J',#18,$,$,(#43),#2828);
#2832=IFCRELCONTAINEDINSPATIALSTRUCTURE('1iDZV_Brn0Z9GW0EBhIo4v',#18,$,$,(#103,#132,#160,#188,#776,#864,#948,#1032,#1064,#1106,#1148,#1190,#1231,#1243,#1254,#1265,#1293,#1305,#1316,#1339,#1680),#43);
#2833=IFCPROPERTYSINGLEVALUE('Name',$,IFCLABEL('Receptacle level'),$);
#2834=IFCPROPERTYSET('24pLwc8ssn26_fF$42O6IE',#18,'Pset_AirSideSystemInformation',$,(#2833));
#2835=IFCPROPERTYSET('3mCGhwYRVBRmc5BZoDiPbC',#18,'Pset_BuildingStoreyCommon',$,(#2807));
#2836=IFCPROPERTYSINGLEVALUE('Name',$,IFCLABEL('Receptacle level'),$);
#2837=IFCPROPERTYSET('2B83O7F$S$Oe4sQt_blrf1',#18,'Pset_ProductRequirements',$,(#2836));
#2838=IFCRELDEFINESBYPROPERTIES('0SeRhtNGe8I9fP82XEbS8f',#18,$,$,(#47),#2834);
#2839=IFCRELDEFINESBYPROPERTIES('2uGC_kPEb2NbHYerO6iOVy',#18,$,$,(#47),#2835);
#2840=IFCRELDEFINESBYPROPERTIES('1BP5Ck5HJqBc3DIFNWXbKH',#18,$,$,(#47),#2837);
#2841=IFCRELCONTAINEDINSPATIALSTRUCTURE('2AhLRpNSP4f8mRIjnLfMuD',#18,$,$,(#1792),#47);
#2842=IFCPROPERTYSINGLEVALUE('Name',$,IFCLABEL('Sink height'),$);
#2843=IFCPROPERTYSET('3$4u_7xgFweUxHV7ZbpXXj',#18,'Pset_AirSideSystemInformation',$,(#2842));
#2844=IFCPROPERTYSET('3140WsNM4zCH5FJ4YZNXkE',#18,'Pset_BuildingStoreyCommon',$,(#2807));
#2845=IFCPROPERTYSINGLEVALUE('Name',$,IFCLABEL('Sink height'),$);
#2846=IFCPROPERTYSET('3qrloMjX8MGbsp$8lF7xlm',#18,'Pset_ProductRequirements',$,(#2845));
#2847=IFCRELDEFINESBYPROPERTIES('1iZc27MdvkX9Wf1wDA72Gf',#18,$,$,(#51),#2843);
#2848=IFCRELDEFINESBYPROPERTIES('0w2mNcI8PJ07miu905JQGS',#18,$,$,(#51),#2844);
#2849=IFCRELDEFINESBYPROPERTIES('1yMcYutjSx2MUCHq76K2DA',#18,$,$,(#51),#2846);
#2850=IFCRELCONTAINEDINSPATIALSTRUCTURE('1iDZV_Brn0Z9GW0EBhIosK',#18,$,$,(#216,#244,#272,#300,#328,#356,#384,#643,#666,#798,#822,#840,#882,#906,#924,#966,#990,#1008,#1046,#1088,#1130,#1172,#1904),#51);
#2851=IFCPROPERTYSINGLEVALUE('Name',$,IFCLABEL('Switch level'),$);
#2852=IFCPROPERTYSET('2M5Vj50zN_wCgknIQsswMd',#18,'Pset_AirSideSystemInformation',$,(#2851));
#2853=IFCPROPERTYSET('1BRzhwWkv$AoZ4Cu5lkC3B',#18,'Pset_BuildingStoreyCommon',$,(#2807));
#2854=IFCPROPERTYSINGLEVALUE('Name',$,IFCLABEL('Switch level'),$);
#2855=IFCPROPERTYSET('1uVGEe1BvAOgyYE6bUJKyK',#18,'Pset_ProductRequirements',$,(#2854));
#2856=IFCRELDEFINESBYPROPERTIES('1CMWr89LqKVzeWc7nM_s23',#18,$,$,(#55),#2852);
#2857=IFCRELDEFINESBYPROPERTIES('3ZSOeAodyu0oP4OgBIx_ek',#18,$,$,(#55),#2853);
#2858=IFCRELDEFINESBYPROPERTIES('39zZSdEzRPiLR95MUmUWc8',#18,$,$,(#55),#2855);
#2859=IFCRELCONTAINEDINSPATIALSTRUCTURE('2AhLRpNSP4f8mRIjnLfMod',#18,$,$,(#2016),#55);
#2860=IFCPROPERTYSINGLEVALUE('Name',$,IFCLABEL('L3'),$);
#2861=IFCPROPERTYSET('1eU_OJg7ME1TF_E3IfHH9P',#18,'Pset_AirSideSystemInformation',$,(#2860));
#2862=IFCPROPERTYSET('1jjZ3s1Cfy1IWVihDO98Uc',#18,'Pset_BuildingStoreyCommon',$,(#2807));
#2863=IFCPROPERTYSINGLEVALUE('Name',$,IFCLABEL('L3'),$);
#2864=IFCPROPERTYSET('0b_sv3e9ZV0hm93CWVT6ib',#18,'Pset_ProductRequirements',$,(#2863));
#2865=IFCRELDEFINESBYPROPERTIES('0jyrdgsM0ZOfBW6WRjmAq8',#18,$,$,(#59),#2861);
#2866=IFCRELDEFINESBYPROPERTIES('1R008f80nlE$9EVbwCswgU',#18,$,$,(#59),#2862);
#2867=IFCRELDEFINESBYPROPERTIES('1aJiU2bi$$qMq4RuytbkJC',#18,$,$,(#59),#2864);
#2868=IFCRELCONTAINEDINSPATIALSTRUCTURE('1iDZV_Brn0Z9GW0EBhIoDa',#18,$,$,(#2128),#59);
#2869=IFCPROPERTYSINGLEVALUE('Name',$,IFCLABEL('L2'),$);
#2870=IFCPROPERTYSET('2rmMSkA7gc4STb1LnLF8UH',#18,'Pset_AirSideSystemInformation',$,(#2869));
#2871=IFCPROPERTYSET('1n34enW33Z_3Qq2Pm1kjQZ',#18,'Pset_BuildingStoreyCommon',$,(#2807));
#2872=IFCPROPERTYSINGLEVALUE('Name',$,IFCLABEL('L2'),$);
#2873=IFCPROPERTYSET('3b2aIDv9vaOvbWU0hVWzaG',#18,'Pset_ProductRequirements',$,(#2872));
#2874=IFCRELDEFINESBYPROPERTIES('1kaSOYlg8iono8iflzrHRz',#18,$,$,(#63),#2870);
#2875=IFCRELDEFINESBYPROPERTIES('36oM8gyLQ5_Z6XoGK5uP1E',#18,$,$,(#63),#2871);
#2876=IFCRELDEFINESBYPROPERTIES('2r$5AllCk4VpjESRla$JzH',#18,$,$,(#63),#2873);
#2877=IFCRELCONTAINEDINSPATIALSTRUCTURE('1iDZV_Brn0Z9GW0EBhIoCG',#18,$,$,(#2240),#63);
#2878=IFCPROPERTYSINGLEVALUE('Name',$,IFCLABEL('Pipe height'),$);
#2879=IFCPROPERTYSET('2mowrSy8R7Hhe2imLAYcxh',#18,'Pset_AirSideSystemInformation',$,(#2878));
#2880=IFCPROPERTYSET('2fxa48pNYAywRzAtFo4Jif',#18,'Pset_BuildingStoreyCommon',$,(#2807));
#2881=IFCPROPERTYSINGLEVALUE('Name',$,IFCLABEL('Pipe height'),$);
#2882=IFCPROPERTYSET('21ABK$Ku_KwiPoBWMeuJ$n',#18,'Pset_ProductRequirements',$,(#2881));
#2883=IFCRELDEFINESBYPROPERTIES('3gKzmf7pjyk3Cc$Qkge8GL',#18,$,$,(#67),#2879);
#2884=IFCRELDEFINESBYPROPERTIES('0u6pRKPutqs5mkUPmEjpRu',#18,$,$,(#67),#2880);
#2885=IFCRELDEFINESBYPROPERTIES('34dIsnIjVOOygDj_NDQvhR',#18,$,$,(#67),#2882);
#2886=IFCRELCONTAINEDINSPATIALSTRUCTURE('1iDZV_Brn0Z9GW0EBhInC2',#18,$,$,(#2352),#67);
#2887=IFCRELAGGREGATES('3cptXMcCZbfpGRYzKvFC6p',#18,$,$,#27,(#70));
#2888=IFCRELAGGREGATES('19khgLdEWJf5wLlrZis4p$',#18,$,$,#70,(#32));
#2889=IFCRELAGGREGATES('1yhDISh1T5aQqAoygxGIhP',#18,$,$,#32,(#36,#40,#43,#47,#51,#55,#59,#63,#67));
#2890=IFCPROPERTYSINGLEVALUE('NumberOfStoreys',$,IFCINTEGER(3),$);
#2891=IFCPROPERTYSINGLEVALUE('IsLandmarked',$,IFCLOGICAL(.U.),$);
#2892=IFCPROPERTYSET('3ma1wWoQPhdkYlR7Ds$3uN',#18,'Pset_BuildingCommon',$,(#2890,#2891));
#2893=IFCRELDEFINESBYPROPERTIES('2HJbEZ$DXnaSYRcuTgiGIW',#18,$,$,(#32),#2892);
#2894=IFCRELASSOCIATESMATERIAL('0qB8nk__th2Quvl_3zfVUr',#18,$,$,(#634,#643,#769,#776,#822,#864,#906,#948,#990,#1032,#1046,#1088,#1130,#1172,#1224,#1231,#1243,#1254,#1265,#1286,#1293,#1305,#1316,#1332,#1339),#635);
#2895=IFCRELDEFINESBYTYPE('15SIrxG6e9E2c0sRdlRo25',#18,$,$,(#103,#132,#160,#188,#216,#244,#272,#300,#328,#356,#384,#666,#798,#840,#882,#924,#966,#1008,#1064,#1106,#1148,#1190),#102);
#2896=IFCRELDEFINESBYTYPE('1tcPyjzQoUpnY8EMP7P1Ws',#18,$,$,(#643,#822,#906,#990,#1046,#1088,#1130,#1172),#634);
#2897=IFCRELDEFINESBYTYPE('0YzZEG4DqYOsuQhobP6391',#18,$,$,(#776,#864,#948,#1032),#769);
#2898=IFCRELDEFINESBYTYPE('0Kw73qrUkW6p3t8v5snFpi',#18,$,$,(#1231,#1243,#1254,#1265),#1224);
#2899=IFCRELDEFINESBYTYPE('3x2SwLEy1v1E5pGPGWKzjy',#18,$,$,(#1293,#1305,#1316),#1286);
#2900=IFCRELDEFINESBYTYPE('1Di_FLT46kGSDMwXJFEGFA',#18,$,$,(#1339),#1332);
#2901=IFCSYSTEM('1iDZV_Brn0Z9GW0EFhInEg',#18,'Domestic Cold Water 1',$,'Domestic Cold Water');
#2902=IFCRELSERVICESBUILDINGS('3AF$jLquipUOmojfnYKfkQ',#18,$,$,#2901,(#32));
#2903=IFCRELASSIGNSTOGROUP('1tK87zIfBvn9QePvO3Jp7F',#18,$,$,(#103,#188,#216,#300,#328,#798,#822,#840,#864,#966,#990,#1008,#1032,#1088,#1106,#1130,#1148,#2356,#2361,#2367,#2372,#2416,#2421,#2427,#2432,#2437,#2443,#2480,#2485,#2491,#2496,#2501,#2507,#2588,#2593,#2599,#2604,#2610,#2615,#2621,#2626,#2632,#2670,#2675,#2681,#2686,#2692,#2697,#2703,#2708,#2730,#2735,#2741,#2746,#2752),$,#2901);
#2904=IFCSYSTEM('1iDZV_Brn0Z9GW0EFhIn9S',#18,'Domestic Hot Water 2',$,'Domestic Hot Water');
#2905=IFCRELSERVICESBUILDINGS('2PSUQ_IgeZ0oK$25723F3b',#18,$,$,#2904,(#32));
#2906=IFCRELASSIGNSTOGROUP('349xMoGxlkJaUBU9EFT1l_',#18,$,$,(#132,#160,#244,#272,#356,#384,#643,#666,#776,#882,#906,#924,#948,#1046,#1064,#1172,#1190,#2378,#2383,#2389,#2394,#2400,#2405,#2411,#2448,#2453,#2459,#2464,#2469,#2475,#2512,#2517,#2523,#2528,#2533,#2539,#2544,#2550,#2555,#2561,#2566,#2572,#2577,#2582,#2637,#2642,#2648,#2653,#2659,#2664,#2714,#2719,#2725,#2757,#2762),$,#2904);
#2907=IFCSYSTEM('2AhLRpNSP4f8mRIjrLfMR9',#18,'1',$,'');
#2908=IFCRELSERVICESBUILDINGS('1Nm1OFkAMZHrsD0$6rOZqL',#18,$,$,#2907,(#32));
#2909=IFCRELASSIGNSTOGROUP('2UsS40KOibu3NPoz2Qfotq',#18,$,$,(#1231,#1243,#1254,#1265,#1293,#1305,#1316,#1339),$,#2907);
#2910=IFCPRESENTATIONLAYERASSIGNMENT('P-PIPE',$,(#100,#130,#158,#186,#214,#242,#270,#298,#326,#354,#382,#631,#638,#664,#766,#771,#796,#817,#838,#859,#880,#901,#922,#943,#964,#985,#1006,#1027,#1041,#1062,#1083,#1104,#1125,#1146,#1167,#1188),$);
#2911=IFCPRESENTATIONLAYERASSIGNMENT('E-ELEC-FIXT',$,(#1221,#1226,#1238,#1249,#1260),$);
#2912=IFCPRESENTATIONLAYERASSIGNMENT('E-LITE',$,(#1283,#1288,#1300,#1311),$);
#2913=IFCPRESENTATIONLAYERASSIGNMENT('E-ELEC-EQPM',$,(#1329,#1334),$);
#2914=IFCPRESENTATIONLAYERASSIGNMENT('S-GRID',$,(#1453,#1565,#1677,#1789,#1901,#2013,#2125,#2237,#2349),$);
#2915=IFCUNITASSIGNMENT((#19,#98,#99));
ENDSEC;

END-ISO-10303-21;