ISO-10303-21;
HEADER;
FILE_DESCRIPTION(('ViewDefinition [CoordinationView_V2.0]','RevitIdentifiers [ContentGUID: 6122bfc6-d01c-439e-84f7-53470c567acb, VersionGUID: 3dcbadfa-08cd-46dc-ac59-e2f9c9efd053, NumberOfSaves: 12]','CoordinateReference [CoordinateBase: Shared Coordinates, ProjectSite: Default Site]'),'2;1');
FILE_NAME('Example_ARC.ifc','2026-04-01T18:30:39+01:00',(''),(''),'ODA SDAI 24.6','Autodesk Revit 24.3.40.26 (ENU) - IFC 24.3.40.26','');
FILE_SCHEMA(('IFC2X3'));
ENDSEC;

DATA;
#1=IFCORGANIZATION($,'Autodesk Revit 2024 (ENU)',$,$,$);
#2=IFCAPPLICATION(#1,'2024','Autodesk Revit 2024 (ENU)','Revit');
#3=IFCCARTESIANPOINT((0.,0.,0.));
#4=IFCCARTESIANPOINT((0.,0.));
#5=IFCDIRECTION((1.,0.,0.));
#6=IFCDIRECTION((-1.,0.,0.));
#7=IFCDIRECTION((0.,1.,0.));
#8=IFCDIRECTION((0.,-1.,0.));
#9=IFCDIRECTION((0.,0.,1.));
#10=IFCDIRECTION((0.,0.,-1.));
#11=IFCDIRECTION((1.,0.));
#12=IFCDIRECTION((-1.,0.));
#13=IFCDIRECTION((0.,1.));
#14=IFCDIRECTION((0.,-1.));
#15=IFCPERSON($,'','gw.bang',$,$,$,$,$);
#16=IFCORGANIZATION($,'Organization Name','Organization Description',$,$);
#17=IFCPERSONANDORGANIZATION(#15,#16,$);
#18=IFCOWNERHISTORY(#17,#2,$,.NOCHANGE.,$,$,$,1775060871);
#19=IFCSIUNIT(*,.LENGTHUNIT.,.MILLI.,.METRE.);
#20=IFCAXIS2PLACEMENT3D(#3,$,$);
#21=IFCDIRECTION((6.1230317691118863E-17,1.));
#22=IFCGEOMETRICREPRESENTATIONCONTEXT($,'Model',3,0.01,#20,#21);
#23=IFCGEOMETRICREPRESENTATIONSUBCONTEXT('Axis','Model',*,*,*,*,#22,$,.GRAPH_VIEW.,$);
#24=IFCGEOMETRICREPRESENTATIONSUBCONTEXT('Body','Model',*,*,*,*,#22,$,.MODEL_VIEW.,$);
#25=IFCGEOMETRICREPRESENTATIONSUBCONTEXT('Box','Model',*,*,*,*,#22,$,.MODEL_VIEW.,$);
#26=IFCGEOMETRICREPRESENTATIONSUBCONTEXT('FootPrint','Model',*,*,*,*,#22,$,.MODEL_VIEW.,$);
#27=IFCPROJECT('1NNk23r4fCdBG4Kwzz8Urx',#18,'Project Number',$,$,'Project Name','Project Status',(#22),#4007);
#28=IFCCLASSIFICATION('CSI (Construction Specifications Institute)','1998',$,'Uniformat');
#29=IFCAXIS2PLACEMENT3D(#3,$,$);
#30=IFCLOCALPLACEMENT(#69,#29);
#31=IFCPOSTALADDRESS($,$,$,$,('Enter address hereAddress Line 2'),$,'','','','Boston MA');
#32=IFCBUILDING('1NNk23r4fCdBG4Kwzz8Urw',#18,'Building Name',$,$,#30,$,'Building Name',.ELEMENT.,$,$,#31);
#33=IFCCARTESIANPOINT((0.,0.,-600.));
#34=IFCAXIS2PLACEMENT3D(#33,$,$);
#35=IFCLOCALPLACEMENT(#30,#34);
#36=IFCBUILDINGSTOREY('1iDZV_Brn0Z9GW0EFhImMT',#18,'Pipe depth (hot)',$,'Level:1/4" Head',#35,$,'Pipe depth (hot)',.ELEMENT.,-600.);
#37=IFCCARTESIANPOINT((0.,0.,-500.));
#38=IFCAXIS2PLACEMENT3D(#37,$,$);
#39=IFCLOCALPLACEMENT(#30,#38);
#40=IFCBUILDINGSTOREY('1iDZV_Brn0Z9GW0EFhIn1x',#18,'Pipe depth (cold)',$,'Level:1/4" Head',#39,$,'Pipe depth (cold)',.ELEMENT.,-500.00000000000006);
#41=IFCAXIS2PLACEMENT3D(#3,$,$);
#42=IFCLOCALPLACEMENT(#30,#41);
#43=IFCBUILDINGSTOREY('2JF4e6axWHqu3u0C1FZlmi',#18,'L1',$,'Level:1/4" Head',#42,$,'L1',.ELEMENT.,0.);
#44=IFCCARTESIANPOINT((0.,0.,300.));
#45=IFCAXIS2PLACEMENT3D(#44,$,$);
#46=IFCLOCALPLACEMENT(#30,#45);
#47=IFCBUILDINGSTOREY('2AhLRpNSP4f8mRIjrLfMuD',#18,'Receptacle level',$,'Level:1/4" Head',#46,$,'Receptacle level',.ELEMENT.,299.99999999999613);
#48=IFCCARTESIANPOINT((0.,0.,900.));
#49=IFCAXIS2PLACEMENT3D(#48,$,$);
#50=IFCLOCALPLACEMENT(#30,#49);
#51=IFCBUILDINGSTOREY('1iDZV_Brn0Z9GW0EFhIosK',#18,'Sink height',$,'Level:1/4" Head',#50,$,'Sink height',.ELEMENT.,900.00000000000011);
#52=IFCCARTESIANPOINT((0.,0.,1200.));
#53=IFCAXIS2PLACEMENT3D(#52,$,$);
#54=IFCLOCALPLACEMENT(#30,#53);
#55=IFCBUILDINGSTOREY('2AhLRpNSP4f8mRIjrLfMod',#18,'Switch level',$,'Level:1/4" Head',#54,$,'Switch level',.ELEMENT.,1199.9999999999964);
#56=IFCCARTESIANPOINT((0.,0.,2300.));
#57=IFCAXIS2PLACEMENT3D(#56,$,$);
#58=IFCLOCALPLACEMENT(#30,#57);
#59=IFCBUILDINGSTOREY('20rBv4HojAY8M3avWLHA33',#18,'L3',$,'Level:1/4" Head',#58,$,'L3',.ELEMENT.,2300.0000000000091);
#60=IFCCARTESIANPOINT((0.,0.,3000.));
#61=IFCAXIS2PLACEMENT3D(#60,$,$);
#62=IFCLOCALPLACEMENT(#30,#61);
#63=IFCBUILDINGSTOREY('1ZGO8hrFCHqw0v0026FpFv',#18,'L2',$,'Level:1/4" Head',#62,$,'L2',.ELEMENT.,3000.);
#64=IFCCARTESIANPOINT((0.,0.,3300.));
#65=IFCAXIS2PLACEMENT3D(#64,$,$);
#66=IFCLOCALPLACEMENT(#30,#65);
#67=IFCBUILDINGSTOREY('1iDZV_Brn0Z9GW0EFhInC2',#18,'Pipe height',$,'Level:1/4" Head',#66,$,'Pipe height',.ELEMENT.,3300.);
#68=IFCAXIS2PLACEMENT3D(#3,$,$);
#69=IFCLOCALPLACEMENT($,#68);
#70=IFCSITE('1NNk23r4fCdBG4Kwzz8Urv',#18,'Default',$,$,#69,$,$,.ELEMENT.,(42,21,31,401672),(-71,-3,-24,-345703),0.,$,$);
#71=IFCAXIS2PLACEMENT3D(#3,$,$);
#72=IFCLOCALPLACEMENT(#42,#71);
#73=IFCCARTESIANPOINT((-2.9558577807620168E-12,0.));
#74=IFCAXIS2PLACEMENT2D(#73,#11);
#75=IFCRECTANGLEPROFILEDEF(.AREA.,$,#74,3437.5000000000159,3729.5000000000023);
#76=IFCCARTESIANPOINT((1926.7500000000011,927.24999999998954,0.));
#77=IFCAXIS2PLACEMENT3D(#76,#9,#8);
#78=IFCEXTRUDEDAREASOLID(#75,#77,#9,3048.);
#79=IFCSIUNIT(*,.PLANEANGLEUNIT.,$,.RADIAN.);
#80=IFCDIMENSIONALEXPONENTS(0,0,0,0,0,0,0);
#81=IFCMEASUREWITHUNIT(IFCPLANEANGLEMEASURE(0.017453292519943278),#79);
#82=IFCCONVERSIONBASEDUNIT(#80,.PLANEANGLEUNIT.,'DEGREE',#81);
#83=IFCSIUNIT(*,.AREAUNIT.,$,.SQUARE_METRE.);
#84=IFCSHAPEREPRESENTATION(#24,'Body','SweptSolid',(#78));
#85=IFCPRODUCTDEFINITIONSHAPE($,$,(#84));
#86=IFCSPACE('20rBv4HojAY8M3avWLH9fa',#18,'004',$,$,#72,#85,'Room',.ELEMENT.,.INTERNAL.,$);
#87=IFCSPACETYPE('1iDZV_Brn0Z9GW2EFhIoCd',#18,'004',$,$,$,$,'1200759',$,.NOTDEFINED.);
#88=IFCCARTESIANPOINT((62.,2646.,0.));
#89=IFCCARTESIANPOINT((3729.5000000000023,0.));
#90=IFCCARTESIANPOINT((3729.5000000000132,3437.5000000000041));
#91=IFCCARTESIANPOINT((0.,3437.5000000000159));
#92=IFCPOLYLINE((#4,#89,#90,#91,#4));
#93=IFCAXIS2PLACEMENT3D(#88,#10,#5);
#94=IFCPLANE(#93);
#95=IFCCURVEBOUNDEDPLANE(#94,#92,$);
#96=IFCCONNECTIONSURFACEGEOMETRY(#95,$);
#97=IFCCARTESIANPOINT((62.,2646.));
#98=IFCCARTESIANPOINT((62.,-791.50000000001558));
#99=IFCPOLYLINE((#97,#98));
#100=IFCARBITRARYOPENPROFILEDEF(.CURVE.,$,#99);
#101=IFCAXIS2PLACEMENT3D(#3,$,$);
#102=IFCSURFACEOFLINEAREXTRUSION(#100,#101,#9,3048.);
#103=IFCCONNECTIONSURFACEGEOMETRY(#102,$);
#104=IFCCARTESIANPOINT((62.,-791.50000000001523));
#105=IFCCARTESIANPOINT((3791.5000000000023,-791.50000000001523));
#106=IFCPOLYLINE((#104,#105));
#107=IFCARBITRARYOPENPROFILEDEF(.CURVE.,$,#106);
#108=IFCAXIS2PLACEMENT3D(#3,$,$);
#109=IFCSURFACEOFLINEAREXTRUSION(#107,#108,#9,3048.);
#110=IFCCONNECTIONSURFACEGEOMETRY(#109,$);
#111=IFCCARTESIANPOINT((3791.5000000000023,-791.50000000001523));
#112=IFCCARTESIANPOINT((3791.5000000000023,2646.));
#113=IFCPOLYLINE((#111,#112));
#114=IFCARBITRARYOPENPROFILEDEF(.CURVE.,$,#113);
#115=IFCAXIS2PLACEMENT3D(#3,$,$);
#116=IFCSURFACEOFLINEAREXTRUSION(#114,#115,#9,3048.);
#117=IFCCONNECTIONSURFACEGEOMETRY(#116,$);
#118=IFCCARTESIANPOINT((3791.5000000000023,2646.));
#119=IFCCARTESIANPOINT((62.,2646.));
#120=IFCPOLYLINE((#118,#119));
#121=IFCARBITRARYOPENPROFILEDEF(.CURVE.,$,#120);
#122=IFCAXIS2PLACEMENT3D(#3,$,$);
#123=IFCSURFACEOFLINEAREXTRUSION(#121,#122,#9,3048.);
#124=IFCCONNECTIONSURFACEGEOMETRY(#123,$);
#125=IFCPROPERTYSINGLEVALUE('Name',$,IFCLABEL('Room Name'),$);
#126=IFCPROPERTYSET('2gQ9TqCDLdbi_0hKvJD8YL',#18,'Pset_AirSideSystemInformation',$,(#125));
#127=IFCPROPERTYSINGLEVALUE('Name',$,IFCLABEL('Room Name'),$);
#128=IFCPROPERTYSET('3em6O8A6G96gk1_L0_teTy',#18,'Pset_ProductRequirements',$,(#127));
#129=IFCPROPERTYSINGLEVALUE('Reference',$,IFCIDENTIFIER('Room Name 004'),$);
#130=IFCPROPERTYSET('1lIhTBKwppco81pYQkGbP7',#18,'Pset_SpaceCommon',$,(#129));
#131=IFCRELDEFINESBYPROPERTIES('2m7OFRdd9fAZH517ZPG0PT',#18,$,$,(#86),#126);
#132=IFCRELDEFINESBYPROPERTIES('3t2y8pGk67anqVVImWNSrb',#18,$,$,(#86),#128);
#133=IFCRELDEFINESBYPROPERTIES('0rSNjGGmAbxMWbQEEu3dFQ',#18,$,$,(#86),#130);
#134=IFCAXIS2PLACEMENT3D(#3,$,$);
#135=IFCLOCALPLACEMENT(#42,#134);
#136=IFCCARTESIANPOINT((-4.3200998334214091E-12,621.5833333333328));
#137=IFCAXIS2PLACEMENT2D(#136,#11);
#138=IFCRECTANGLEPROFILEDEF(.AREA.,$,#137,7582.9999999999964,3729.4999999999959);
#139=IFCCARTESIANPOINT((-1305.1666666666649,3000.,0.));
#140=IFCAXIS2PLACEMENT3D(#139,#9,#7);
#141=IFCEXTRUDEDAREASOLID(#138,#140,#9,3048.);
#142=IFCSHAPEREPRESENTATION(#24,'Body','SweptSolid',(#141));
#143=IFCPRODUCTDEFINITIONSHAPE($,$,(#142));
#144=IFCSPACE('20rBv4HojAY8M3avWLH9fY',#18,'005',$,$,#135,#143,'Room',.ELEMENT.,.INTERNAL.,$);
#145=IFCSPACETYPE('1iDZV_Brn0Z9GW2EFhIoCj',#18,'005',$,$,$,$,'1200765',$,.NOTDEFINED.);
#146=IFCCARTESIANPOINT((-62.,3300.,0.));
#147=IFCCARTESIANPOINT((600.,0.));
#148=IFCCARTESIANPOINT((4091.5000000000086,0.));
#149=IFCCARTESIANPOINT((4091.5000000000086,3729.4999999999959));
#150=IFCCARTESIANPOINT((-3491.4999999999882,3729.4999999999959));
#151=IFCCARTESIANPOINT((-3491.4999999999882,-0.));
#152=IFCPOLYLINE((#4,#147,#148,#149,#150,#151,#4));
#153=IFCAXIS2PLACEMENT3D(#146,#10,#8);
#154=IFCPLANE(#153);
#155=IFCCURVEBOUNDEDPLANE(#154,#152,$);
#156=IFCCONNECTIONSURFACEGEOMETRY(#155,$);
#157=IFCCARTESIANPOINT((-62.,3300.));
#158=IFCCARTESIANPOINT((-62.,6791.4999999999818));
#159=IFCPOLYLINE((#157,#158));
#160=IFCARBITRARYOPENPROFILEDEF(.CURVE.,$,#159);
#161=IFCAXIS2PLACEMENT3D(#3,$,$);
#162=IFCSURFACEOFLINEAREXTRUSION(#160,#161,#9,3048.);
#163=IFCCONNECTIONSURFACEGEOMETRY(#162,$);
#164=IFCCARTESIANPOINT((-62.,6791.4999999999818));
#165=IFCCARTESIANPOINT((-3791.4999999999959,6791.4999999999818));
#166=IFCPOLYLINE((#164,#165));
#167=IFCARBITRARYOPENPROFILEDEF(.CURVE.,$,#166);
#168=IFCAXIS2PLACEMENT3D(#3,$,$);
#169=IFCSURFACEOFLINEAREXTRUSION(#167,#168,#9,3048.);
#170=IFCCONNECTIONSURFACEGEOMETRY(#169,$);
#171=IFCCARTESIANPOINT((-3791.4999999999959,6791.4999999999818));
#172=IFCCARTESIANPOINT((-3791.4999999999959,-791.50000000001501));
#173=IFCPOLYLINE((#171,#172));
#174=IFCARBITRARYOPENPROFILEDEF(.CURVE.,$,#173);
#175=IFCAXIS2PLACEMENT3D(#3,$,$);
#176=IFCSURFACEOFLINEAREXTRUSION(#174,#175,#9,3048.);
#177=IFCCONNECTIONSURFACEGEOMETRY(#176,$);
#178=IFCCARTESIANPOINT((-3791.4999999999959,5361.3499999999804));
#179=IFCCARTESIANPOINT((-3791.4999999999959,4307.2499999999736));
#180=IFCPOLYLINE((#178,#179));
#181=IFCARBITRARYOPENPROFILEDEF(.CURVE.,$,#180);
#182=IFCCARTESIANPOINT((0.,0.,835.06762911527801));
#183=IFCAXIS2PLACEMENT3D(#182,$,$);
#184=IFCSURFACEOFLINEAREXTRUSION(#181,#183,#9,1355.6823708847267);
#185=IFCCONNECTIONSURFACEGEOMETRY(#184,$);
#186=IFCCARTESIANPOINT((-3791.4999999999959,1692.7499999999834));
#187=IFCCARTESIANPOINT((-3791.4999999999959,638.6499999999761));
#188=IFCPOLYLINE((#186,#187));
#189=IFCARBITRARYOPENPROFILEDEF(.CURVE.,$,#188);
#190=IFCCARTESIANPOINT((0.,0.,835.06762911527801));
#191=IFCAXIS2PLACEMENT3D(#190,$,$);
#192=IFCSURFACEOFLINEAREXTRUSION(#189,#191,#9,1355.6823708847267);
#193=IFCCONNECTIONSURFACEGEOMETRY(#192,$);
#194=IFCCARTESIANPOINT((-3791.4999999999959,-791.50000000001523));
#195=IFCCARTESIANPOINT((-62.,-791.50000000001523));
#196=IFCPOLYLINE((#194,#195));
#197=IFCARBITRARYOPENPROFILEDEF(.CURVE.,$,#196);
#198=IFCAXIS2PLACEMENT3D(#3,$,$);
#199=IFCSURFACEOFLINEAREXTRUSION(#197,#198,#9,3048.);
#200=IFCCONNECTIONSURFACEGEOMETRY(#199,$);
#201=IFCCARTESIANPOINT((-2457.0500000000006,-791.50000000001523));
#202=IFCCARTESIANPOINT((-1422.,-791.50000000001523));
#203=IFCPOLYLINE((#201,#202));
#204=IFCARBITRARYOPENPROFILEDEF(.CURVE.,$,#203);
#205=IFCAXIS2PLACEMENT3D(#3,$,$);
#206=IFCSURFACEOFLINEAREXTRUSION(#204,#205,#9,2235.2000000000003);
#207=IFCCONNECTIONSURFACEGEOMETRY(#206,$);
#208=IFCCARTESIANPOINT((-62.,-791.50000000001523));
#209=IFCCARTESIANPOINT((-62.,2700.));
#210=IFCPOLYLINE((#208,#209));
#211=IFCARBITRARYOPENPROFILEDEF(.CURVE.,$,#210);
#212=IFCAXIS2PLACEMENT3D(#3,$,$);
#213=IFCSURFACEOFLINEAREXTRUSION(#211,#212,#9,3048.);
#214=IFCCONNECTIONSURFACEGEOMETRY(#213,$);
#215=IFCCARTESIANPOINT((-62.,2700.));
#216=IFCCARTESIANPOINT((-62.,3300.));
#217=IFCPOLYLINE((#215,#216));
#218=IFCARBITRARYOPENPROFILEDEF(.CURVE.,$,#217);
#219=IFCAXIS2PLACEMENT3D(#3,$,$);
#220=IFCSURFACEOFLINEAREXTRUSION(#218,#219,#9,3048.);
#221=IFCCONNECTIONSURFACEGEOMETRY(#220,$);
#222=IFCPROPERTYSINGLEVALUE('Name',$,IFCLABEL('Room Name'),$);
#223=IFCPROPERTYSET('3zf7MZxcfRMwtyyXLLs5an',#18,'Pset_AirSideSystemInformation',$,(#222));
#224=IFCPROPERTYSINGLEVALUE('Name',$,IFCLABEL('Room Name'),$);
#225=IFCPROPERTYSET('0LNGDasKmsCQjX__4ZpOqk',#18,'Pset_ProductRequirements',$,(#224));
#226=IFCPROPERTYSINGLEVALUE('Reference',$,IFCIDENTIFIER('Room Name 005'),$);
#227=IFCPROPERTYSET('1FuVdwwdi3smArAwUKe9M2',#18,'Pset_SpaceCommon',$,(#226));
#228=IFCRELDEFINESBYPROPERTIES('0m3mBgHWAonDrskD0CFJL5',#18,$,$,(#144),#223);
#229=IFCRELDEFINESBYPROPERTIES('3SdQXIRrYc1i6ZdgM1MMG_',#18,$,$,(#144),#225);
#230=IFCRELDEFINESBYPROPERTIES('2e8405Iu8qmSz4G0aOApih',#18,$,$,(#144),#227);
#231=IFCAXIS2PLACEMENT3D(#3,$,$);
#232=IFCLOCALPLACEMENT(#42,#231);
#233=IFCCARTESIANPOINT((3.4106051316484809E-13,0.));
#234=IFCAXIS2PLACEMENT2D(#233,#11);
#235=IFCRECTANGLEPROFILEDEF(.AREA.,$,#234,3437.4999999999882,3729.5000000000023);
#236=IFCCARTESIANPOINT((1926.7500000000011,5072.7499999999882,0.));
#237=IFCAXIS2PLACEMENT3D(#236,#9,#8);
#238=IFCEXTRUDEDAREASOLID(#235,#237,#9,3048.);
#239=IFCSHAPEREPRESENTATION(#24,'Body','SweptSolid',(#238));
#240=IFCPRODUCTDEFINITIONSHAPE($,$,(#239));
#241=IFCSPACE('20rBv4HojAY8M3avWLH9f$',#18,'006',$,$,#232,#240,'Room',.ELEMENT.,.INTERNAL.,$);
#242=IFCSPACETYPE('1iDZV_Brn0Z9GW2EFhIoCl',#18,'006',$,$,$,$,'1200767',$,.NOTDEFINED.);
#243=IFCCARTESIANPOINT((62.,6791.4999999999818,0.));
#244=IFCCARTESIANPOINT((3729.5000000000023,0.));
#245=IFCCARTESIANPOINT((3729.5000000000023,3437.4999999999877));
#246=IFCCARTESIANPOINT((0.,3437.4999999999877));
#247=IFCPOLYLINE((#4,#244,#245,#246,#4));
#248=IFCAXIS2PLACEMENT3D(#243,#10,#5);
#249=IFCPLANE(#248);
#250=IFCCURVEBOUNDEDPLANE(#249,#247,$);
#251=IFCCONNECTIONSURFACEGEOMETRY(#250,$);
#252=IFCCARTESIANPOINT((62.,6791.4999999999818));
#253=IFCCARTESIANPOINT((62.,3354.));
#254=IFCPOLYLINE((#252,#253));
#255=IFCARBITRARYOPENPROFILEDEF(.CURVE.,$,#254);
#256=IFCAXIS2PLACEMENT3D(#3,$,$);
#257=IFCSURFACEOFLINEAREXTRUSION(#255,#256,#9,3048.);
#258=IFCCONNECTIONSURFACEGEOMETRY(#257,$);
#259=IFCCARTESIANPOINT((62.,3354.));
#260=IFCCARTESIANPOINT((3791.5000000000023,3354.));
#261=IFCPOLYLINE((#259,#260));
#262=IFCARBITRARYOPENPROFILEDEF(.CURVE.,$,#261);
#263=IFCAXIS2PLACEMENT3D(#3,$,$);
#264=IFCSURFACEOFLINEAREXTRUSION(#262,#263,#9,3048.);
#265=IFCCONNECTIONSURFACEGEOMETRY(#264,$);
#266=IFCCARTESIANPOINT((3791.5000000000023,3354.));
#267=IFCCARTESIANPOINT((3791.5000000000023,6791.4999999999818));
#268=IFCPOLYLINE((#266,#267));
#269=IFCARBITRARYOPENPROFILEDEF(.CURVE.,$,#268);
#270=IFCAXIS2PLACEMENT3D(#3,$,$);
#271=IFCSURFACEOFLINEAREXTRUSION(#269,#270,#9,3048.);
#272=IFCCONNECTIONSURFACEGEOMETRY(#271,$);
#273=IFCCARTESIANPOINT((3791.5000000000023,6791.4999999999818));
#274=IFCCARTESIANPOINT((62.,6791.4999999999818));
#275=IFCPOLYLINE((#273,#274));
#276=IFCARBITRARYOPENPROFILEDEF(.CURVE.,$,#275);
#277=IFCAXIS2PLACEMENT3D(#3,$,$);
#278=IFCSURFACEOFLINEAREXTRUSION(#276,#277,#9,3048.);
#279=IFCCONNECTIONSURFACEGEOMETRY(#278,$);
#280=IFCPROPERTYSINGLEVALUE('Name',$,IFCLABEL('Room Name'),$);
#281=IFCPROPERTYSET('3f3Q4o8ia3cAeenum3q$F4',#18,'Pset_AirSideSystemInformation',$,(#280));
#282=IFCPROPERTYSINGLEVALUE('Name',$,IFCLABEL('Room Name'),$);
#283=IFCPROPERTYSET('0bP5FDRNZcqrYoKpBMFtvW',#18,'Pset_ProductRequirements',$,(#282));
#284=IFCPROPERTYSINGLEVALUE('Reference',$,IFCIDENTIFIER('Room Name 006'),$);
#285=IFCPROPERTYSET('2DTk3BW8iCUnhT0Wbr1Ehx',#18,'Pset_SpaceCommon',$,(#284));
#286=IFCRELDEFINESBYPROPERTIES('2tjoRCSL$fyBHGkm_EcKvW',#18,$,$,(#241),#281);
#287=IFCRELDEFINESBYPROPERTIES('3jNvMVYwmDmCc5W$H32pBu',#18,$,$,(#241),#283);
#288=IFCRELDEFINESBYPROPERTIES('17brA9PRma5iO7xMOxFMR0',#18,$,$,(#241),#285);
#289=IFCAXIS2PLACEMENT3D(#3,$,$);
#290=IFCLOCALPLACEMENT(#42,#289);
#291=IFCCARTESIANPOINT((2.9842794901924208E-12,0.));
#292=IFCAXIS2PLACEMENT2D(#291,#11);
#293=IFCRECTANGLEPROFILEDEF(.AREA.,$,#292,491.99999999999261,3729.5000000000023);
#294=IFCCARTESIANPOINT((1926.7500000000011,3000.,0.));
#295=IFCAXIS2PLACEMENT3D(#294,#9,#8);
#296=IFCEXTRUDEDAREASOLID(#293,#295,#9,3048.);
#297=IFCSHAPEREPRESENTATION(#24,'Body','SweptSolid',(#296));
#298=IFCPRODUCTDEFINITIONSHAPE($,$,(#297));
#299=IFCSPACE('1iDZV_Brn0Z9GW0EFhIoRX',#18,'MEP-001',$,$,#290,#298,'Room',.ELEMENT.,.INTERNAL.,$);
#300=IFCSPACETYPE('1iDZV_Brn0Z9GW2EFhIoRX',#18,'Room MEP-001:1202097',$,$,$,$,'1202097',$,.NOTDEFINED.);
#301=IFCCARTESIANPOINT((62.,3246.,0.));
#302=IFCCARTESIANPOINT((3729.5000000000023,0.));
#303=IFCCARTESIANPOINT((3729.5000000000023,492.));
#304=IFCCARTESIANPOINT((0.,492.));
#305=IFCPOLYLINE((#4,#302,#303,#304,#4));
#306=IFCAXIS2PLACEMENT3D(#301,#10,#5);
#307=IFCPLANE(#306);
#308=IFCCURVEBOUNDEDPLANE(#307,#305,$);
#309=IFCCONNECTIONSURFACEGEOMETRY(#308,$);
#310=IFCCARTESIANPOINT((62.,3246.));
#311=IFCCARTESIANPOINT((62.,2754.));
#312=IFCPOLYLINE((#310,#311));
#313=IFCARBITRARYOPENPROFILEDEF(.CURVE.,$,#312);
#314=IFCAXIS2PLACEMENT3D(#3,$,$);
#315=IFCSURFACEOFLINEAREXTRUSION(#313,#314,#9,3048.);
#316=IFCCONNECTIONSURFACEGEOMETRY(#315,$);
#317=IFCCARTESIANPOINT((62.,2754.));
#318=IFCCARTESIANPOINT((3791.5000000000023,2754.));
#319=IFCPOLYLINE((#317,#318));
#320=IFCARBITRARYOPENPROFILEDEF(.CURVE.,$,#319);
#321=IFCAXIS2PLACEMENT3D(#3,$,$);
#322=IFCSURFACEOFLINEAREXTRUSION(#320,#321,#9,3048.);
#323=IFCCONNECTIONSURFACEGEOMETRY(#322,$);
#324=IFCCARTESIANPOINT((3791.5000000000023,2754.));
#325=IFCCARTESIANPOINT((3791.5000000000023,3246.));
#326=IFCPOLYLINE((#324,#325));
#327=IFCARBITRARYOPENPROFILEDEF(.CURVE.,$,#326);
#328=IFCAXIS2PLACEMENT3D(#3,$,$);
#329=IFCSURFACEOFLINEAREXTRUSION(#327,#328,#9,3048.);
#330=IFCCONNECTIONSURFACEGEOMETRY(#329,$);
#331=IFCCARTESIANPOINT((3791.5000000000023,3246.));
#332=IFCCARTESIANPOINT((62.,3246.));
#333=IFCPOLYLINE((#331,#332));
#334=IFCARBITRARYOPENPROFILEDEF(.CURVE.,$,#333);
#335=IFCAXIS2PLACEMENT3D(#3,$,$);
#336=IFCSURFACEOFLINEAREXTRUSION(#334,#335,#9,3048.);
#337=IFCCONNECTIONSURFACEGEOMETRY(#336,$);
#338=IFCPROPERTYSINGLEVALUE('Reference',$,IFCIDENTIFIER('Room MEP-001'),$);
#339=IFCPROPERTYSET('1axsS2df7NsnPKXz1VO4vr',#18,'Pset_SpaceCommon',$,(#338));
#340=IFCRELDEFINESBYPROPERTIES('0K44WE0PvGZVXfC$d3dlor',#18,$,$,(#299),#339);
#341=IFCAXIS2PLACEMENT3D(#3,$,$);
#343=IFCAXIS2PLACEMENT3D(#3,$,$);
#345=IFCAXIS2PLACEMENT3D(#3,$,$);
#347=IFCAXIS2PLACEMENT3D(#3,$,$);
#349=IFCCARTESIANPOINT((0.,6791.4999999999818,0.));
#350=IFCAXIS2PLACEMENT3D(#349,#9,#8);
#351=IFCLOCALPLACEMENT(#42,#350);
#352=IFCCARTESIANPOINT((7583.,0.));
#353=IFCPOLYLINE((#4,#352));
#354=IFCSHAPEREPRESENTATION(#23,'Axis','Curve2D',(#353));
#355=IFCCARTESIANPOINT((3791.4999999999982,0.));
#356=IFCAXIS2PLACEMENT2D(#355,#12);
#357=IFCRECTANGLEPROFILEDEF(.AREA.,$,#356,7582.9999999999964,124.);
#358=IFCAXIS2PLACEMENT3D(#3,$,$);
#359=IFCEXTRUDEDAREASOLID(#357,#358,#9,2999.9999999999905);
#360=IFCCOLOURRGB($,0.8666666666666667,0.8666666666666667,0.85882352941176465);
#361=IFCSURFACESTYLERENDERING(#360,0.,$,$,$,$,IFCNORMALISEDRATIOMEASURE(0.5),IFCSPECULAREXPONENT(64.),.NOTDEFINED.);
#362=IFCSURFACESTYLE('Gypsum Wall Board',.BOTH.,(#361));
#363=IFCPRESENTATIONSTYLEASSIGNMENT((#362));
#364=IFCSTYLEDITEM(#359,(#363),$);
#365=IFCSHAPEREPRESENTATION(#24,'Body','SweptSolid',(#359));
#366=IFCPRODUCTDEFINITIONSHAPE($,$,(#354,#365));
#367=IFCWALLSTANDARDCASE('3$Sc93izfEuuDAiaR0$6h3',#18,'Basic Wall:Basic wall:1200264',$,'Basic Wall:Basic wall',#351,#366,'1200245');
#368=IFCAXIS2PLACEMENT3D(#3,$,$);
#370=IFCCARTESIANPOINT((0.,-5.6843418860808015E-13));
#371=IFCAXIS2PLACEMENT2D(#370,#11);
#372=IFCRECTANGLEPROFILEDEF(.AREA.,$,#371,2294.999999999995,1317.4999999999875);
#373=IFCCARTESIANPOINT((1718.7499999999936,-62.,1152.4999999999975));
#374=IFCAXIS2PLACEMENT3D(#373,#7,#10);
#375=IFCEXTRUDEDAREASOLID(#372,#374,#9,124.);
#376=IFCSHAPEREPRESENTATION(#24,'Body','SweptSolid',(#375));
#377=IFCPRODUCTDEFINITIONSHAPE($,$,(#376));
#378=IFCAXIS2PLACEMENT3D(#3,$,$);
#379=IFCLOCALPLACEMENT(#351,#378);
#380=IFCOPENINGELEMENT('1K$Yj38OGfaBTtRlh004vP',#18,'Basic Wall:Basic wall:1200264',$,'Opening',#379,#377,'1200689');
#381=IFCRELVOIDSELEMENT('0LFQJo2Gvm1EyPcuonnZ9D',#18,$,$,#367,#380);
#382=IFCAXIS2PLACEMENT3D(#3,$,$);
#384=IFCCARTESIANPOINT((0.,0.));
#385=IFCAXIS2PLACEMENT2D(#384,#11);
#386=IFCRECTANGLEPROFILEDEF(.AREA.,$,#385,2294.999999999995,1317.5000000000166);
#387=IFCCARTESIANPOINT((5864.2499999999891,-62.,1152.4999999999975));
#388=IFCAXIS2PLACEMENT3D(#387,#7,#10);
#389=IFCEXTRUDEDAREASOLID(#386,#388,#9,124.);
#390=IFCSHAPEREPRESENTATION(#24,'Body','SweptSolid',(#389));
#391=IFCPRODUCTDEFINITIONSHAPE($,$,(#390));
#392=IFCAXIS2PLACEMENT3D(#3,$,$);
#393=IFCLOCALPLACEMENT(#351,#392);
#394=IFCOPENINGELEMENT('1Z1JDgxQvzlQXFwDbk5Qh6',#18,'Basic Wall:Basic wall:1200264',$,'Opening',#393,#391,'1200690');
#395=IFCRELVOIDSELEMENT('1o6GGvyjlc0WB68zT2zI9j',#18,$,$,#367,#394);
#396=IFCMATERIAL('Gypsum Wall Board');
#397=IFCPRESENTATIONSTYLEASSIGNMENT((#362));
#398=IFCSTYLEDITEM($,(#397),$);
#399=IFCSTYLEDREPRESENTATION(#22,'Style','Material',(#398));
#400=IFCMATERIALDEFINITIONREPRESENTATION($,$,(#399),#396);
#401=IFCMATERIAL('Metal Stud Layer');
#402=IFCCOLOURRGB($,0.7803921568627451,0.7803921568627451,0.7803921568627451);
#403=IFCSURFACESTYLERENDERING(#402,0.,$,$,$,$,IFCNORMALISEDRATIOMEASURE(0.5),IFCSPECULAREXPONENT(64.),.NOTDEFINED.);
#404=IFCSURFACESTYLE('Metal Stud Layer',.BOTH.,(#403));
#405=IFCPRESENTATIONSTYLEASSIGNMENT((#404));
#406=IFCSTYLEDITEM($,(#405),$);
#407=IFCSTYLEDREPRESENTATION(#22,'Style','Material',(#406));
#408=IFCMATERIALDEFINITIONREPRESENTATION($,$,(#407),#401);
#409=IFCMATERIALLAYER(#396,16.,$);
#410=IFCMATERIALLAYER(#401,92.,$);
#411=IFCMATERIALLAYER(#396,16.,$);
#412=IFCMATERIALLAYERSET((#409,#410,#411),'Basic Wall:Interior wall');
#413=IFCMATERIALLAYERSETUSAGE(#412,.AXIS2.,.NEGATIVE.,62.);
#414=IFCWALLTYPE('1iDZV_Brn0Z9GW0EFhIo4s',#18,'Basic Wall:Interior wall',$,$,(#436,#445),$,'1200230',$,.STANDARD.);
#415=IFCPROPERTYSINGLEVALUE('Reference',$,IFCIDENTIFIER('Basic wall'),$);
#416=IFCPROPERTYSET('3jUfQXISIij63XinvMKD3j',#18,'Pset_QuantityTakeOff',$,(#415));
#417=IFCPROPERTYSINGLEVALUE('Reference',$,IFCLABEL('Basic wall'),$);
#418=IFCPROPERTYSET('2aX1oJaiqRp5_IgEjZY6Bf',#18,'Pset_ReinforcementBarPitchOfWall',$,(#417));
#419=IFCPROPERTYSINGLEVALUE('IsExternal',$,IFCBOOLEAN(.T.),$);
#420=IFCPROPERTYSINGLEVALUE('ExtendToStructure',$,IFCBOOLEAN(.F.),$);
#421=IFCPROPERTYSINGLEVALUE('LoadBearing',$,IFCBOOLEAN(.F.),$);
#422=IFCPROPERTYSET('1IrMqF3nFTKGvVZUO70YuT',#18,'Pset_WallCommon',$,(#415,#419,#420,#421));
#423=IFCPROPERTYSINGLEVALUE('Reference',$,IFCIDENTIFIER('Interior wall'),$);
#424=IFCPROPERTYSET('1I8uKbUvusRiuVtgPTMrHY',#18,'Pset_OpeningElementCommon',$,(#423));
#425=IFCPROPERTYSET('27ruwtwg34Wyo2bM0DVHTX',#18,'Pset_QuantityTakeOff',$,(#423));
#426=IFCPROPERTYSET('2AsA71NwdYZzEeZIwC$qjY',#18,'Pset_OpeningElementCommon',$,(#423));
#427=IFCPROPERTYSET('1zu16MgKDtZDiviuqivsh8',#18,'Pset_QuantityTakeOff',$,(#423));
#428=IFCRELDEFINESBYPROPERTIES('2sHA_EsSPI6Ol6wu5qdbv9',#18,$,$,(#367),#416);
#429=IFCRELDEFINESBYPROPERTIES('1zjLBUtWhbW9GzgOi2vZOR',#18,$,$,(#367),#418);
#430=IFCRELDEFINESBYPROPERTIES('1NXiCoUjlIGNw$aQme93Gr',#18,$,$,(#367),#422);
#431=IFCRELDEFINESBYPROPERTIES('1yqUpJf0kP6o9tegXVinp0',#18,$,$,(#380),#424);
#432=IFCRELDEFINESBYPROPERTIES('3sbl7$wh5Mvmg7Kc2RpwBQ',#18,$,$,(#380),#425);
#433=IFCRELDEFINESBYPROPERTIES('0GYEYlgT88xY8TlKditWnd',#18,$,$,(#394),#426);
#434=IFCRELDEFINESBYPROPERTIES('1OubRwUPvFOjlSm849lRE7',#18,$,$,(#394),#427);
#435=IFCPROPERTYSINGLEVALUE('Description',$,IFCTEXT('Generic Wall (Material By Category), 8" thick'),$);
#436=IFCPROPERTYSET('07IJswXaBa053HSL7lkeZ_',#18,'Pset_ReinforcementBarPitchOfWall',$,(#435));
#437=IFCSIUNIT(*,.MASSUNIT.,.KILO.,.GRAM.);
#438=IFCDERIVEDUNITELEMENT(#437,1);
#439=IFCSIUNIT(*,.THERMODYNAMICTEMPERATUREUNIT.,$,.KELVIN.);
#440=IFCDERIVEDUNITELEMENT(#439,-1);
#441=IFCSIUNIT(*,.TIMEUNIT.,$,.SECOND.);
#442=IFCDERIVEDUNITELEMENT(#441,-3);
#443=IFCDERIVEDUNIT((#438,#440,#442),.THERMALTRANSMITTANCEUNIT.,$);
#444=IFCPROPERTYSINGLEVALUE('ThermalTransmittance',$,IFCTHERMALTRANSMITTANCEMEASURE(0.26815181518151815),$);
#445=IFCPROPERTYSET('0IQ3kUwE8nxp_j1$hITCYY',#18,'Pset_WallCommon',$,(#444));
#446=IFCCARTESIANPOINT((62.,3300.,0.));
#447=IFCAXIS2PLACEMENT3D(#446,$,$);
#448=IFCLOCALPLACEMENT(#42,#447);
#449=IFCCARTESIANPOINT((3729.5000000000027,0.));
#450=IFCPOLYLINE((#4,#449));
#451=IFCSHAPEREPRESENTATION(#23,'Axis','Curve2D',(#450));
#452=IFCCARTESIANPOINT((1864.7500000000014,0.));
#453=IFCAXIS2PLACEMENT2D(#452,#12);
#454=IFCRECTANGLEPROFILEDEF(.AREA.,$,#453,3729.5000000000027,108.00000000000036);
#455=IFCAXIS2PLACEMENT3D(#3,$,$);
#456=IFCEXTRUDEDAREASOLID(#454,#455,#9,3000.);
#457=IFCSTYLEDITEM(#456,(#363),$);
#458=IFCSHAPEREPRESENTATION(#24,'Body','SweptSolid',(#456));
#459=IFCPRODUCTDEFINITIONSHAPE($,$,(#451,#458));
#460=IFCWALLSTANDARDCASE('3S3VgMDFLDiPHeIJPk5HIn',#18,'Basic Wall:Basic wall:1200621',$,'Basic Wall:Basic wall',#448,#459,'1200716');
#461=IFCMATERIALLAYER(#396,16.,$);
#462=IFCMATERIALLAYER(#401,92.,$);
#463=IFCMATERIALLAYERSET((#461,#462),'Basic Wall:Partition wall');
#464=IFCMATERIALLAYERSETUSAGE(#463,.AXIS2.,.NEGATIVE.,54.);
#465=IFCWALLTYPE('1iDZV_Brn0Z9GW0EFhIoM9',#18,'Basic Wall:Partition wall',$,$,(#474,#476),$,'1201369',$,.STANDARD.);
#466=IFCPROPERTYSET('3re4AB2Mxsc6grx1u0QFUv',#18,'Pset_QuantityTakeOff',$,(#415));
#467=IFCPROPERTYSINGLEVALUE('Reference',$,IFCLABEL('Basic wall'),$);
#468=IFCPROPERTYSET('2nj3lywvw96JjjSWGh4AE5',#18,'Pset_ReinforcementBarPitchOfWall',$,(#467));
#469=IFCPROPERTYSET('1xWJRjGot0$Y1LwyXK_$Om',#18,'Pset_WallCommon',$,(#415,#419,#420,#421));
#470=IFCRELDEFINESBYPROPERTIES('0HMSCGS67TiL504GMVMzse',#18,$,$,(#460),#466);
#471=IFCRELDEFINESBYPROPERTIES('1ifo66bol93ld0nQNx$$X$',#18,$,$,(#460),#468);
#472=IFCRELDEFINESBYPROPERTIES('392_OUoPo9fEunWuAHq7UV',#18,$,$,(#460),#469);
#473=IFCPROPERTYSINGLEVALUE('Description',$,IFCTEXT('Generic Wall (Material By Category), 8" thick'),$);
#474=IFCPROPERTYSET('1rHZkViKd6tbgnfqcFzvnm',#18,'Pset_ReinforcementBarPitchOfWall',$,(#473));
#475=IFCPROPERTYSINGLEVALUE('ThermalTransmittance',$,IFCTHERMALTRANSMITTANCEMEASURE(0.26815181518151815),$);
#476=IFCPROPERTYSET('1$ak26RipAux9DVWe795l$',#18,'Pset_WallCommon',$,(#475));
#477=IFCCARTESIANPOINT((4000.,7208.4999999999827,0.));
#478=IFCAXIS2PLACEMENT3D(#477,#9,#8);
#479=IFCLOCALPLACEMENT(#42,#478);
#480=IFCCARTESIANPOINT((8417.,0.));
#481=IFCPOLYLINE((#4,#480));
#482=IFCSHAPEREPRESENTATION(#23,'Axis','Curve2D',(#481));
#483=IFCCARTESIANPOINT((4208.4999999999991,0.));
#484=IFCAXIS2PLACEMENT2D(#483,#12);
#485=IFCRECTANGLEPROFILEDEF(.AREA.,$,#484,8416.9999999999982,417.00000000000051);
#486=IFCAXIS2PLACEMENT3D(#3,$,$);
#487=IFCEXTRUDEDAREASOLID(#485,#486,#9,3000.);
#488=IFCCOLOURRGB($,0.47450980392156861,0.32549019607843138,0.26666666666666666);
#489=IFCSURFACESTYLERENDERING(#488,0.,$,$,$,$,IFCNORMALISEDRATIOMEASURE(0.5),IFCSPECULAREXPONENT(128.),.NOTDEFINED.);
#490=IFCSURFACESTYLE('Brick, Common',.BOTH.,(#489));
#491=IFCPRESENTATIONSTYLEASSIGNMENT((#490));
#492=IFCSTYLEDITEM(#487,(#491),$);
#493=IFCSHAPEREPRESENTATION(#24,'Body','SweptSolid',(#487));
#494=IFCPRODUCTDEFINITIONSHAPE($,$,(#482,#493));
#495=IFCWALLSTANDARDCASE('3S3VgMDFLDiPHeIJPk5HTj',#18,'Basic Wall:Basic wall ex:1200689',$,'Basic Wall:Basic wall ex',#479,#494,'1200717');
#496=IFCMATERIAL('Brick, Common');
#497=IFCPRESENTATIONSTYLEASSIGNMENT((#490));
#498=IFCSTYLEDITEM($,(#497),$);
#499=IFCSTYLEDREPRESENTATION(#22,'Style','Material',(#498));
#500=IFCMATERIALDEFINITIONREPRESENTATION($,$,(#499),#496);
#501=IFCMATERIAL('Air');
#502=IFCCOLOURRGB($,1.,1.,1.);
#503=IFCSURFACESTYLERENDERING(#502,1.,$,$,$,$,IFCNORMALISEDRATIOMEASURE(0.5),IFCSPECULAREXPONENT(64.),.NOTDEFINED.);
#504=IFCSURFACESTYLE('Air',.BOTH.,(#503));
#505=IFCPRESENTATIONSTYLEASSIGNMENT((#504));
#506=IFCSTYLEDITEM($,(#505),$);
#507=IFCSTYLEDREPRESENTATION(#22,'Style','Material',(#506));
#508=IFCMATERIALDEFINITIONREPRESENTATION($,$,(#507),#501);
#509=IFCMATERIAL('Rigid insulation');
#510=IFCCOLOURRGB($,0.90588235294117647,0.90588235294117647,0.90588235294117647);
#511=IFCSURFACESTYLERENDERING(#510,0.,$,$,$,$,IFCNORMALISEDRATIOMEASURE(0.5),IFCSPECULAREXPONENT(64.),.NOTDEFINED.);
#512=IFCSURFACESTYLE('Rigid insulation',.BOTH.,(#511));
#513=IFCPRESENTATIONSTYLEASSIGNMENT((#512));
#514=IFCSTYLEDITEM($,(#513),$);
#515=IFCSTYLEDREPRESENTATION(#22,'Style','Material',(#514));
#516=IFCMATERIALDEFINITIONREPRESENTATION($,$,(#515),#509);
#517=IFCMATERIAL('Concrete Masonry Units');
#518=IFCCOLOURRGB($,0.59999999999999998,0.58823529411764708,0.55686274509803924);
#519=IFCSURFACESTYLERENDERING(#518,0.,$,$,$,$,IFCNORMALISEDRATIOMEASURE(0.5),IFCSPECULAREXPONENT(128.),.NOTDEFINED.);
#520=IFCSURFACESTYLE('Concrete Masonry Units',.BOTH.,(#519));
#521=IFCPRESENTATIONSTYLEASSIGNMENT((#520));
#522=IFCSTYLEDITEM($,(#521),$);
#523=IFCSTYLEDREPRESENTATION(#22,'Style','Material',(#522));
#524=IFCMATERIALDEFINITIONREPRESENTATION($,$,(#523),#517);
#525=IFCMATERIALLAYER(#496,92.,$);
#526=IFCMATERIALLAYER(#501,25.,$);
#527=IFCMATERIALLAYER(#509,50.,$);
#528=IFCMATERIALLAYER(#517,193.,$);
#529=IFCMATERIALLAYER(#401,41.,$);
#530=IFCMATERIALLAYER(#396,16.,$);
#531=IFCMATERIALLAYERSET((#525,#526,#527,#528,#529,#530),'Basic Wall:Exterior wall');
#532=IFCMATERIALLAYERSETUSAGE(#531,.AXIS2.,.NEGATIVE.,208.50000000000006);
#533=IFCWALLTYPE('1iDZV_Brn0Z9GW0EFhIoDZ',#18,'Basic Wall:Exterior wall',$,$,(#543,#545),$,'1200691',$,.STANDARD.);
#534=IFCPROPERTYSINGLEVALUE('Reference',$,IFCIDENTIFIER('Basic wall ex'),$);
#535=IFCPROPERTYSET('1UKxYH0LlImedwAvDZoNwt',#18,'Pset_QuantityTakeOff',$,(#534));
#536=IFCPROPERTYSINGLEVALUE('Reference',$,IFCLABEL('Basic wall ex'),$);
#537=IFCPROPERTYSET('0pXAETYqp_EaaijaECPla$',#18,'Pset_ReinforcementBarPitchOfWall',$,(#536));
#538=IFCPROPERTYSET('3LW_hk9SFgoLw1m2Pzsbe2',#18,'Pset_WallCommon',$,(#419,#420,#421,#534));
#539=IFCRELDEFINESBYPROPERTIES('0Pf1KhERkJVNO9rQqmKmuZ',#18,$,$,(#495),#535);
#540=IFCRELDEFINESBYPROPERTIES('2_LsDJv5f6PlRE57XYJGdu',#18,$,$,(#495),#537);
#541=IFCRELDEFINESBYPROPERTIES('043DDjROgm$s$A0fNdyNyd',#18,$,$,(#495),#538);
#542=IFCPROPERTYSINGLEVALUE('Description',$,IFCTEXT('Generic Wall (Material By Category), 8" thick'),$);
#543=IFCPROPERTYSET('3aPGFgty7Mzs3dNXHz7xqL',#18,'Pset_ReinforcementBarPitchOfWall',$,(#542));
#544=IFCPROPERTYSINGLEVALUE('ThermalTransmittance',$,IFCTHERMALTRANSMITTANCEMEASURE(0.22665361663344197),$);
#545=IFCPROPERTYSET('0gVXpJwtPS1RzkXI9_w0xH',#18,'Pset_WallCommon',$,(#544));
#546=IFCCARTESIANPOINT((3791.5000000000027,-1000.,0.));
#547=IFCAXIS2PLACEMENT3D(#546,#9,#6);
#548=IFCLOCALPLACEMENT(#42,#547);
#549=IFCCARTESIANPOINT((8000.,0.));
#550=IFCPOLYLINE((#4,#549));
#551=IFCSHAPEREPRESENTATION(#23,'Axis','Curve2D',(#550));
#552=IFCCARTESIANPOINT((3999.9999999999995,-7.1054273576010019E-14));
#553=IFCAXIS2PLACEMENT2D(#552,#11);
#554=IFCRECTANGLEPROFILEDEF(.AREA.,$,#553,7999.9999999999991,417.00000000000011);
#555=IFCAXIS2PLACEMENT3D(#3,$,$);
#556=IFCEXTRUDEDAREASOLID(#554,#555,#9,3000.);
#557=IFCSTYLEDITEM(#556,(#491),$);
#558=IFCSHAPEREPRESENTATION(#24,'Body','SweptSolid',(#556));
#559=IFCPRODUCTDEFINITIONSHAPE($,$,(#551,#558));
#560=IFCWALLSTANDARDCASE('3S3VgMDFLDiPHeIJPk5HSc',#18,'Basic Wall:Basic wall ex:1200762',$,'Basic Wall:Basic wall ex',#548,#559,'1200718');
#561=IFCMATERIALLAYERSETUSAGE(#531,.AXIS2.,.NEGATIVE.,208.50000000000006);
#562=IFCPROPERTYSET('0ioGtQtA_RecjuFllRwD_v',#18,'Pset_QuantityTakeOff',$,(#534));
#563=IFCPROPERTYSINGLEVALUE('Reference',$,IFCLABEL('Basic wall ex'),$);
#564=IFCPROPERTYSET('0jRj2Jozvz45glBdUG82WJ',#18,'Pset_ReinforcementBarPitchOfWall',$,(#563));
#565=IFCPROPERTYSET('0Bq_dFUseVft_mLflNKI3f',#18,'Pset_WallCommon',$,(#419,#420,#421,#534));
#566=IFCRELDEFINESBYPROPERTIES('2vwCUkHXrMizQHFChRHIqX',#18,$,$,(#560),#562);
#567=IFCRELDEFINESBYPROPERTIES('34q3nPvYGqabGnxSgICzCt',#18,$,$,(#560),#564);
#568=IFCRELDEFINESBYPROPERTIES('2U6GzbazQ14R6QKMzq00c0',#18,$,$,(#560),#565);
#569=IFCCARTESIANPOINT((-4208.4999999999955,7000.,0.));
#570=IFCAXIS2PLACEMENT3D(#569,$,$);
#571=IFCLOCALPLACEMENT(#42,#570);
#572=IFCCARTESIANPOINT((8000.,0.));
#573=IFCPOLYLINE((#4,#572));
#574=IFCSHAPEREPRESENTATION(#23,'Axis','Curve2D',(#573));
#575=IFCCARTESIANPOINT((3999.9999999999991,0.));
#576=IFCAXIS2PLACEMENT2D(#575,#12);
#577=IFCRECTANGLEPROFILEDEF(.AREA.,$,#576,7999.9999999999982,417.00000000000051);
#578=IFCAXIS2PLACEMENT3D(#3,$,$);
#579=IFCEXTRUDEDAREASOLID(#577,#578,#9,3000.);
#580=IFCSTYLEDITEM(#579,(#491),$);
#581=IFCSHAPEREPRESENTATION(#24,'Body','SweptSolid',(#579));
#582=IFCPRODUCTDEFINITIONSHAPE($,$,(#574,#581));
#583=IFCWALLSTANDARDCASE('20rBv4HojAY8M3avWLHAgu',#18,'Basic Wall:Basic wall ex:1201621',$,'Basic Wall:Basic wall ex',#571,#582,'1200719');
#584=IFCMATERIALLAYERSETUSAGE(#531,.AXIS2.,.NEGATIVE.,208.50000000000006);
#585=IFCPROPERTYSET('1Rn4F1z_CJsvtlYMaa5PSt',#18,'Pset_QuantityTakeOff',$,(#534));
#586=IFCPROPERTYSINGLEVALUE('Reference',$,IFCLABEL('Basic wall ex'),$);
#587=IFCPROPERTYSET('1KhEXgrdIDydSFPXrBiS0m',#18,'Pset_ReinforcementBarPitchOfWall',$,(#586));
#588=IFCPROPERTYSET('2lq14KXaVJ7Px2qspuvdsC',#18,'Pset_WallCommon',$,(#419,#420,#421,#534));
#589=IFCRELDEFINESBYPROPERTIES('3AHHQ6onuy2URzh1UjlE9O',#18,$,$,(#583),#585);
#590=IFCRELDEFINESBYPROPERTIES('2qcsevpeu6eufDSVEmUsPu',#18,$,$,(#583),#587);
#591=IFCRELDEFINESBYPROPERTIES('1r5MEJGitOsMX5olrzJIAC',#18,$,$,(#583),#588);
#592=IFCCARTESIANPOINT((-4000.,-791.50000000001501,0.));
#593=IFCAXIS2PLACEMENT3D(#592,#9,#7);
#594=IFCLOCALPLACEMENT(#42,#593);
#595=IFCCARTESIANPOINT((7583.,0.));
#596=IFCPOLYLINE((#4,#595));
#597=IFCSHAPEREPRESENTATION(#23,'Axis','Curve2D',(#596));
#598=IFCCARTESIANPOINT((3791.4999999999982,0.));
#599=IFCAXIS2PLACEMENT2D(#598,#12);
#600=IFCRECTANGLEPROFILEDEF(.AREA.,$,#599,7582.9999999999964,417.00000000000051);
#601=IFCAXIS2PLACEMENT3D(#3,$,$);
#602=IFCEXTRUDEDAREASOLID(#600,#601,#9,3000.);
#603=IFCSTYLEDITEM(#602,(#491),$);
#604=IFCSHAPEREPRESENTATION(#24,'Body','SweptSolid',(#602));
#605=IFCPRODUCTDEFINITIONSHAPE($,$,(#597,#604));
#606=IFCWALLSTANDARDCASE('20rBv4HojAY8M3avWLHAad',#18,'Basic Wall:Basic wall ex:1201738',$,'Basic Wall:Basic wall ex',#594,#605,'1200720');
#607=IFCMATERIALLAYERSETUSAGE(#531,.AXIS2.,.NEGATIVE.,208.50000000000006);
#608=IFCPROPERTYSET('3dm4ZGtXW6nhEEy3Z17$3j',#18,'Pset_QuantityTakeOff',$,(#534));
#609=IFCPROPERTYSINGLEVALUE('Reference',$,IFCLABEL('Basic wall ex'),$);
#610=IFCPROPERTYSET('0nXIGQ36p0g2r$NMVut_pU',#18,'Pset_ReinforcementBarPitchOfWall',$,(#609));
#611=IFCPROPERTYSET('3uq$oOtgtgfp8hf2pK7VyI',#18,'Pset_WallCommon',$,(#419,#420,#421,#534));
#612=IFCRELDEFINESBYPROPERTIES('11H1ukGdpLAtE8x3dxXvPp',#18,$,$,(#606),#608);
#613=IFCRELDEFINESBYPROPERTIES('02eqpzulWo604OwMCu_6B5',#18,$,$,(#606),#610);
#614=IFCRELDEFINESBYPROPERTIES('0TzvGcCdEyBoGGqY4K64fc',#18,$,$,(#606),#611);
#615=IFCAXIS2PLACEMENT3D(#3,$,$);
#616=IFCLOCALPLACEMENT(#42,#615);
#617=IFCCARTESIANPOINT((0.,0.));
#618=IFCAXIS2PLACEMENT2D(#617,#11);
#619=IFCRECTANGLEPROFILEDEF(.AREA.,$,#618,8416.9999999999982,8416.9999999999982);
#620=IFCCARTESIANPOINT((0.,3000.,0.));
#621=IFCAXIS2PLACEMENT3D(#620,#10,#7);
#622=IFCEXTRUDEDAREASOLID(#619,#621,#9,304.80000000000001);
#623=IFCCOLOURRGB($,0.50196078431372548,0.50196078431372548,0.50196078431372548);
#624=IFCSURFACESTYLERENDERING(#623,0.,$,$,$,$,IFCNORMALISEDRATIOMEASURE(0.5),IFCSPECULAREXPONENT(10.),.NOTDEFINED.);
#625=IFCSURFACESTYLE('Default Floor',.BOTH.,(#624));
#626=IFCPRESENTATIONSTYLEASSIGNMENT((#625));
#627=IFCSTYLEDITEM(#622,(#626),$);
#628=IFCSHAPEREPRESENTATION(#24,'Body','SweptSolid',(#622));
#629=IFCPRODUCTDEFINITIONSHAPE($,$,(#628));
#630=IFCSLAB('20rBv4HojAY8M3avWLHAN$',#18,'Floor:Floor:Generic - 12":1200724',$,'Floor:Floor:Generic - 12"',#616,#629,'1200724',.FLOOR.);
#631=IFCSLABTYPE('1iDZV_Brn0Z9GW0EFhIoC1',#18,'Floor:Floor:Generic - 12"',$,$,$,$,'1200721',$,.FLOOR.);
#632=IFCMATERIAL('Default Floor');
#633=IFCPRESENTATIONSTYLEASSIGNMENT((#625));
#634=IFCSTYLEDITEM($,(#633),$);
#635=IFCSTYLEDREPRESENTATION(#22,'Style','Material',(#634));
#636=IFCMATERIALDEFINITIONREPRESENTATION($,$,(#635),#632);
#637=IFCMATERIALLAYER(#632,304.80000000000001,$);
#638=IFCMATERIALLAYERSET((#637),'Floor:Floor:Generic - 12"');
#639=IFCMATERIALLAYERSETUSAGE(#638,.AXIS3.,.POSITIVE.,0.);
#640=IFCPROPERTYSINGLEVALUE('Reference',$,IFCIDENTIFIER('Floor:Generic - 12"'),$);
#641=IFCPROPERTYSET('0kphNHotQJ5mBlvkqmAqCl',#18,'Pset_QuantityTakeOff',$,(#640));
#642=IFCPROPERTYSINGLEVALUE('Reference',$,IFCLABEL('Floor:Generic - 12"'),$);
#643=IFCPROPERTYSET('0iXujj9fPwFetXMU4NF00R',#18,'Pset_ReinforcementBarPitchOfSlab',$,(#642));
#644=IFCPROPERTYSINGLEVALUE('IsExternal',$,IFCBOOLEAN(.F.),$);
#645=IFCPROPERTYSINGLEVALUE('PitchAngle',$,IFCPLANEANGLEMEASURE(0.),$);
#646=IFCPROPERTYSET('3TxUongGnHUG3C$7C2NiPU',#18,'Pset_SlabCommon',$,(#421,#640,#644,#645));
#647=IFCRELDEFINESBYPROPERTIES('3xxBV7xst4ZiJ3$8c2Qmz3',#18,$,$,(#630),#641);
#648=IFCRELDEFINESBYPROPERTIES('2ZQtAYN_UnSwugIYmusUGG',#18,$,$,(#630),#643);
#649=IFCRELDEFINESBYPROPERTIES('3ibpQy$ZLYSmNNS6bRHKHE',#18,$,$,(#630),#646);
#650=IFCCARTESIANPOINT((62.,2700.,0.));
#651=IFCAXIS2PLACEMENT3D(#650,$,$);
#652=IFCLOCALPLACEMENT(#42,#651);
#653=IFCCARTESIANPOINT((3729.5000000000027,0.));
#654=IFCPOLYLINE((#4,#653));
#655=IFCSHAPEREPRESENTATION(#23,'Axis','Curve2D',(#654));
#656=IFCCARTESIANPOINT((1864.7500000000014,-7.1054273576010019E-14));
#657=IFCAXIS2PLACEMENT2D(#656,#12);
#658=IFCRECTANGLEPROFILEDEF(.AREA.,$,#657,3729.5000000000027,108.00000000000036);
#659=IFCAXIS2PLACEMENT3D(#3,$,$);
#660=IFCEXTRUDEDAREASOLID(#658,#659,#9,3000.);
#661=IFCSTYLEDITEM(#660,(#363),$);
#662=IFCSHAPEREPRESENTATION(#24,'Body','SweptSolid',(#660));
#663=IFCPRODUCTDEFINITIONSHAPE($,$,(#655,#662));
#664=IFCWALLSTANDARDCASE('1iDZV_Brn0Z9GW0EFhIoO4',#18,'Basic Wall:Partition wall:1202004',$,'Basic Wall:Partition wall',#652,#663,'1202004');
#665=IFCMATERIALLAYERSETUSAGE(#463,.AXIS2.,.POSITIVE.,-54.);
#666=IFCPROPERTYSINGLEVALUE('Reference',$,IFCIDENTIFIER('Partition wall'),$);
#667=IFCPROPERTYSET('2187SPA$VueCgzSXGOkATi',#18,'Pset_QuantityTakeOff',$,(#666));
#668=IFCPROPERTYSINGLEVALUE('Reference',$,IFCLABEL('Partition wall'),$);
#669=IFCPROPERTYSET('0g22EhCKiJPWTUPVoQME6b',#18,'Pset_ReinforcementBarPitchOfWall',$,(#668));
#670=IFCPROPERTYSET('1kzm5FLp16o8DzYP2WfopY',#18,'Pset_WallCommon',$,(#419,#420,#421,#666));
#671=IFCRELDEFINESBYPROPERTIES('2laB4TiUIkgE7dNp9CnZfu',#18,$,$,(#664),#667);
#672=IFCRELDEFINESBYPROPERTIES('2eYqKNElYb8_L8AHTS8Kqz',#18,$,$,(#664),#669);
#673=IFCRELDEFINESBYPROPERTIES('3yBg89_a4Aua5nzRdDJnVv',#18,$,$,(#664),#670);
#674=IFCCARTESIANPOINT((115.80937499998572,339.15000000000026,1016.));
#675=IFCCARTESIANPOINT((116.15011673709505,339.15000000000026,1018.5881904510278));
#676=IFCCARTESIANPOINT((117.14912096214137,339.15000000000026,1021.));
#677=IFCCARTESIANPOINT((118.73830718812034,339.15000000000026,1023.0710678118681));
#678=IFCCARTESIANPOINT((120.80937499998581,339.15000000000026,1024.6602540378469));
#679=IFCCARTESIANPOINT((123.22118454896065,339.15000000000026,1025.6592582628934));
#680=IFCCARTESIANPOINT((125.80937499998588,339.15000000000026,1026.));
#681=IFCCARTESIANPOINT((128.3975654510111,339.15000000000026,1025.6592582628932));
#682=IFCCARTESIANPOINT((130.80937499998598,339.15000000000026,1024.6602540378469));
#683=IFCCARTESIANPOINT((132.88044281185142,339.15000000000026,1023.071067811868));
#684=IFCCARTESIANPOINT((134.46962903783026,339.15000000000026,1021.));
#685=IFCCARTESIANPOINT((135.46863326287658,339.15000000000026,1018.5881904510277));
#686=IFCCARTESIANPOINT((135.80937499998592,339.15000000000026,1016.));
#687=IFCCARTESIANPOINT((135.46863326287652,339.15000000000026,1013.4118095489771));
#688=IFCCARTESIANPOINT((134.46962903783012,339.15000000000026,1011.));
#689=IFCCARTESIANPOINT((132.88044281185122,339.15000000000026,1008.9289321881369));
#690=IFCCARTESIANPOINT((130.80937499998569,339.15000000000026,1007.339745962158));
#691=IFCCARTESIANPOINT((128.39756545101091,339.15000000000026,1006.3407417371117));
#692=IFCCARTESIANPOINT((125.80937499998561,339.15000000000026,1006.));
#693=IFCCARTESIANPOINT((123.22118454896045,339.15000000000026,1006.3407417371118));
#694=IFCCARTESIANPOINT((120.80937499998559,339.15000000000026,1007.3397459621582));
#695=IFCCARTESIANPOINT((118.73830718812015,339.15000000000026,1008.9289321881371));
#696=IFCCARTESIANPOINT((117.14912096214123,339.15000000000026,1011.));
#697=IFCCARTESIANPOINT((116.15011673709498,339.15000000000026,1013.4118095489773));
#698=IFCCARTESIANPOINT((135.80937499998583,309.15000000000066,1016.));
#699=IFCCARTESIANPOINT((135.46863326287652,309.15000000000066,1013.4118095489771));
#700=IFCCARTESIANPOINT((134.46962903783012,309.15000000000066,1011.));
#701=IFCCARTESIANPOINT((132.88044281185114,309.15000000000066,1008.9289321881369));
#702=IFCCARTESIANPOINT((130.80937499998564,309.15000000000066,1007.339745962158));
#703=IFCCARTESIANPOINT((128.39756545101085,309.15000000000066,1006.3407417371117));
#704=IFCCARTESIANPOINT((125.80937499998561,309.15000000000066,1006.));
#705=IFCCARTESIANPOINT((123.22118454896038,309.15000000000066,1006.3407417371118));
#706=IFCCARTESIANPOINT((120.80937499998554,309.15000000000066,1007.3397459621582));
#707=IFCCARTESIANPOINT((118.73830718812007,309.15000000000066,1008.9289321881371));
#708=IFCCARTESIANPOINT((117.14912096214117,309.15000000000066,1011.));
#709=IFCCARTESIANPOINT((116.15011673709492,309.15000000000066,1013.4118095489773));
#710=IFCCARTESIANPOINT((115.80937499998565,309.15000000000066,1016.));
#711=IFCCARTESIANPOINT((116.15011673709498,309.15000000000066,1018.5881904510278));
#712=IFCCARTESIANPOINT((117.1491209621413,309.15000000000066,1021.));
#713=IFCCARTESIANPOINT((118.73830718812027,309.15000000000066,1023.0710678118681));
#714=IFCCARTESIANPOINT((120.80937499998574,309.15000000000066,1024.6602540378469));
#715=IFCCARTESIANPOINT((123.22118454896059,309.15000000000066,1025.6592582628934));
#716=IFCCARTESIANPOINT((125.80937499998582,309.15000000000066,1026.));
#717=IFCCARTESIANPOINT((128.39756545101105,309.15000000000066,1025.6592582628932));
#718=IFCCARTESIANPOINT((130.80937499998583,309.15000000000066,1024.6602540378469));
#719=IFCCARTESIANPOINT((132.88044281185137,309.15000000000066,1023.071067811868));
#720=IFCCARTESIANPOINT((134.46962903783026,309.15000000000066,1021.));
#721=IFCCARTESIANPOINT((135.46863326287658,309.15000000000066,1018.5881904510277));
#722=IFCCARTESIANPOINT((140.80937499999283,304.14999999999367,1016.));
#723=IFCCARTESIANPOINT((140.80937499999283,303.80925826288427,1013.411809548977));
#724=IFCCARTESIANPOINT((140.80937499999283,302.81025403783792,1011.));
#725=IFCCARTESIANPOINT((140.80937499999283,301.22106781185897,1008.9289321881367));
#726=IFCCARTESIANPOINT((140.80937499999283,299.1499999999935,1007.3397459621578));
#727=IFCCARTESIANPOINT((140.80937499999283,296.73819045101868,1006.3407417371116));
#728=IFCCARTESIANPOINT((140.80937499999283,294.14999999999344,1006.));
#729=IFCCARTESIANPOINT((140.80937499999283,291.5618095489682,1006.3407417371117));
#730=IFCCARTESIANPOINT((140.80937499999283,289.14999999999338,1007.339745962158));
#731=IFCCARTESIANPOINT((140.80937499999283,287.07893218812791,1008.928932188137));
#732=IFCCARTESIANPOINT((140.80937499999283,285.48974596214896,1011.));
#733=IFCCARTESIANPOINT((140.80937499999283,284.49074173710272,1013.4118095489773));
#734=IFCCARTESIANPOINT((140.80937499999283,284.14999999999344,1016.));
#735=IFCCARTESIANPOINT((128.30937499998925,287.49936490538346,1016.));
#736=IFCCARTESIANPOINT((119.15873990537565,296.64999999999708,1016.));
#737=IFCCARTESIANPOINT((137.27384109405511,305.61446609406295,1016.));
#738=IFCCARTESIANPOINT((134.44317721864729,285.85581755436181,1016.));
#739=IFCCARTESIANPOINT((117.51519254347006,302.78380225927447,1016.));
#740=IFCCARTESIANPOINT((137.62627610932006,285.00290877717759,1016.));
#741=IFCCARTESIANPOINT((116.66228377172783,305.96690112963751,1016.));
#742=IFCCARTESIANPOINT((139.2178255546564,284.57645438858555,1016.));
#743=IFCCARTESIANPOINT((116.23582938585673,307.55845056481911,1016.));
#744=IFCCARTESIANPOINT((123.73405745268245,292.07468245269024,1016.));
#745=IFCCARTESIANPOINT((131.2717031048515,295.3970849533012,1006.1519226553052));
#746=IFCCARTESIANPOINT((127.05646058812025,299.61232883018835,1006.1519224904388));
#747=IFCCARTESIANPOINT((118.33696622442285,299.71690112963574,1016.));
#748=IFCCARTESIANPOINT((133.79875719075937,290.47962368170391,1007.307206842552));
#749=IFCCARTESIANPOINT((124.77428828630627,302.56612441288695,1006.2762186771978));
#750=IFCCARTESIANPOINT((120.7810372595896,303.18986447936686,1007.9233031030747));
#751=IFCCARTESIANPOINT((136.79091746211813,301.77363063451702,1008.4874054040977));
#752=IFCCARTESIANPOINT((133.43300534192858,305.13154238487766,1008.4874051459109));
#753=IFCCARTESIANPOINT((132.30809206711984,300.64871740538399,1006.4535208478036));
#754=IFCCARTESIANPOINT((125.88886536131483,294.47823813046386,1007.9447626545727));
#755=IFCCARTESIANPOINT((131.3762761093183,286.67759122987263,1016.));
#756=IFCCARTESIANPOINT((126.02171622633587,289.78702367903685,1016.));
#757=IFCCARTESIANPOINT((121.44639867902902,294.36234122634363,1016.));
#758=IFCCARTESIANPOINT((140.80937499999283,284.49074173710278,1018.5881904510277));
#759=IFCCARTESIANPOINT((140.80937499999283,285.48974596214907,1021.));
#760=IFCCARTESIANPOINT((140.80937499999288,287.07893218812802,1023.0710678118679));
#761=IFCCARTESIANPOINT((140.80937499999288,289.14999999999355,1024.6602540378469));
#762=IFCCARTESIANPOINT((140.80937499999288,291.56180954896837,1025.6592582628932));
#763=IFCCARTESIANPOINT((140.80937499999288,294.14999999999361,1026.));
#764=IFCCARTESIANPOINT((140.80937499999288,296.73819045101885,1025.6592582628932));
#765=IFCCARTESIANPOINT((140.80937499999288,299.14999999999367,1024.6602540378467));
#766=IFCCARTESIANPOINT((140.80937499999288,301.22106781185909,1023.0710678118679));
#767=IFCCARTESIANPOINT((140.80937499999283,302.81025403783804,1021.));
#768=IFCCARTESIANPOINT((140.80937499999283,303.80925826288433,1018.5881904510276));
#769=IFCCARTESIANPOINT((127.05646058800809,299.61232883006892,1025.8480775095377));
#770=IFCCARTESIANPOINT((131.27170310439203,295.39708495319115,1025.8480773446374));
#771=IFCCARTESIANPOINT((133.79875719067539,290.47962368166816,1024.6927931574171));
#772=IFCCARTESIANPOINT((124.77428828628589,302.56612441285785,1025.7237813228001));
#773=IFCCARTESIANPOINT((120.78103725958337,303.18986447934611,1024.0766968969215));
#774=IFCCARTESIANPOINT((133.43300534185988,305.13154238483645,1023.5125948541643));
#775=IFCCARTESIANPOINT((136.79091746212779,301.77363063452287,1023.5125945958986));
#776=IFCCARTESIANPOINT((132.30809206672859,300.64871740504344,1025.5464791523625));
#777=IFCCARTESIANPOINT((126.1376127370706,294.22949069424874,1024.0552373171599));
#778=IFCCARTESIANPOINT((245.8093750000005,284.1499999999935,1016.));
#779=IFCCARTESIANPOINT((245.8093750000005,284.49074173710278,1013.411809548977));
#780=IFCCARTESIANPOINT((245.8093750000005,285.48974596214907,1011.));
#781=IFCCARTESIANPOINT((245.80937500000047,287.07893218812802,1008.9289321881366));
#782=IFCCARTESIANPOINT((245.80937500000047,289.1499999999935,1007.3397459621577));
#783=IFCCARTESIANPOINT((245.80937500000047,291.56180954896826,1006.3407417371114));
#784=IFCCARTESIANPOINT((245.80937500000047,294.1499999999935,1006.));
#785=IFCCARTESIANPOINT((245.80937500000047,296.73819045101874,1006.3407417371113));
#786=IFCCARTESIANPOINT((245.80937500000047,299.14999999999355,1007.3397459621576));
#787=IFCCARTESIANPOINT((245.80937500000047,301.22106781185909,1008.9289321881364));
#788=IFCCARTESIANPOINT((245.8093750000005,302.81025403783804,1011.));
#789=IFCCARTESIANPOINT((245.8093750000005,303.80925826288438,1013.4118095489769));
#790=IFCCARTESIANPOINT((245.8093750000005,304.14999999999372,1016.));
#791=IFCCARTESIANPOINT((245.8093750000005,303.80925826288438,1018.5881904510275));
#792=IFCCARTESIANPOINT((245.8093750000005,302.81025403783809,1021.));
#793=IFCCARTESIANPOINT((245.80937500000053,301.2210678118592,1023.0710678118677));
#794=IFCCARTESIANPOINT((245.80937500000053,299.14999999999367,1024.6602540378467));
#795=IFCCARTESIANPOINT((245.80937500000053,296.73819045101885,1025.659258262893));
#796=IFCCARTESIANPOINT((245.80937500000053,294.14999999999361,1026.));
#797=IFCCARTESIANPOINT((245.80937500000053,291.56180954896843,1025.659258262893));
#798=IFCCARTESIANPOINT((245.80937500000053,289.14999999999361,1024.6602540378467));
#799=IFCCARTESIANPOINT((245.80937500000053,287.07893218812808,1023.0710678118677));
#800=IFCCARTESIANPOINT((245.8093750000005,285.48974596214913,1021.));
#801=IFCCARTESIANPOINT((245.8093750000005,284.49074173710284,1018.5881904510275));
#802=IFCPOLYLOOP((#695,#696,#697,#674,#675,#676,#677,#678,#679,#680,#681,#682,#683,#684,#685,#686,#687,#688,#689,#690,#691,#692,#693,#694));
#803=IFCFACEOUTERBOUND(#802,.T.);
#804=IFCFACE((#803));
#805=IFCPOLYLOOP((#710,#674,#697,#709));
#806=IFCFACEOUTERBOUND(#805,.T.);
#807=IFCFACE((#806));
#808=IFCPOLYLOOP((#709,#697,#696,#708));
#809=IFCFACEOUTERBOUND(#808,.T.);
#810=IFCFACE((#809));
#811=IFCPOLYLOOP((#706,#707,#695,#694));
#812=IFCFACEOUTERBOUND(#811,.T.);
#813=IFCFACE((#812));
#814=IFCPOLYLOOP((#696,#695,#707,#708));
#815=IFCFACEOUTERBOUND(#814,.T.);
#816=IFCFACE((#815));
#817=IFCPOLYLOOP((#705,#706,#694,#693));
#818=IFCFACEOUTERBOUND(#817,.T.);
#819=IFCFACE((#818));
#820=IFCPOLYLOOP((#692,#704,#705,#693));
#821=IFCFACEOUTERBOUND(#820,.T.);
#822=IFCFACE((#821));
#823=IFCPOLYLOOP((#703,#691,#690,#702));
#824=IFCFACEOUTERBOUND(#823,.T.);
#825=IFCFACE((#824));
#826=IFCPOLYLOOP((#702,#690,#689,#701));
#827=IFCFACEOUTERBOUND(#826,.T.);
#828=IFCFACE((#827));
#829=IFCPOLYLOOP((#699,#700,#688,#687));
#830=IFCFACEOUTERBOUND(#829,.T.);
#831=IFCFACE((#830));
#832=IFCPOLYLOOP((#689,#688,#700,#701));
#833=IFCFACEOUTERBOUND(#832,.T.);
#834=IFCFACE((#833));
#835=IFCPOLYLOOP((#698,#699,#687,#686));
#836=IFCFACEOUTERBOUND(#835,.T.);
#837=IFCFACE((#836));
#838=IFCPOLYLOOP((#703,#704,#692,#691));
#839=IFCFACEOUTERBOUND(#838,.T.);
#840=IFCFACE((#839));
#841=IFCPOLYLOOP((#698,#686,#685,#721));
#842=IFCFACEOUTERBOUND(#841,.T.);
#843=IFCFACE((#842));
#844=IFCPOLYLOOP((#721,#685,#684,#720));
#845=IFCFACEOUTERBOUND(#844,.T.);
#846=IFCFACE((#845));
#847=IFCPOLYLOOP((#718,#719,#683,#682));
#848=IFCFACEOUTERBOUND(#847,.T.);
#849=IFCFACE((#848));
#850=IFCPOLYLOOP((#684,#683,#719,#720));
#851=IFCFACEOUTERBOUND(#850,.T.);
#852=IFCFACE((#851));
#853=IFCPOLYLOOP((#717,#718,#682,#681));
#854=IFCFACEOUTERBOUND(#853,.T.);
#855=IFCFACE((#854));
#856=IFCPOLYLOOP((#680,#716,#717,#681));
#857=IFCFACEOUTERBOUND(#856,.T.);
#858=IFCFACE((#857));
#859=IFCPOLYLOOP((#715,#679,#678,#714));
#860=IFCFACEOUTERBOUND(#859,.T.);
#861=IFCFACE((#860));
#862=IFCPOLYLOOP((#714,#678,#677,#713));
#863=IFCFACEOUTERBOUND(#862,.T.);
#864=IFCFACE((#863));
#865=IFCPOLYLOOP((#711,#712,#676,#675));
#866=IFCFACEOUTERBOUND(#865,.T.);
#867=IFCFACE((#866));
#868=IFCPOLYLOOP((#677,#676,#712,#713));
#869=IFCFACEOUTERBOUND(#868,.T.);
#870=IFCFACE((#869));
#871=IFCPOLYLOOP((#710,#711,#675,#674));
#872=IFCFACEOUTERBOUND(#871,.T.);
#873=IFCFACE((#872));
#874=IFCPOLYLOOP((#715,#716,#680,#679));
#875=IFCFACEOUTERBOUND(#874,.T.);
#876=IFCFACE((#875));
#877=IFCPOLYLOOP((#708,#743,#709));
#878=IFCFACEOUTERBOUND(#877,.T.);
#879=IFCFACE((#878));
#880=IFCPOLYLOOP((#739,#705,#750));
#881=IFCFACEOUTERBOUND(#880,.T.);
#882=IFCFACE((#881));
#883=IFCPOLYLOOP((#752,#746,#749));
#884=IFCFACEOUTERBOUND(#883,.T.);
#885=IFCFACE((#884));
#886=IFCPOLYLOOP((#750,#736,#747,#739));
#887=IFCFACEOUTERBOUND(#886,.T.);
#888=IFCFACE((#887));
#889=IFCPOLYLOOP((#707,#706,#739));
#890=IFCFACEOUTERBOUND(#889,.T.);
#891=IFCFACE((#890));
#892=IFCPOLYLOOP((#707,#741,#708));
#893=IFCFACEOUTERBOUND(#892,.T.);
#894=IFCFACE((#893));
#895=IFCPOLYLOOP((#705,#739,#706));
#896=IFCFACEOUTERBOUND(#895,.T.);
#897=IFCFACE((#896));
#898=IFCPOLYLOOP((#750,#749,#736));
#899=IFCFACEOUTERBOUND(#898,.T.);
#900=IFCFACE((#899));
#901=IFCPOLYLOOP((#703,#702,#750));
#902=IFCFACEOUTERBOUND(#901,.T.);
#903=IFCFACE((#902));
#904=IFCPOLYLOOP((#753,#745,#754));
#905=IFCFACEOUTERBOUND(#904,.T.);
#906=IFCFACE((#905));
#907=IFCPOLYLOOP((#745,#748,#735));
#908=IFCFACEOUTERBOUND(#907,.T.);
#909=IFCFACE((#908));
#910=IFCPOLYLOOP((#705,#704,#750));
#911=IFCFACEOUTERBOUND(#910,.T.);
#912=IFCFACE((#911));
#913=IFCPOLYLOOP((#704,#703,#750));
#914=IFCFACEOUTERBOUND(#913,.T.);
#915=IFCFACE((#914));
#916=IFCPOLYLOOP((#751,#737,#722));
#917=IFCFACEOUTERBOUND(#916,.T.);
#918=IFCFACE((#917));
#919=IFCPOLYLOOP((#749,#750,#702));
#920=IFCFACEOUTERBOUND(#919,.T.);
#921=IFCFACE((#920));
#922=IFCPOLYLOOP((#724,#751,#723));
#923=IFCFACEOUTERBOUND(#922,.T.);
#924=IFCFACE((#923));
#925=IFCPOLYLOOP((#729,#738,#755));
#926=IFCFACEOUTERBOUND(#925,.T.);
#927=IFCFACE((#926));
#928=IFCPOLYLOOP((#733,#742,#732));
#929=IFCFACEOUTERBOUND(#928,.T.);
#930=IFCFACE((#929));
#931=IFCPOLYLOOP((#700,#752,#749));
#932=IFCFACEOUTERBOUND(#931,.T.);
#933=IFCFACE((#932));
#934=IFCPOLYLOOP((#702,#701,#749));
#935=IFCFACEOUTERBOUND(#934,.T.);
#936=IFCFACE((#935));
#937=IFCPOLYLOOP((#753,#754,#746));
#938=IFCFACEOUTERBOUND(#937,.T.);
#939=IFCFACE((#938));
#940=IFCPOLYLOOP((#726,#748,#725));
#941=IFCFACEOUTERBOUND(#940,.T.);
#942=IFCFACE((#941));
#943=IFCPOLYLOOP((#753,#752,#737));
#944=IFCFACEOUTERBOUND(#943,.T.);
#945=IFCFACE((#944));
#946=IFCPOLYLOOP((#754,#757,#746));
#947=IFCFACEOUTERBOUND(#946,.T.);
#948=IFCFACE((#947));
#949=IFCPOLYLOOP((#745,#756,#754));
#950=IFCFACEOUTERBOUND(#949,.T.);
#951=IFCFACE((#950));
#952=IFCPOLYLOOP((#729,#730,#738));
#953=IFCFACEOUTERBOUND(#952,.T.);
#954=IFCFACE((#953));
#955=IFCPOLYLOOP((#753,#746,#752));
#956=IFCFACEOUTERBOUND(#955,.T.);
#957=IFCFACE((#956));
#958=IFCPOLYLOOP((#748,#728,#755));
#959=IFCFACEOUTERBOUND(#958,.T.);
#960=IFCFACE((#959));
#961=IFCPOLYLOOP((#755,#728,#729));
#962=IFCFACEOUTERBOUND(#961,.T.);
#963=IFCFACE((#962));
#964=IFCPOLYLOOP((#738,#731,#740));
#965=IFCFACEOUTERBOUND(#964,.T.);
#966=IFCFACE((#965));
#967=IFCPOLYLOOP((#756,#745,#735));
#968=IFCFACEOUTERBOUND(#967,.T.);
#969=IFCFACE((#968));
#970=IFCPOLYLOOP((#730,#731,#738));
#971=IFCFACEOUTERBOUND(#970,.T.);
#972=IFCFACE((#971));
#973=IFCPOLYLOOP((#755,#735,#748));
#974=IFCFACEOUTERBOUND(#973,.T.);
#975=IFCFACE((#974));
#976=IFCPOLYLOOP((#734,#742,#733));
#977=IFCFACEOUTERBOUND(#976,.T.);
#978=IFCFACE((#977));
#979=IFCPOLYLOOP((#753,#751,#745));
#980=IFCFACEOUTERBOUND(#979,.T.);
#981=IFCFACE((#980));
#982=IFCPOLYLOOP((#746,#757,#749));
#983=IFCFACEOUTERBOUND(#982,.T.);
#984=IFCFACE((#983));
#985=IFCPOLYLOOP((#731,#732,#740));
#986=IFCFACEOUTERBOUND(#985,.T.);
#987=IFCFACE((#986));
#988=IFCPOLYLOOP((#699,#698,#752));
#989=IFCFACEOUTERBOUND(#988,.T.);
#990=IFCFACE((#989));
#991=IFCPOLYLOOP((#754,#756,#744,#757));
#992=IFCFACEOUTERBOUND(#991,.T.);
#993=IFCFACE((#992));
#994=IFCPOLYLOOP((#745,#751,#724));
#995=IFCFACEOUTERBOUND(#994,.T.);
#996=IFCFACE((#995));
#997=IFCPOLYLOOP((#741,#707,#739));
#998=IFCFACEOUTERBOUND(#997,.T.);
#999=IFCFACE((#998));
#1000=IFCPOLYLOOP((#751,#722,#723));
#1001=IFCFACEOUTERBOUND(#1000,.T.);
#1002=IFCFACE((#1001));
#1003=IFCPOLYLOOP((#743,#710,#709));
#1004=IFCFACEOUTERBOUND(#1003,.T.);
#1005=IFCFACE((#1004));
#1006=IFCPOLYLOOP((#745,#725,#748));
#1007=IFCFACEOUTERBOUND(#1006,.T.);
#1008=IFCFACE((#1007));
#1009=IFCPOLYLOOP((#732,#742,#740));
#1010=IFCFACEOUTERBOUND(#1009,.T.);
#1011=IFCFACE((#1010));
#1012=IFCPOLYLOOP((#745,#724,#725));
#1013=IFCFACEOUTERBOUND(#1012,.T.);
#1014=IFCFACE((#1013));
#1015=IFCPOLYLOOP((#708,#741,#743));
#1016=IFCFACEOUTERBOUND(#1015,.T.);
#1017=IFCFACE((#1016));
#1018=IFCPOLYLOOP((#727,#748,#726));
#1019=IFCFACEOUTERBOUND(#1018,.T.);
#1020=IFCFACE((#1019));
#1021=IFCPOLYLOOP((#748,#727,#728));
#1022=IFCFACEOUTERBOUND(#1021,.T.);
#1023=IFCFACE((#1022));
#1024=IFCPOLYLOOP((#749,#701,#700));
#1025=IFCFACEOUTERBOUND(#1024,.T.);
#1026=IFCFACE((#1025));
#1027=IFCPOLYLOOP((#751,#753,#737));
#1028=IFCFACEOUTERBOUND(#1027,.T.);
#1029=IFCFACE((#1028));
#1030=IFCPOLYLOOP((#752,#700,#699));
#1031=IFCFACEOUTERBOUND(#1030,.T.);
#1032=IFCFACE((#1031));
#1033=IFCPOLYLOOP((#736,#749,#757));
#1034=IFCFACEOUTERBOUND(#1033,.T.);
#1035=IFCFACE((#1034));
#1036=IFCPOLYLOOP((#752,#698,#737));
#1037=IFCFACEOUTERBOUND(#1036,.T.);
#1038=IFCFACE((#1037));
#1039=IFCPOLYLOOP((#739,#747,#736,#773));
#1040=IFCFACEOUTERBOUND(#1039,.T.);
#1041=IFCFACE((#1040));
#1042=IFCPOLYLOOP((#776,#774,#769));
#1043=IFCFACEOUTERBOUND(#1042,.T.);
#1044=IFCFACE((#1043));
#1045=IFCPOLYLOOP((#775,#722,#737));
#1046=IFCFACEOUTERBOUND(#1045,.T.);
#1047=IFCFACE((#1046));
#1048=IFCPOLYLOOP((#720,#719,#772));
#1049=IFCFACEOUTERBOUND(#1048,.T.);
#1050=IFCFACE((#1049));
#1051=IFCPOLYLOOP((#774,#772,#769));
#1052=IFCFACEOUTERBOUND(#1051,.T.);
#1053=IFCFACE((#1052));
#1054=IFCPOLYLOOP((#775,#770,#767));
#1055=IFCFACEOUTERBOUND(#1054,.T.);
#1056=IFCFACE((#1055));
#1057=IFCPOLYLOOP((#772,#774,#720));
#1058=IFCFACEOUTERBOUND(#1057,.T.);
#1059=IFCFACE((#1058));
#1060=IFCPOLYLOOP((#776,#769,#777));
#1061=IFCFACEOUTERBOUND(#1060,.T.);
#1062=IFCFACE((#1061));
#1063=IFCPOLYLOOP((#720,#774,#721));
#1064=IFCFACEOUTERBOUND(#1063,.T.);
#1065=IFCFACE((#1064));
#1066=IFCPOLYLOOP((#776,#775,#737));
#1067=IFCFACEOUTERBOUND(#1066,.T.);
#1068=IFCFACE((#1067));
#1069=IFCPOLYLOOP((#770,#776,#777));
#1070=IFCFACEOUTERBOUND(#1069,.T.);
#1071=IFCFACE((#1070));
#1072=IFCPOLYLOOP((#768,#722,#775));
#1073=IFCFACEOUTERBOUND(#1072,.T.);
#1074=IFCFACE((#1073));
#1075=IFCPOLYLOOP((#711,#710,#743));
#1076=IFCFACEOUTERBOUND(#1075,.T.);
#1077=IFCFACE((#1076));
#1078=IFCPOLYLOOP((#771,#770,#735));
#1079=IFCFACEOUTERBOUND(#1078,.T.);
#1080=IFCFACE((#1079));
#1081=IFCPOLYLOOP((#771,#735,#755));
#1082=IFCFACEOUTERBOUND(#1081,.T.);
#1083=IFCFACE((#1082));
#1084=IFCPOLYLOOP((#741,#739,#713));
#1085=IFCFACEOUTERBOUND(#1084,.T.);
#1086=IFCFACE((#1085));
#1087=IFCPOLYLOOP((#715,#773,#716));
#1088=IFCFACEOUTERBOUND(#1087,.T.);
#1089=IFCFACE((#1088));
#1090=IFCPOLYLOOP((#756,#735,#770));
#1091=IFCFACEOUTERBOUND(#1090,.T.);
#1092=IFCFACE((#1091));
#1093=IFCPOLYLOOP((#714,#713,#739));
#1094=IFCFACEOUTERBOUND(#1093,.T.);
#1095=IFCFACE((#1094));
#1096=IFCPOLYLOOP((#739,#715,#714));
#1097=IFCFACEOUTERBOUND(#1096,.T.);
#1098=IFCFACE((#1097));
#1099=IFCPOLYLOOP((#736,#757,#772));
#1100=IFCFACEOUTERBOUND(#1099,.T.);
#1101=IFCFACE((#1100));
#1102=IFCPOLYLOOP((#755,#762,#763));
#1103=IFCFACEOUTERBOUND(#1102,.T.);
#1104=IFCFACE((#1103));
#1105=IFCPOLYLOOP((#739,#773,#715));
#1106=IFCFACEOUTERBOUND(#1105,.T.);
#1107=IFCFACE((#1106));
#1108=IFCPOLYLOOP((#770,#775,#776));
#1109=IFCFACEOUTERBOUND(#1108,.T.);
#1110=IFCFACE((#1109));
#1111=IFCPOLYLOOP((#774,#776,#737));
#1112=IFCFACEOUTERBOUND(#1111,.T.);
#1113=IFCFACE((#1112));
#1114=IFCPOLYLOOP((#768,#775,#767));
#1115=IFCFACEOUTERBOUND(#1114,.T.);
#1116=IFCFACE((#1115));
#1117=IFCPOLYLOOP((#766,#767,#770));
#1118=IFCFACEOUTERBOUND(#1117,.T.);
#1119=IFCFACE((#1118));
#1120=IFCPOLYLOOP((#713,#712,#741));
#1121=IFCFACEOUTERBOUND(#1120,.T.);
#1122=IFCFACE((#1121));
#1123=IFCPOLYLOOP((#770,#777,#756));
#1124=IFCFACEOUTERBOUND(#1123,.T.);
#1125=IFCFACE((#1124));
#1126=IFCPOLYLOOP((#774,#698,#721));
#1127=IFCFACEOUTERBOUND(#1126,.T.);
#1128=IFCFACE((#1127));
#1129=IFCPOLYLOOP((#740,#760,#738));
#1130=IFCFACEOUTERBOUND(#1129,.T.);
#1131=IFCFACE((#1130));
#1132=IFCPOLYLOOP((#765,#771,#764));
#1133=IFCFACEOUTERBOUND(#1132,.T.);
#1134=IFCFACE((#1133));
#1135=IFCPOLYLOOP((#759,#740,#742));
#1136=IFCFACEOUTERBOUND(#1135,.T.);
#1137=IFCFACE((#1136));
#1138=IFCPOLYLOOP((#712,#743,#741));
#1139=IFCFACEOUTERBOUND(#1138,.T.);
#1140=IFCFACE((#1139));
#1141=IFCPOLYLOOP((#765,#766,#771));
#1142=IFCFACEOUTERBOUND(#1141,.T.);
#1143=IFCFACE((#1142));
#1144=IFCPOLYLOOP((#742,#734,#758));
#1145=IFCFACEOUTERBOUND(#1144,.T.);
#1146=IFCFACE((#1145));
#1147=IFCPOLYLOOP((#771,#763,#764));
#1148=IFCFACEOUTERBOUND(#1147,.T.);
#1149=IFCFACE((#1148));
#1150=IFCPOLYLOOP((#769,#757,#777));
#1151=IFCFACEOUTERBOUND(#1150,.T.);
#1152=IFCFACE((#1151));
#1153=IFCPOLYLOOP((#777,#757,#744,#756));
#1154=IFCFACEOUTERBOUND(#1153,.T.);
#1155=IFCFACE((#1154));
#1156=IFCPOLYLOOP((#738,#760,#761));
#1157=IFCFACEOUTERBOUND(#1156,.T.);
#1158=IFCFACE((#1157));
#1159=IFCPOLYLOOP((#761,#762,#738));
#1160=IFCFACEOUTERBOUND(#1159,.T.);
#1161=IFCFACE((#1160));
#1162=IFCPOLYLOOP((#717,#773,#718));
#1163=IFCFACEOUTERBOUND(#1162,.T.);
#1164=IFCFACE((#1163));
#1165=IFCPOLYLOOP((#738,#762,#755));
#1166=IFCFACEOUTERBOUND(#1165,.T.);
#1167=IFCFACE((#1166));
#1168=IFCPOLYLOOP((#742,#758,#759));
#1169=IFCFACEOUTERBOUND(#1168,.T.);
#1170=IFCFACE((#1169));
#1171=IFCPOLYLOOP((#757,#769,#772));
#1172=IFCFACEOUTERBOUND(#1171,.T.);
#1173=IFCFACE((#1172));
#1174=IFCPOLYLOOP((#771,#755,#763));
#1175=IFCFACEOUTERBOUND(#1174,.T.);
#1176=IFCFACE((#1175));
#1177=IFCPOLYLOOP((#717,#716,#773));
#1178=IFCFACEOUTERBOUND(#1177,.T.);
#1179=IFCFACE((#1178));
#1180=IFCPOLYLOOP((#770,#771,#766));
#1181=IFCFACEOUTERBOUND(#1180,.T.);
#1182=IFCFACE((#1181));
#1183=IFCPOLYLOOP((#760,#740,#759));
#1184=IFCFACEOUTERBOUND(#1183,.T.);
#1185=IFCFACE((#1184));
#1186=IFCPOLYLOOP((#711,#743,#712));
#1187=IFCFACEOUTERBOUND(#1186,.T.);
#1188=IFCFACE((#1187));
#1189=IFCPOLYLOOP((#772,#773,#736));
#1190=IFCFACEOUTERBOUND(#1189,.T.);
#1191=IFCFACE((#1190));
#1192=IFCPOLYLOOP((#772,#719,#718));
#1193=IFCFACEOUTERBOUND(#1192,.T.);
#1194=IFCFACE((#1193));
#1195=IFCPOLYLOOP((#774,#737,#698));
#1196=IFCFACEOUTERBOUND(#1195,.T.);
#1197=IFCFACE((#1196));
#1198=IFCPOLYLOOP((#773,#772,#718));
#1199=IFCFACEOUTERBOUND(#1198,.T.);
#1200=IFCFACE((#1199));
#1201=IFCPOLYLOOP((#783,#784,#785,#786,#787,#788,#789,#790,#791,#792,#793,#794,#795,#796,#797,#798,#799,#800,#801,#778,#779,#780,#781,#782));
#1202=IFCFACEOUTERBOUND(#1201,.T.);
#1203=IFCFACE((#1202));
#1204=IFCPOLYLOOP((#778,#734,#733,#779));
#1205=IFCFACEOUTERBOUND(#1204,.T.);
#1206=IFCFACE((#1205));
#1207=IFCPOLYLOOP((#779,#733,#732,#780));
#1208=IFCFACEOUTERBOUND(#1207,.T.);
#1209=IFCFACE((#1208));
#1210=IFCPOLYLOOP((#781,#731,#730,#782));
#1211=IFCFACEOUTERBOUND(#1210,.T.);
#1212=IFCFACE((#1211));
#1213=IFCPOLYLOOP((#780,#732,#731,#781));
#1214=IFCFACEOUTERBOUND(#1213,.T.);
#1215=IFCFACE((#1214));
#1216=IFCPOLYLOOP((#782,#730,#729,#783));
#1217=IFCFACEOUTERBOUND(#1216,.T.);
#1218=IFCFACE((#1217));
#1219=IFCPOLYLOOP((#728,#784,#783,#729));
#1220=IFCFACEOUTERBOUND(#1219,.T.);
#1221=IFCFACE((#1220));
#1222=IFCPOLYLOOP((#726,#725,#787,#786));
#1223=IFCFACEOUTERBOUND(#1222,.T.);
#1224=IFCFACE((#1223));
#1225=IFCPOLYLOOP((#727,#726,#786,#785));
#1226=IFCFACEOUTERBOUND(#1225,.T.);
#1227=IFCFACE((#1226));
#1228=IFCPOLYLOOP((#723,#722,#790,#789));
#1229=IFCFACEOUTERBOUND(#1228,.T.);
#1230=IFCFACE((#1229));
#1231=IFCPOLYLOOP((#724,#723,#789,#788));
#1232=IFCFACEOUTERBOUND(#1231,.T.);
#1233=IFCFACE((#1232));
#1234=IFCPOLYLOOP((#725,#724,#788,#787));
#1235=IFCFACEOUTERBOUND(#1234,.T.);
#1236=IFCFACE((#1235));
#1237=IFCPOLYLOOP((#785,#784,#728,#727));
#1238=IFCFACEOUTERBOUND(#1237,.T.);
#1239=IFCFACE((#1238));
#1240=IFCPOLYLOOP((#791,#790,#722,#768));
#1241=IFCFACEOUTERBOUND(#1240,.T.);
#1242=IFCFACE((#1241));
#1243=IFCPOLYLOOP((#791,#768,#767,#792));
#1244=IFCFACEOUTERBOUND(#1243,.T.);
#1245=IFCFACE((#1244));
#1246=IFCPOLYLOOP((#765,#764,#795,#794));
#1247=IFCFACEOUTERBOUND(#1246,.T.);
#1248=IFCFACE((#1247));
#1249=IFCPOLYLOOP((#766,#765,#794,#793));
#1250=IFCFACEOUTERBOUND(#1249,.T.);
#1251=IFCFACE((#1250));
#1252=IFCPOLYLOOP((#793,#792,#767,#766));
#1253=IFCFACEOUTERBOUND(#1252,.T.);
#1254=IFCFACE((#1253));
#1255=IFCPOLYLOOP((#763,#796,#795,#764));
#1256=IFCFACEOUTERBOUND(#1255,.T.);
#1257=IFCFACE((#1256));
#1258=IFCPOLYLOOP((#760,#799,#798,#761));
#1259=IFCFACEOUTERBOUND(#1258,.T.);
#1260=IFCFACE((#1259));
#1261=IFCPOLYLOOP((#761,#798,#797,#762));
#1262=IFCFACEOUTERBOUND(#1261,.T.);
#1263=IFCFACE((#1262));
#1264=IFCPOLYLOOP((#734,#778,#801,#758));
#1265=IFCFACEOUTERBOUND(#1264,.T.);
#1266=IFCFACE((#1265));
#1267=IFCPOLYLOOP((#759,#758,#801,#800));
#1268=IFCFACEOUTERBOUND(#1267,.T.);
#1269=IFCFACE((#1268));
#1270=IFCPOLYLOOP((#760,#759,#800,#799));
#1271=IFCFACEOUTERBOUND(#1270,.T.);
#1272=IFCFACE((#1271));
#1273=IFCPOLYLOOP((#763,#762,#797,#796));
#1274=IFCFACEOUTERBOUND(#1273,.T.);
#1275=IFCFACE((#1274));
#1276=IFCCARTESIANPOINT((93.309374999985891,339.15000000000032,1016.));
#1277=IFCCARTESIANPOINT((94.331600211313813,339.15000000000032,1008.2354286469272));
#1278=IFCCARTESIANPOINT((97.32861288645276,339.15000000000032,1001.));
#1279=IFCCARTESIANPOINT((102.09617156438949,339.15000000000032,994.78679656440647));
#1280=IFCCARTESIANPOINT((108.30937499998593,339.15000000000032,990.0192378864698));
#1281=IFCCARTESIANPOINT((115.5448036469103,339.15000000000032,987.02222521133081));
#1282=IFCCARTESIANPOINT((123.30937499998591,339.15000000000032,986.));
#1283=IFCCARTESIANPOINT((131.07394635306153,339.15000000000032,987.02222521133081));
#1284=IFCCARTESIANPOINT((138.30937499998589,339.15000000000032,990.0192378864698));
#1285=IFCCARTESIANPOINT((144.52257843558232,339.15000000000032,994.78679656440659));
#1286=IFCCARTESIANPOINT((149.29013711351905,339.15000000000032,1001.));
#1287=IFCCARTESIANPOINT((152.28714978865793,339.15000000000032,1008.2354286469273));
#1288=IFCCARTESIANPOINT((153.30937499998586,339.15000000000032,1016.));
#1289=IFCCARTESIANPOINT((152.28714978865787,339.15000000000032,1023.7645713530786));
#1290=IFCCARTESIANPOINT((149.29013711351891,339.15000000000032,1031.));
#1291=IFCCARTESIANPOINT((144.52257843558218,339.15000000000032,1037.2132034355993));
#1292=IFCCARTESIANPOINT((138.30937499998575,339.15000000000032,1041.9807621135362));
#1293=IFCCARTESIANPOINT((131.07394635306139,339.15000000000032,1044.9777747886751));
#1294=IFCCARTESIANPOINT((123.30937499998578,339.15000000000032,1046.));
#1295=IFCCARTESIANPOINT((115.54480364691015,339.15000000000032,1044.9777747886749));
#1296=IFCCARTESIANPOINT((108.30937499998581,339.15000000000032,1041.980762113536));
#1297=IFCCARTESIANPOINT((102.09617156438937,339.15000000000032,1037.2132034355993));
#1298=IFCCARTESIANPOINT((97.328612886452632,339.15000000000032,1031.));
#1299=IFCCARTESIANPOINT((94.331600211313813,339.15000000000032,1023.7645713530784));
#1300=IFCCARTESIANPOINT((93.309374999985891,347.15000000000026,1016.));
#1301=IFCCARTESIANPOINT((94.331600211313813,347.15000000000026,1023.7645713530784));
#1302=IFCCARTESIANPOINT((97.328612886452632,347.15000000000026,1031.));
#1303=IFCCARTESIANPOINT((102.09617156438937,347.15000000000026,1037.2132034355993));
#1304=IFCCARTESIANPOINT((108.30937499998581,347.15000000000026,1041.980762113536));
#1305=IFCCARTESIANPOINT((115.54480364691015,347.15000000000026,1044.9777747886749));
#1306=IFCCARTESIANPOINT((123.30937499998578,347.15000000000026,1046.));
#1307=IFCCARTESIANPOINT((131.07394635306139,347.15000000000026,1044.9777747886751));
#1308=IFCCARTESIANPOINT((138.30937499998575,347.15000000000026,1041.9807621135362));
#1309=IFCCARTESIANPOINT((144.52257843558218,347.15000000000026,1037.2132034355993));
#1310=IFCCARTESIANPOINT((149.29013711351891,347.15000000000026,1031.));
#1311=IFCCARTESIANPOINT((152.28714978865787,347.15000000000026,1023.7645713530786));
#1312=IFCCARTESIANPOINT((153.30937499998586,347.15000000000026,1016.));
#1313=IFCCARTESIANPOINT((152.28714978865793,347.15000000000026,1008.2354286469273));
#1314=IFCCARTESIANPOINT((149.29013711351905,347.15000000000026,1001.));
#1315=IFCCARTESIANPOINT((144.52257843558232,347.15000000000026,994.78679656440659));
#1316=IFCCARTESIANPOINT((138.30937499998589,347.15000000000026,990.0192378864698));
#1317=IFCCARTESIANPOINT((131.07394635306153,347.15000000000026,987.02222521133081));
#1318=IFCCARTESIANPOINT((123.30937499998591,347.15000000000026,986.));
#1319=IFCCARTESIANPOINT((115.5448036469103,347.15000000000026,987.02222521133081));
#1320=IFCCARTESIANPOINT((108.30937499998593,347.15000000000026,990.0192378864698));
#1321=IFCCARTESIANPOINT((102.09617156438949,347.15000000000026,994.78679656440647));
#1322=IFCCARTESIANPOINT((97.32861288645276,347.15000000000026,1001.));
#1323=IFCCARTESIANPOINT((94.331600211313813,347.15000000000026,1008.2354286469272));
#1324=IFCPOLYLOOP((#1291,#1292,#1293,#1294,#1295,#1296,#1297,#1298,#1299,#1276,#1277,#1278,#1279,#1280,#1281,#1282,#1283,#1284,#1285,#1286,#1287,#1288,#1289,#1290));
#1325=IFCFACEOUTERBOUND(#1324,.T.);
#1326=IFCFACE((#1325));
#1327=IFCPOLYLOOP((#1318,#1319,#1320,#1321,#1322,#1323,#1300,#1301,#1302,#1303,#1304,#1305,#1306,#1307,#1308,#1309,#1310,#1311,#1312,#1313,#1314,#1315,#1316,#1317));
#1328=IFCFACEOUTERBOUND(#1327,.T.);
#1329=IFCFACE((#1328));
#1330=IFCPOLYLOOP((#1300,#1276,#1299,#1301));
#1331=IFCFACEOUTERBOUND(#1330,.T.);
#1332=IFCFACE((#1331));
#1333=IFCPOLYLOOP((#1301,#1299,#1298,#1302));
#1334=IFCFACEOUTERBOUND(#1333,.T.);
#1335=IFCFACE((#1334));
#1336=IFCPOLYLOOP((#1304,#1303,#1297,#1296));
#1337=IFCFACEOUTERBOUND(#1336,.T.);
#1338=IFCFACE((#1337));
#1339=IFCPOLYLOOP((#1297,#1303,#1302,#1298));
#1340=IFCFACEOUTERBOUND(#1339,.T.);
#1341=IFCFACE((#1340));
#1342=IFCPOLYLOOP((#1305,#1304,#1296,#1295));
#1343=IFCFACEOUTERBOUND(#1342,.T.);
#1344=IFCFACE((#1343));
#1345=IFCPOLYLOOP((#1305,#1295,#1294,#1306));
#1346=IFCFACEOUTERBOUND(#1345,.T.);
#1347=IFCFACE((#1346));
#1348=IFCPOLYLOOP((#1306,#1294,#1293,#1307));
#1349=IFCFACEOUTERBOUND(#1348,.T.);
#1350=IFCFACE((#1349));
#1351=IFCPOLYLOOP((#1307,#1293,#1292,#1308));
#1352=IFCFACEOUTERBOUND(#1351,.T.);
#1353=IFCFACE((#1352));
#1354=IFCPOLYLOOP((#1310,#1309,#1291,#1290));
#1355=IFCFACEOUTERBOUND(#1354,.T.);
#1356=IFCFACE((#1355));
#1357=IFCPOLYLOOP((#1291,#1309,#1308,#1292));
#1358=IFCFACEOUTERBOUND(#1357,.T.);
#1359=IFCFACE((#1358));
#1360=IFCPOLYLOOP((#1311,#1310,#1290,#1289));
#1361=IFCFACEOUTERBOUND(#1360,.T.);
#1362=IFCFACE((#1361));
#1363=IFCPOLYLOOP((#1311,#1289,#1288,#1312));
#1364=IFCFACEOUTERBOUND(#1363,.T.);
#1365=IFCFACE((#1364));
#1366=IFCPOLYLOOP((#1312,#1288,#1287,#1313));
#1367=IFCFACEOUTERBOUND(#1366,.T.);
#1368=IFCFACE((#1367));
#1369=IFCPOLYLOOP((#1313,#1287,#1286,#1314));
#1370=IFCFACEOUTERBOUND(#1369,.T.);
#1371=IFCFACE((#1370));
#1372=IFCPOLYLOOP((#1316,#1315,#1285,#1284));
#1373=IFCFACEOUTERBOUND(#1372,.T.);
#1374=IFCFACE((#1373));
#1375=IFCPOLYLOOP((#1285,#1315,#1314,#1286));
#1376=IFCFACEOUTERBOUND(#1375,.T.);
#1377=IFCFACE((#1376));
#1378=IFCPOLYLOOP((#1317,#1316,#1284,#1283));
#1379=IFCFACEOUTERBOUND(#1378,.T.);
#1380=IFCFACE((#1379));
#1381=IFCPOLYLOOP((#1317,#1283,#1282,#1318));
#1382=IFCFACEOUTERBOUND(#1381,.T.);
#1383=IFCFACE((#1382));
#1384=IFCPOLYLOOP((#1318,#1282,#1281,#1319));
#1385=IFCFACEOUTERBOUND(#1384,.T.);
#1386=IFCFACE((#1385));
#1387=IFCPOLYLOOP((#1319,#1281,#1280,#1320));
#1388=IFCFACEOUTERBOUND(#1387,.T.);
#1389=IFCFACE((#1388));
#1390=IFCPOLYLOOP((#1322,#1321,#1279,#1278));
#1391=IFCFACEOUTERBOUND(#1390,.T.);
#1392=IFCFACE((#1391));
#1393=IFCPOLYLOOP((#1279,#1321,#1320,#1280));
#1394=IFCFACEOUTERBOUND(#1393,.T.);
#1395=IFCFACE((#1394));
#1396=IFCPOLYLOOP((#1323,#1322,#1278,#1277));
#1397=IFCFACEOUTERBOUND(#1396,.T.);
#1398=IFCFACE((#1397));
#1399=IFCPOLYLOOP((#1323,#1277,#1276,#1300));
#1400=IFCFACEOUTERBOUND(#1399,.T.);
#1401=IFCFACE((#1400));
#1402=IFCCARTESIANPOINT((115.80937499998558,399.59999999999928,1016.));
#1403=IFCCARTESIANPOINT((116.15011673709492,399.59999999999928,1013.4118095489773));
#1404=IFCCARTESIANPOINT((117.14912096214117,399.59999999999928,1011.));
#1405=IFCCARTESIANPOINT((118.73830718812007,399.59999999999928,1008.9289321881371));
#1406=IFCCARTESIANPOINT((120.80937499998554,399.59999999999928,1007.3397459621582));
#1407=IFCCARTESIANPOINT((123.22118454896031,399.59999999999928,1006.3407417371118));
#1408=IFCCARTESIANPOINT((125.80937499998561,399.59999999999928,1006.));
#1409=IFCCARTESIANPOINT((128.39756545101076,399.59999999999928,1006.3407417371117));
#1410=IFCCARTESIANPOINT((130.80937499998564,399.59999999999928,1007.339745962158));
#1411=IFCCARTESIANPOINT((132.88044281185114,399.59999999999928,1008.9289321881369));
#1412=IFCCARTESIANPOINT((134.46962903783012,399.59999999999928,1011.));
#1413=IFCCARTESIANPOINT((135.46863326287644,399.59999999999928,1013.4118095489771));
#1414=IFCCARTESIANPOINT((135.80937499998578,399.59999999999928,1016.));
#1415=IFCCARTESIANPOINT((135.46863326287652,399.59999999999928,1018.5881904510277));
#1416=IFCCARTESIANPOINT((134.46962903783026,399.59999999999928,1021.));
#1417=IFCCARTESIANPOINT((132.88044281185128,399.59999999999928,1023.071067811868));
#1418=IFCCARTESIANPOINT((130.80937499998583,399.59999999999928,1024.6602540378469));
#1419=IFCCARTESIANPOINT((128.39756545101105,399.59999999999928,1025.6592582628932));
#1420=IFCCARTESIANPOINT((125.80937499998582,399.59999999999928,1026.));
#1421=IFCCARTESIANPOINT((123.22118454896059,399.59999999999928,1025.6592582628934));
#1422=IFCCARTESIANPOINT((120.80937499998581,399.59999999999928,1024.6602540378469));
#1423=IFCCARTESIANPOINT((118.7383071881202,399.59999999999928,1023.0710678118681));
#1424=IFCCARTESIANPOINT((117.1491209621413,399.59999999999928,1021.));
#1425=IFCCARTESIANPOINT((116.15011673709492,399.59999999999928,1018.5881904510278));
#1426=IFCCARTESIANPOINT((115.80937499998565,429.599999999999,1016.));
#1427=IFCCARTESIANPOINT((116.15011673709492,429.599999999999,1013.4118095489773));
#1428=IFCCARTESIANPOINT((117.14912096214117,429.599999999999,1011.));
#1429=IFCCARTESIANPOINT((118.73830718812007,429.599999999999,1008.9289321881371));
#1430=IFCCARTESIANPOINT((120.80937499998554,429.599999999999,1007.3397459621582));
#1431=IFCCARTESIANPOINT((123.22118454896038,429.599999999999,1006.3407417371118));
#1432=IFCCARTESIANPOINT((125.80937499998561,429.599999999999,1006.));
#1433=IFCCARTESIANPOINT((128.39756545101085,429.599999999999,1006.3407417371117));
#1434=IFCCARTESIANPOINT((130.80937499998564,429.599999999999,1007.339745962158));
#1435=IFCCARTESIANPOINT((132.88044281185114,429.599999999999,1008.9289321881369));
#1436=IFCCARTESIANPOINT((134.46962903783012,429.599999999999,1011.));
#1437=IFCCARTESIANPOINT((135.46863326287652,429.599999999999,1013.4118095489771));
#1438=IFCCARTESIANPOINT((135.80937499998583,429.599999999999,1016.));
#1439=IFCCARTESIANPOINT((135.46863326287658,429.599999999999,1018.5881904510277));
#1440=IFCCARTESIANPOINT((134.46962903783026,429.599999999999,1021.));
#1441=IFCCARTESIANPOINT((132.88044281185137,429.599999999999,1023.071067811868));
#1442=IFCCARTESIANPOINT((130.80937499998583,429.599999999999,1024.6602540378469));
#1443=IFCCARTESIANPOINT((128.39756545101105,429.599999999999,1025.6592582628932));
#1444=IFCCARTESIANPOINT((125.80937499998582,429.599999999999,1026.));
#1445=IFCCARTESIANPOINT((123.22118454896059,429.599999999999,1025.6592582628934));
#1446=IFCCARTESIANPOINT((120.80937499998574,429.599999999999,1024.6602540378469));
#1447=IFCCARTESIANPOINT((118.73830718812027,429.599999999999,1023.0710678118681));
#1448=IFCCARTESIANPOINT((117.1491209621413,429.599999999999,1021.));
#1449=IFCCARTESIANPOINT((116.15011673709498,429.599999999999,1018.5881904510278));
#1450=IFCCARTESIANPOINT((140.80937499999277,434.60000000000599,1016.));
#1451=IFCCARTESIANPOINT((137.27384109405511,433.1355339059366,1016.));
#1452=IFCCARTESIANPOINT((119.15873990537558,442.10000000000252,1016.));
#1453=IFCCARTESIANPOINT((128.30937499998916,451.25063509461609,1016.));
#1454=IFCCARTESIANPOINT((140.80937499999277,454.60000000000616,1016.));
#1455=IFCCARTESIANPOINT((140.80937499999277,454.25925826289682,1013.4118095489773));
#1456=IFCCARTESIANPOINT((140.80937499999277,453.26025403785059,1011.));
#1457=IFCCARTESIANPOINT((140.80937499999277,451.67106781187169,1008.928932188137));
#1458=IFCCARTESIANPOINT((140.80937499999277,449.60000000000622,1007.339745962158));
#1459=IFCCARTESIANPOINT((140.80937499999277,447.1881904510314,1006.3407417371117));
#1460=IFCCARTESIANPOINT((140.80937499999277,444.6000000000061,1006.));
#1461=IFCCARTESIANPOINT((140.80937499999277,442.01180954898092,1006.3407417371116));
#1462=IFCCARTESIANPOINT((140.80937499999277,439.60000000000605,1007.3397459621578));
#1463=IFCCARTESIANPOINT((140.80937499999277,437.52893218814057,1008.9289321881367));
#1464=IFCCARTESIANPOINT((140.80937499999277,435.93974596216162,1011.));
#1465=IFCCARTESIANPOINT((140.80937499999277,434.94074173711527,1013.411809548977));
#1466=IFCCARTESIANPOINT((117.51519254347001,435.96619774072514,1016.));
#1467=IFCCARTESIANPOINT((134.44317721864724,452.8941824456378,1016.));
#1468=IFCCARTESIANPOINT((116.66228377172783,432.78309887036204,1016.));
#1469=IFCCARTESIANPOINT((137.62627610932,453.74709122282195,1016.));
#1470=IFCCARTESIANPOINT((116.23582938585673,431.19154943518049,1016.));
#1471=IFCCARTESIANPOINT((139.21782555465634,454.17354561141411,1016.));
#1472=IFCCARTESIANPOINT((123.73405745268238,446.67531754730936,1016.));
#1473=IFCCARTESIANPOINT((131.27170310485141,443.35291504669834,1006.1519226553052));
#1474=IFCCARTESIANPOINT((127.05646058812017,439.1376711698112,1006.1519224904388));
#1475=IFCCARTESIANPOINT((118.3369662244228,439.03309887036386,1016.));
#1476=IFCCARTESIANPOINT((133.79875719075929,448.27037631829563,1007.307206842552));
#1477=IFCCARTESIANPOINT((124.77428828630627,436.18387558711265,1006.2762186771978));
#1478=IFCCARTESIANPOINT((120.78103725958952,435.56013552063274,1007.9233031030747));
#1479=IFCCARTESIANPOINT((136.79091746211805,436.97636936548247,1008.4874054040977));
#1480=IFCCARTESIANPOINT((133.43300534192849,433.61845761512188,1008.4874051459109));
#1481=IFCCARTESIANPOINT((132.3080920671197,438.10128259461567,1006.4535208478035));
#1482=IFCCARTESIANPOINT((125.8888653613147,444.27176186953568,1007.9447626545727));
#1483=IFCCARTESIANPOINT((131.37627610931824,452.07240877012703,1016.));
#1484=IFCCARTESIANPOINT((126.02171622633574,448.96297632096275,1016.));
#1485=IFCCARTESIANPOINT((121.44639867902902,444.38765877365591,1016.));
#1486=IFCCARTESIANPOINT((140.80937499999277,434.94074173711527,1018.5881904510276));
#1487=IFCCARTESIANPOINT((140.80937499999277,435.93974596216157,1021.));
#1488=IFCCARTESIANPOINT((140.80937499999283,437.52893218814046,1023.0710678118679));
#1489=IFCCARTESIANPOINT((140.80937499999283,439.60000000000593,1024.6602540378467));
#1490=IFCCARTESIANPOINT((140.80937499999283,442.01180954898069,1025.6592582628932));
#1491=IFCCARTESIANPOINT((140.80937499999283,444.60000000000599,1026.));
#1492=IFCCARTESIANPOINT((140.80937499999283,447.18819045103118,1025.6592582628932));
#1493=IFCCARTESIANPOINT((140.80937499999283,449.60000000000605,1024.6602540378469));
#1494=IFCCARTESIANPOINT((140.80937499999277,451.67106781187152,1023.0710678118679));
#1495=IFCCARTESIANPOINT((140.80937499999277,453.26025403785053,1021.));
#1496=IFCCARTESIANPOINT((140.80937499999277,454.25925826289682,1018.5881904510277));
#1497=IFCCARTESIANPOINT((127.05646058800804,439.13767116993068,1025.8480775095377));
#1498=IFCCARTESIANPOINT((131.27170310439203,443.35291504680839,1025.8480773446374));
#1499=IFCCARTESIANPOINT((133.7987571906753,448.27037631833139,1024.6927931574171));
#1500=IFCCARTESIANPOINT((124.77428828628584,436.18387558714176,1025.7237813228001));
#1501=IFCCARTESIANPOINT((120.7810372595833,435.56013552065343,1024.0766968969215));
#1502=IFCCARTESIANPOINT((133.4330053418598,433.61845761516321,1023.5125948541643));
#1503=IFCCARTESIANPOINT((136.79091746212774,436.97636936547667,1023.5125945958986));
#1504=IFCCARTESIANPOINT((132.30809206672853,438.10128259495616,1025.5464791523625));
#1505=IFCCARTESIANPOINT((126.1376127370706,444.52050930575081,1024.0552373171599));
#1506=IFCCARTESIANPOINT((245.80937500000041,454.60000000000605,1016.));
#1507=IFCCARTESIANPOINT((245.80937500000041,454.25925826289671,1018.5881904510275));
#1508=IFCCARTESIANPOINT((245.80937500000041,453.26025403785042,1021.));
#1509=IFCCARTESIANPOINT((245.80937500000047,451.67106781187152,1023.0710678118677));
#1510=IFCCARTESIANPOINT((245.80937500000047,449.60000000000599,1024.6602540378467));
#1511=IFCCARTESIANPOINT((245.80937500000047,447.18819045103118,1025.659258262893));
#1512=IFCCARTESIANPOINT((245.80937500000047,444.60000000000593,1026.));
#1513=IFCCARTESIANPOINT((245.80937500000047,442.01180954898069,1025.659258262893));
#1514=IFCCARTESIANPOINT((245.80937500000047,439.60000000000593,1024.6602540378467));
#1515=IFCCARTESIANPOINT((245.80937500000047,437.5289321881404,1023.0710678118677));
#1516=IFCCARTESIANPOINT((245.80937500000041,435.93974596216145,1021.));
#1517=IFCCARTESIANPOINT((245.80937500000041,434.94074173711516,1018.5881904510275));
#1518=IFCCARTESIANPOINT((245.80937500000041,434.60000000000582,1016.));
#1519=IFCCARTESIANPOINT((245.80937500000041,434.94074173711522,1013.4118095489769));
#1520=IFCCARTESIANPOINT((245.80937500000041,435.93974596216157,1011.));
#1521=IFCCARTESIANPOINT((245.80937500000039,437.52893218814046,1008.9289321881364));
#1522=IFCCARTESIANPOINT((245.80937500000039,439.60000000000605,1007.3397459621576));
#1523=IFCCARTESIANPOINT((245.80937500000039,442.01180954898081,1006.3407417371113));
#1524=IFCCARTESIANPOINT((245.80937500000039,444.60000000000605,1006.));
#1525=IFCCARTESIANPOINT((245.80937500000039,447.18819045103129,1006.3407417371114));
#1526=IFCCARTESIANPOINT((245.80937500000039,449.60000000000605,1007.3397459621577));
#1527=IFCCARTESIANPOINT((245.80937500000039,451.67106781187152,1008.9289321881366));
#1528=IFCCARTESIANPOINT((245.80937500000041,453.26025403785053,1011.));
#1529=IFCCARTESIANPOINT((245.80937500000041,454.25925826289676,1013.411809548977));
#1530=IFCPOLYLOOP((#1407,#1408,#1409,#1410,#1411,#1412,#1413,#1414,#1415,#1416,#1417,#1418,#1419,#1420,#1421,#1422,#1423,#1424,#1425,#1402,#1403,#1404,#1405,#1406));
#1531=IFCFACEOUTERBOUND(#1530,.T.);
#1532=IFCFACE((#1531));
#1533=IFCPOLYLOOP((#1427,#1403,#1402,#1426));
#1534=IFCFACEOUTERBOUND(#1533,.T.);
#1535=IFCFACE((#1534));
#1536=IFCPOLYLOOP((#1428,#1404,#1403,#1427));
#1537=IFCFACEOUTERBOUND(#1536,.T.);
#1538=IFCFACE((#1537));
#1539=IFCPOLYLOOP((#1405,#1429,#1430,#1406));
#1540=IFCFACEOUTERBOUND(#1539,.T.);
#1541=IFCFACE((#1540));
#1542=IFCPOLYLOOP((#1428,#1429,#1405,#1404));
#1543=IFCFACEOUTERBOUND(#1542,.T.);
#1544=IFCFACE((#1543));
#1545=IFCPOLYLOOP((#1406,#1430,#1431,#1407));
#1546=IFCFACEOUTERBOUND(#1545,.T.);
#1547=IFCFACE((#1546));
#1548=IFCPOLYLOOP((#1407,#1431,#1432,#1408));
#1549=IFCFACEOUTERBOUND(#1548,.T.);
#1550=IFCFACE((#1549));
#1551=IFCPOLYLOOP((#1434,#1410,#1409,#1433));
#1552=IFCFACEOUTERBOUND(#1551,.T.);
#1553=IFCFACE((#1552));
#1554=IFCPOLYLOOP((#1435,#1411,#1410,#1434));
#1555=IFCFACEOUTERBOUND(#1554,.T.);
#1556=IFCFACE((#1555));
#1557=IFCPOLYLOOP((#1412,#1436,#1437,#1413));
#1558=IFCFACEOUTERBOUND(#1557,.T.);
#1559=IFCFACE((#1558));
#1560=IFCPOLYLOOP((#1435,#1436,#1412,#1411));
#1561=IFCFACEOUTERBOUND(#1560,.T.);
#1562=IFCFACE((#1561));
#1563=IFCPOLYLOOP((#1413,#1437,#1438,#1414));
#1564=IFCFACEOUTERBOUND(#1563,.T.);
#1565=IFCFACE((#1564));
#1566=IFCPOLYLOOP((#1409,#1408,#1432,#1433));
#1567=IFCFACEOUTERBOUND(#1566,.T.);
#1568=IFCFACE((#1567));
#1569=IFCPOLYLOOP((#1439,#1415,#1414,#1438));
#1570=IFCFACEOUTERBOUND(#1569,.T.);
#1571=IFCFACE((#1570));
#1572=IFCPOLYLOOP((#1440,#1416,#1415,#1439));
#1573=IFCFACEOUTERBOUND(#1572,.T.);
#1574=IFCFACE((#1573));
#1575=IFCPOLYLOOP((#1417,#1441,#1442,#1418));
#1576=IFCFACEOUTERBOUND(#1575,.T.);
#1577=IFCFACE((#1576));
#1578=IFCPOLYLOOP((#1440,#1441,#1417,#1416));
#1579=IFCFACEOUTERBOUND(#1578,.T.);
#1580=IFCFACE((#1579));
#1581=IFCPOLYLOOP((#1418,#1442,#1443,#1419));
#1582=IFCFACEOUTERBOUND(#1581,.T.);
#1583=IFCFACE((#1582));
#1584=IFCPOLYLOOP((#1419,#1443,#1444,#1420));
#1585=IFCFACEOUTERBOUND(#1584,.T.);
#1586=IFCFACE((#1585));
#1587=IFCPOLYLOOP((#1446,#1422,#1421,#1445));
#1588=IFCFACEOUTERBOUND(#1587,.T.);
#1589=IFCFACE((#1588));
#1590=IFCPOLYLOOP((#1447,#1423,#1422,#1446));
#1591=IFCFACEOUTERBOUND(#1590,.T.);
#1592=IFCFACE((#1591));
#1593=IFCPOLYLOOP((#1424,#1448,#1449,#1425));
#1594=IFCFACEOUTERBOUND(#1593,.T.);
#1595=IFCFACE((#1594));
#1596=IFCPOLYLOOP((#1447,#1448,#1424,#1423));
#1597=IFCFACEOUTERBOUND(#1596,.T.);
#1598=IFCFACE((#1597));
#1599=IFCPOLYLOOP((#1425,#1449,#1426,#1402));
#1600=IFCFACEOUTERBOUND(#1599,.T.);
#1601=IFCFACE((#1600));
#1602=IFCPOLYLOOP((#1421,#1420,#1444,#1445));
#1603=IFCFACEOUTERBOUND(#1602,.T.);
#1604=IFCFACE((#1603));
#1605=IFCPOLYLOOP((#1427,#1470,#1428));
#1606=IFCFACEOUTERBOUND(#1605,.T.);
#1607=IFCFACE((#1606));
#1608=IFCPOLYLOOP((#1478,#1431,#1466));
#1609=IFCFACEOUTERBOUND(#1608,.T.);
#1610=IFCFACE((#1609));
#1611=IFCPOLYLOOP((#1477,#1474,#1480));
#1612=IFCFACEOUTERBOUND(#1611,.T.);
#1613=IFCFACE((#1612));
#1614=IFCPOLYLOOP((#1466,#1475,#1452,#1478));
#1615=IFCFACEOUTERBOUND(#1614,.T.);
#1616=IFCFACE((#1615));
#1617=IFCPOLYLOOP((#1466,#1430,#1429));
#1618=IFCFACEOUTERBOUND(#1617,.T.);
#1619=IFCFACE((#1618));
#1620=IFCPOLYLOOP((#1428,#1468,#1429));
#1621=IFCFACEOUTERBOUND(#1620,.T.);
#1622=IFCFACE((#1621));
#1623=IFCPOLYLOOP((#1430,#1466,#1431));
#1624=IFCFACEOUTERBOUND(#1623,.T.);
#1625=IFCFACE((#1624));
#1626=IFCPOLYLOOP((#1452,#1477,#1478));
#1627=IFCFACEOUTERBOUND(#1626,.T.);
#1628=IFCFACE((#1627));
#1629=IFCPOLYLOOP((#1478,#1434,#1433));
#1630=IFCFACEOUTERBOUND(#1629,.T.);
#1631=IFCFACE((#1630));
#1632=IFCPOLYLOOP((#1482,#1473,#1481));
#1633=IFCFACEOUTERBOUND(#1632,.T.);
#1634=IFCFACE((#1633));
#1635=IFCPOLYLOOP((#1453,#1476,#1473));
#1636=IFCFACEOUTERBOUND(#1635,.T.);
#1637=IFCFACE((#1636));
#1638=IFCPOLYLOOP((#1478,#1432,#1431));
#1639=IFCFACEOUTERBOUND(#1638,.T.);
#1640=IFCFACE((#1639));
#1641=IFCPOLYLOOP((#1478,#1433,#1432));
#1642=IFCFACEOUTERBOUND(#1641,.T.);
#1643=IFCFACE((#1642));
#1644=IFCPOLYLOOP((#1450,#1451,#1479));
#1645=IFCFACEOUTERBOUND(#1644,.T.);
#1646=IFCFACE((#1645));
#1647=IFCPOLYLOOP((#1434,#1478,#1477));
#1648=IFCFACEOUTERBOUND(#1647,.T.);
#1649=IFCFACE((#1648));
#1650=IFCPOLYLOOP((#1465,#1479,#1464));
#1651=IFCFACEOUTERBOUND(#1650,.T.);
#1652=IFCFACE((#1651));
#1653=IFCPOLYLOOP((#1483,#1467,#1459));
#1654=IFCFACEOUTERBOUND(#1653,.T.);
#1655=IFCFACE((#1654));
#1656=IFCPOLYLOOP((#1427,#1426,#1470));
#1657=IFCFACEOUTERBOUND(#1656,.T.);
#1658=IFCFACE((#1657));
#1659=IFCPOLYLOOP((#1477,#1480,#1436));
#1660=IFCFACEOUTERBOUND(#1659,.T.);
#1661=IFCFACE((#1660));
#1662=IFCPOLYLOOP((#1477,#1435,#1434));
#1663=IFCFACEOUTERBOUND(#1662,.T.);
#1664=IFCFACE((#1663));
#1665=IFCPOLYLOOP((#1474,#1482,#1481));
#1666=IFCFACEOUTERBOUND(#1665,.T.);
#1667=IFCFACE((#1666));
#1668=IFCPOLYLOOP((#1463,#1476,#1462));
#1669=IFCFACEOUTERBOUND(#1668,.T.);
#1670=IFCFACE((#1669));
#1671=IFCPOLYLOOP((#1451,#1480,#1481));
#1672=IFCFACEOUTERBOUND(#1671,.T.);
#1673=IFCFACE((#1672));
#1674=IFCPOLYLOOP((#1474,#1485,#1482));
#1675=IFCFACEOUTERBOUND(#1674,.T.);
#1676=IFCFACE((#1675));
#1677=IFCPOLYLOOP((#1482,#1484,#1473));
#1678=IFCFACEOUTERBOUND(#1677,.T.);
#1679=IFCFACE((#1678));
#1680=IFCPOLYLOOP((#1467,#1458,#1459));
#1681=IFCFACEOUTERBOUND(#1680,.T.);
#1682=IFCFACE((#1681));
#1683=IFCPOLYLOOP((#1480,#1474,#1481));
#1684=IFCFACEOUTERBOUND(#1683,.T.);
#1685=IFCFACE((#1684));
#1686=IFCPOLYLOOP((#1483,#1460,#1476));
#1687=IFCFACEOUTERBOUND(#1686,.T.);
#1688=IFCFACE((#1687));
#1689=IFCPOLYLOOP((#1459,#1460,#1483));
#1690=IFCFACEOUTERBOUND(#1689,.T.);
#1691=IFCFACE((#1690));
#1692=IFCPOLYLOOP((#1469,#1457,#1467));
#1693=IFCFACEOUTERBOUND(#1692,.T.);
#1694=IFCFACE((#1693));
#1695=IFCPOLYLOOP((#1453,#1473,#1484));
#1696=IFCFACEOUTERBOUND(#1695,.T.);
#1697=IFCFACE((#1696));
#1698=IFCPOLYLOOP((#1467,#1457,#1458));
#1699=IFCFACEOUTERBOUND(#1698,.T.);
#1700=IFCFACE((#1699));
#1701=IFCPOLYLOOP((#1476,#1453,#1483));
#1702=IFCFACEOUTERBOUND(#1701,.T.);
#1703=IFCFACE((#1702));
#1704=IFCPOLYLOOP((#1455,#1471,#1454));
#1705=IFCFACEOUTERBOUND(#1704,.T.);
#1706=IFCFACE((#1705));
#1707=IFCPOLYLOOP((#1473,#1479,#1481));
#1708=IFCFACEOUTERBOUND(#1707,.T.);
#1709=IFCFACE((#1708));
#1710=IFCPOLYLOOP((#1477,#1485,#1474));
#1711=IFCFACEOUTERBOUND(#1710,.T.);
#1712=IFCFACE((#1711));
#1713=IFCPOLYLOOP((#1466,#1429,#1468));
#1714=IFCFACEOUTERBOUND(#1713,.T.);
#1715=IFCFACE((#1714));
#1716=IFCPOLYLOOP((#1480,#1438,#1437));
#1717=IFCFACEOUTERBOUND(#1716,.T.);
#1718=IFCFACE((#1717));
#1719=IFCPOLYLOOP((#1472,#1484,#1482,#1485));
#1720=IFCFACEOUTERBOUND(#1719,.T.);
#1721=IFCFACE((#1720));
#1722=IFCPOLYLOOP((#1464,#1479,#1473));
#1723=IFCFACEOUTERBOUND(#1722,.T.);
#1724=IFCFACE((#1723));
#1725=IFCPOLYLOOP((#1469,#1456,#1457));
#1726=IFCFACEOUTERBOUND(#1725,.T.);
#1727=IFCFACE((#1726));
#1728=IFCPOLYLOOP((#1465,#1450,#1479));
#1729=IFCFACEOUTERBOUND(#1728,.T.);
#1730=IFCFACE((#1729));
#1731=IFCPOLYLOOP((#1456,#1471,#1455));
#1732=IFCFACEOUTERBOUND(#1731,.T.);
#1733=IFCFACE((#1732));
#1734=IFCPOLYLOOP((#1476,#1463,#1473));
#1735=IFCFACEOUTERBOUND(#1734,.T.);
#1736=IFCFACE((#1735));
#1737=IFCPOLYLOOP((#1470,#1468,#1428));
#1738=IFCFACEOUTERBOUND(#1737,.T.);
#1739=IFCFACE((#1738));
#1740=IFCPOLYLOOP((#1463,#1464,#1473));
#1741=IFCFACEOUTERBOUND(#1740,.T.);
#1742=IFCFACE((#1741));
#1743=IFCPOLYLOOP((#1469,#1471,#1456));
#1744=IFCFACEOUTERBOUND(#1743,.T.);
#1745=IFCFACE((#1744));
#1746=IFCPOLYLOOP((#1462,#1476,#1461));
#1747=IFCFACEOUTERBOUND(#1746,.T.);
#1748=IFCFACE((#1747));
#1749=IFCPOLYLOOP((#1460,#1461,#1476));
#1750=IFCFACEOUTERBOUND(#1749,.T.);
#1751=IFCFACE((#1750));
#1752=IFCPOLYLOOP((#1436,#1435,#1477));
#1753=IFCFACEOUTERBOUND(#1752,.T.);
#1754=IFCFACE((#1753));
#1755=IFCPOLYLOOP((#1451,#1481,#1479));
#1756=IFCFACEOUTERBOUND(#1755,.T.);
#1757=IFCFACE((#1756));
#1758=IFCPOLYLOOP((#1437,#1436,#1480));
#1759=IFCFACEOUTERBOUND(#1758,.T.);
#1760=IFCFACE((#1759));
#1761=IFCPOLYLOOP((#1485,#1477,#1452));
#1762=IFCFACEOUTERBOUND(#1761,.T.);
#1763=IFCFACE((#1762));
#1764=IFCPOLYLOOP((#1451,#1438,#1480));
#1765=IFCFACEOUTERBOUND(#1764,.T.);
#1766=IFCFACE((#1765));
#1767=IFCPOLYLOOP((#1501,#1452,#1475,#1466));
#1768=IFCFACEOUTERBOUND(#1767,.T.);
#1769=IFCFACE((#1768));
#1770=IFCPOLYLOOP((#1497,#1502,#1504));
#1771=IFCFACEOUTERBOUND(#1770,.T.);
#1772=IFCFACE((#1771));
#1773=IFCPOLYLOOP((#1451,#1450,#1503));
#1774=IFCFACEOUTERBOUND(#1773,.T.);
#1775=IFCFACE((#1774));
#1776=IFCPOLYLOOP((#1500,#1441,#1440));
#1777=IFCFACEOUTERBOUND(#1776,.T.);
#1778=IFCFACE((#1777));
#1779=IFCPOLYLOOP((#1497,#1500,#1502));
#1780=IFCFACEOUTERBOUND(#1779,.T.);
#1781=IFCFACE((#1780));
#1782=IFCPOLYLOOP((#1487,#1498,#1503));
#1783=IFCFACEOUTERBOUND(#1782,.T.);
#1784=IFCFACE((#1783));
#1785=IFCPOLYLOOP((#1440,#1502,#1500));
#1786=IFCFACEOUTERBOUND(#1785,.T.);
#1787=IFCFACE((#1786));
#1788=IFCPOLYLOOP((#1505,#1497,#1504));
#1789=IFCFACEOUTERBOUND(#1788,.T.);
#1790=IFCFACE((#1789));
#1791=IFCPOLYLOOP((#1439,#1502,#1440));
#1792=IFCFACEOUTERBOUND(#1791,.T.);
#1793=IFCFACE((#1792));
#1794=IFCPOLYLOOP((#1451,#1503,#1504));
#1795=IFCFACEOUTERBOUND(#1794,.T.);
#1796=IFCFACE((#1795));
#1797=IFCPOLYLOOP((#1505,#1504,#1498));
#1798=IFCFACEOUTERBOUND(#1797,.T.);
#1799=IFCFACE((#1798));
#1800=IFCPOLYLOOP((#1503,#1450,#1486));
#1801=IFCFACEOUTERBOUND(#1800,.T.);
#1802=IFCFACE((#1801));
#1803=IFCPOLYLOOP((#1470,#1426,#1449));
#1804=IFCFACEOUTERBOUND(#1803,.T.);
#1805=IFCFACE((#1804));
#1806=IFCPOLYLOOP((#1453,#1498,#1499));
#1807=IFCFACEOUTERBOUND(#1806,.T.);
#1808=IFCFACE((#1807));
#1809=IFCPOLYLOOP((#1483,#1453,#1499));
#1810=IFCFACEOUTERBOUND(#1809,.T.);
#1811=IFCFACE((#1810));
#1812=IFCPOLYLOOP((#1447,#1466,#1468));
#1813=IFCFACEOUTERBOUND(#1812,.T.);
#1814=IFCFACE((#1813));
#1815=IFCPOLYLOOP((#1444,#1501,#1445));
#1816=IFCFACEOUTERBOUND(#1815,.T.);
#1817=IFCFACE((#1816));
#1818=IFCPOLYLOOP((#1498,#1453,#1484));
#1819=IFCFACEOUTERBOUND(#1818,.T.);
#1820=IFCFACE((#1819));
#1821=IFCPOLYLOOP((#1466,#1447,#1446));
#1822=IFCFACEOUTERBOUND(#1821,.T.);
#1823=IFCFACE((#1822));
#1824=IFCPOLYLOOP((#1446,#1445,#1466));
#1825=IFCFACEOUTERBOUND(#1824,.T.);
#1826=IFCFACE((#1825));
#1827=IFCPOLYLOOP((#1500,#1485,#1452));
#1828=IFCFACEOUTERBOUND(#1827,.T.);
#1829=IFCFACE((#1828));
#1830=IFCPOLYLOOP((#1491,#1492,#1483));
#1831=IFCFACEOUTERBOUND(#1830,.T.);
#1832=IFCFACE((#1831));
#1833=IFCPOLYLOOP((#1445,#1501,#1466));
#1834=IFCFACEOUTERBOUND(#1833,.T.);
#1835=IFCFACE((#1834));
#1836=IFCPOLYLOOP((#1504,#1503,#1498));
#1837=IFCFACEOUTERBOUND(#1836,.T.);
#1838=IFCFACE((#1837));
#1839=IFCPOLYLOOP((#1451,#1504,#1502));
#1840=IFCFACEOUTERBOUND(#1839,.T.);
#1841=IFCFACE((#1840));
#1842=IFCPOLYLOOP((#1487,#1503,#1486));
#1843=IFCFACEOUTERBOUND(#1842,.T.);
#1844=IFCFACE((#1843));
#1845=IFCPOLYLOOP((#1498,#1487,#1488));
#1846=IFCFACEOUTERBOUND(#1845,.T.);
#1847=IFCFACE((#1846));
#1848=IFCPOLYLOOP((#1467,#1494,#1469));
#1849=IFCFACEOUTERBOUND(#1848,.T.);
#1850=IFCFACE((#1849));
#1851=IFCPOLYLOOP((#1484,#1505,#1498));
#1852=IFCFACEOUTERBOUND(#1851,.T.);
#1853=IFCFACE((#1852));
#1854=IFCPOLYLOOP((#1439,#1438,#1502));
#1855=IFCFACEOUTERBOUND(#1854,.T.);
#1856=IFCFACE((#1855));
#1857=IFCPOLYLOOP((#1468,#1448,#1447));
#1858=IFCFACEOUTERBOUND(#1857,.T.);
#1859=IFCFACE((#1858));
#1860=IFCPOLYLOOP((#1490,#1499,#1489));
#1861=IFCFACEOUTERBOUND(#1860,.T.);
#1862=IFCFACE((#1861));
#1863=IFCPOLYLOOP((#1468,#1470,#1448));
#1864=IFCFACEOUTERBOUND(#1863,.T.);
#1865=IFCFACE((#1864));
#1866=IFCPOLYLOOP((#1471,#1469,#1495));
#1867=IFCFACEOUTERBOUND(#1866,.T.);
#1868=IFCFACE((#1867));
#1869=IFCPOLYLOOP((#1499,#1488,#1489));
#1870=IFCFACEOUTERBOUND(#1869,.T.);
#1871=IFCFACE((#1870));
#1872=IFCPOLYLOOP((#1448,#1470,#1449));
#1873=IFCFACEOUTERBOUND(#1872,.T.);
#1874=IFCFACE((#1873));
#1875=IFCPOLYLOOP((#1490,#1491,#1499));
#1876=IFCFACEOUTERBOUND(#1875,.T.);
#1877=IFCFACE((#1876));
#1878=IFCPOLYLOOP((#1505,#1485,#1497));
#1879=IFCFACEOUTERBOUND(#1878,.T.);
#1880=IFCFACE((#1879));
#1881=IFCPOLYLOOP((#1472,#1485,#1505,#1484));
#1882=IFCFACEOUTERBOUND(#1881,.T.);
#1883=IFCFACE((#1882));
#1884=IFCPOLYLOOP((#1493,#1494,#1467));
#1885=IFCFACEOUTERBOUND(#1884,.T.);
#1886=IFCFACE((#1885));
#1887=IFCPOLYLOOP((#1467,#1492,#1493));
#1888=IFCFACEOUTERBOUND(#1887,.T.);
#1889=IFCFACE((#1888));
#1890=IFCPOLYLOOP((#1442,#1501,#1443));
#1891=IFCFACEOUTERBOUND(#1890,.T.);
#1892=IFCFACE((#1891));
#1893=IFCPOLYLOOP((#1483,#1492,#1467));
#1894=IFCFACEOUTERBOUND(#1893,.T.);
#1895=IFCFACE((#1894));
#1896=IFCPOLYLOOP((#1495,#1496,#1471));
#1897=IFCFACEOUTERBOUND(#1896,.T.);
#1898=IFCFACE((#1897));
#1899=IFCPOLYLOOP((#1500,#1497,#1485));
#1900=IFCFACEOUTERBOUND(#1899,.T.);
#1901=IFCFACE((#1900));
#1902=IFCPOLYLOOP((#1491,#1483,#1499));
#1903=IFCFACEOUTERBOUND(#1902,.T.);
#1904=IFCFACE((#1903));
#1905=IFCPOLYLOOP((#1501,#1444,#1443));
#1906=IFCFACEOUTERBOUND(#1905,.T.);
#1907=IFCFACE((#1906));
#1908=IFCPOLYLOOP((#1488,#1499,#1498));
#1909=IFCFACEOUTERBOUND(#1908,.T.);
#1910=IFCFACE((#1909));
#1911=IFCPOLYLOOP((#1495,#1469,#1494));
#1912=IFCFACEOUTERBOUND(#1911,.T.);
#1913=IFCFACE((#1912));
#1914=IFCPOLYLOOP((#1496,#1454,#1471));
#1915=IFCFACEOUTERBOUND(#1914,.T.);
#1916=IFCFACE((#1915));
#1917=IFCPOLYLOOP((#1452,#1501,#1500));
#1918=IFCFACEOUTERBOUND(#1917,.T.);
#1919=IFCFACE((#1918));
#1920=IFCPOLYLOOP((#1442,#1441,#1500));
#1921=IFCFACEOUTERBOUND(#1920,.T.);
#1922=IFCFACE((#1921));
#1923=IFCPOLYLOOP((#1438,#1451,#1502));
#1924=IFCFACEOUTERBOUND(#1923,.T.);
#1925=IFCFACE((#1924));
#1926=IFCPOLYLOOP((#1442,#1500,#1501));
#1927=IFCFACEOUTERBOUND(#1926,.T.);
#1928=IFCFACE((#1927));
#1929=IFCPOLYLOOP((#1527,#1528,#1529,#1506,#1507,#1508,#1509,#1510,#1511,#1512,#1513,#1514,#1515,#1516,#1517,#1518,#1519,#1520,#1521,#1522,#1523,#1524,#1525,#1526));
#1930=IFCFACEOUTERBOUND(#1929,.T.);
#1931=IFCFACE((#1930));
#1932=IFCPOLYLOOP((#1529,#1455,#1454,#1506));
#1933=IFCFACEOUTERBOUND(#1932,.T.);
#1934=IFCFACE((#1933));
#1935=IFCPOLYLOOP((#1528,#1456,#1455,#1529));
#1936=IFCFACEOUTERBOUND(#1935,.T.);
#1937=IFCFACE((#1936));
#1938=IFCPOLYLOOP((#1526,#1458,#1457,#1527));
#1939=IFCFACEOUTERBOUND(#1938,.T.);
#1940=IFCFACE((#1939));
#1941=IFCPOLYLOOP((#1527,#1457,#1456,#1528));
#1942=IFCFACEOUTERBOUND(#1941,.T.);
#1943=IFCFACE((#1942));
#1944=IFCPOLYLOOP((#1525,#1459,#1458,#1526));
#1945=IFCFACEOUTERBOUND(#1944,.T.);
#1946=IFCFACE((#1945));
#1947=IFCPOLYLOOP((#1459,#1525,#1524,#1460));
#1948=IFCFACEOUTERBOUND(#1947,.T.);
#1949=IFCFACE((#1948));
#1950=IFCPOLYLOOP((#1522,#1521,#1463,#1462));
#1951=IFCFACEOUTERBOUND(#1950,.T.);
#1952=IFCFACE((#1951));
#1953=IFCPOLYLOOP((#1523,#1522,#1462,#1461));
#1954=IFCFACEOUTERBOUND(#1953,.T.);
#1955=IFCFACE((#1954));
#1956=IFCPOLYLOOP((#1519,#1518,#1450,#1465));
#1957=IFCFACEOUTERBOUND(#1956,.T.);
#1958=IFCFACE((#1957));
#1959=IFCPOLYLOOP((#1520,#1519,#1465,#1464));
#1960=IFCFACEOUTERBOUND(#1959,.T.);
#1961=IFCFACE((#1960));
#1962=IFCPOLYLOOP((#1521,#1520,#1464,#1463));
#1963=IFCFACEOUTERBOUND(#1962,.T.);
#1964=IFCFACE((#1963));
#1965=IFCPOLYLOOP((#1461,#1460,#1524,#1523));
#1966=IFCFACEOUTERBOUND(#1965,.T.);
#1967=IFCFACE((#1966));
#1968=IFCPOLYLOOP((#1450,#1518,#1517,#1486));
#1969=IFCFACEOUTERBOUND(#1968,.T.);
#1970=IFCFACE((#1969));
#1971=IFCPOLYLOOP((#1516,#1487,#1486,#1517));
#1972=IFCFACEOUTERBOUND(#1971,.T.);
#1973=IFCFACE((#1972));
#1974=IFCPOLYLOOP((#1514,#1513,#1490,#1489));
#1975=IFCFACEOUTERBOUND(#1974,.T.);
#1976=IFCFACE((#1975));
#1977=IFCPOLYLOOP((#1515,#1514,#1489,#1488));
#1978=IFCFACEOUTERBOUND(#1977,.T.);
#1979=IFCFACE((#1978));
#1980=IFCPOLYLOOP((#1487,#1516,#1515,#1488));
#1981=IFCFACEOUTERBOUND(#1980,.T.);
#1982=IFCFACE((#1981));
#1983=IFCPOLYLOOP((#1490,#1513,#1512,#1491));
#1984=IFCFACEOUTERBOUND(#1983,.T.);
#1985=IFCFACE((#1984));
#1986=IFCPOLYLOOP((#1510,#1509,#1494,#1493));
#1987=IFCFACEOUTERBOUND(#1986,.T.);
#1988=IFCFACE((#1987));
#1989=IFCPOLYLOOP((#1511,#1510,#1493,#1492));
#1990=IFCFACEOUTERBOUND(#1989,.T.);
#1991=IFCFACE((#1990));
#1992=IFCPOLYLOOP((#1507,#1506,#1454,#1496));
#1993=IFCFACEOUTERBOUND(#1992,.T.);
#1994=IFCFACE((#1993));
#1995=IFCPOLYLOOP((#1508,#1507,#1496,#1495));
#1996=IFCFACEOUTERBOUND(#1995,.T.);
#1997=IFCFACE((#1996));
#1998=IFCPOLYLOOP((#1509,#1508,#1495,#1494));
#1999=IFCFACEOUTERBOUND(#1998,.T.);
#2000=IFCFACE((#1999));
#2001=IFCPOLYLOOP((#1511,#1492,#1491,#1512));
#2002=IFCFACEOUTERBOUND(#2001,.T.);
#2003=IFCFACE((#2002));
#2004=IFCCARTESIANPOINT((93.30937499998582,399.59999999999928,1016.));
#2005=IFCCARTESIANPOINT((94.331600211313742,399.59999999999928,1023.7645713530784));
#2006=IFCCARTESIANPOINT((97.328612886452632,399.59999999999928,1031.));
#2007=IFCCARTESIANPOINT((102.09617156438929,399.59999999999928,1037.2132034355993));
#2008=IFCCARTESIANPOINT((108.30937499998566,399.59999999999928,1041.980762113536));
#2009=IFCCARTESIANPOINT((115.54480364691003,399.59999999999928,1044.9777747886749));
#2010=IFCCARTESIANPOINT((123.30937499998564,399.59999999999928,1046.));
#2011=IFCCARTESIANPOINT((131.07394635306125,399.59999999999928,1044.9777747886751));
#2012=IFCCARTESIANPOINT((138.30937499998569,399.59999999999928,1041.9807621135362));
#2013=IFCCARTESIANPOINT((144.52257843558212,399.59999999999928,1037.2132034355993));
#2014=IFCCARTESIANPOINT((149.29013711351891,399.59999999999928,1031.));
#2015=IFCCARTESIANPOINT((152.28714978865781,399.59999999999928,1023.7645713530786));
#2016=IFCCARTESIANPOINT((153.30937499998578,399.59999999999928,1016.));
#2017=IFCCARTESIANPOINT((152.28714978865787,399.59999999999928,1008.2354286469273));
#2018=IFCCARTESIANPOINT((149.29013711351899,399.59999999999928,1001.));
#2019=IFCCARTESIANPOINT((144.52257843558226,399.59999999999928,994.78679656440659));
#2020=IFCCARTESIANPOINT((138.30937499998589,399.59999999999928,990.0192378864698));
#2021=IFCCARTESIANPOINT((131.07394635306144,399.59999999999928,987.02222521133081));
#2022=IFCCARTESIANPOINT((123.30937499998583,399.59999999999928,986.));
#2023=IFCCARTESIANPOINT((115.54480364691022,399.59999999999928,987.02222521133081));
#2024=IFCCARTESIANPOINT((108.30937499998586,399.59999999999928,990.0192378864698));
#2025=IFCCARTESIANPOINT((102.09617156438942,399.59999999999928,994.78679656440647));
#2026=IFCCARTESIANPOINT((97.328612886452703,399.59999999999928,1001.));
#2027=IFCCARTESIANPOINT((94.331600211313813,399.59999999999928,1008.2354286469272));
#2028=IFCCARTESIANPOINT((93.30937499998582,391.59999999999928,1016.));
#2029=IFCCARTESIANPOINT((94.331600211313813,391.59999999999928,1008.2354286469272));
#2030=IFCCARTESIANPOINT((97.328612886452703,391.59999999999928,1001.));
#2031=IFCCARTESIANPOINT((102.09617156438942,391.59999999999928,994.78679656440647));
#2032=IFCCARTESIANPOINT((108.30937499998586,391.59999999999928,990.0192378864698));
#2033=IFCCARTESIANPOINT((115.54480364691022,391.59999999999928,987.02222521133081));
#2034=IFCCARTESIANPOINT((123.30937499998583,391.59999999999928,986.));
#2035=IFCCARTESIANPOINT((131.07394635306144,391.59999999999928,987.02222521133081));
#2036=IFCCARTESIANPOINT((138.30937499998589,391.59999999999928,990.0192378864698));
#2037=IFCCARTESIANPOINT((144.52257843558226,391.59999999999928,994.78679656440659));
#2038=IFCCARTESIANPOINT((149.29013711351899,391.59999999999928,1001.));
#2039=IFCCARTESIANPOINT((152.28714978865787,391.59999999999928,1008.2354286469273));
#2040=IFCCARTESIANPOINT((153.30937499998578,391.59999999999928,1016.));
#2041=IFCCARTESIANPOINT((152.28714978865781,391.59999999999928,1023.7645713530786));
#2042=IFCCARTESIANPOINT((149.29013711351891,391.59999999999928,1031.));
#2043=IFCCARTESIANPOINT((144.52257843558212,391.59999999999928,1037.2132034355993));
#2044=IFCCARTESIANPOINT((138.30937499998569,391.59999999999928,1041.9807621135362));
#2045=IFCCARTESIANPOINT((131.07394635306125,391.59999999999928,1044.9777747886751));
#2046=IFCCARTESIANPOINT((123.30937499998564,391.59999999999928,1046.));
#2047=IFCCARTESIANPOINT((115.54480364691003,391.59999999999928,1044.9777747886749));
#2048=IFCCARTESIANPOINT((108.30937499998566,391.59999999999928,1041.980762113536));
#2049=IFCCARTESIANPOINT((102.09617156438929,391.59999999999928,1037.2132034355993));
#2050=IFCCARTESIANPOINT((97.328612886452632,391.59999999999928,1031.));
#2051=IFCCARTESIANPOINT((94.331600211313742,391.59999999999928,1023.7645713530784));
#2052=IFCPOLYLOOP((#2011,#2012,#2013,#2014,#2015,#2016,#2017,#2018,#2019,#2020,#2021,#2022,#2023,#2024,#2025,#2026,#2027,#2004,#2005,#2006,#2007,#2008,#2009,#2010));
#2053=IFCFACEOUTERBOUND(#2052,.T.);
#2054=IFCFACE((#2053));
#2055=IFCPOLYLOOP((#2035,#2036,#2037,#2038,#2039,#2040,#2041,#2042,#2043,#2044,#2045,#2046,#2047,#2048,#2049,#2050,#2051,#2028,#2029,#2030,#2031,#2032,#2033,#2034));
#2056=IFCFACEOUTERBOUND(#2055,.T.);
#2057=IFCFACE((#2056));
#2058=IFCPOLYLOOP((#2051,#2005,#2004,#2028));
#2059=IFCFACEOUTERBOUND(#2058,.T.);
#2060=IFCFACE((#2059));
#2061=IFCPOLYLOOP((#2050,#2006,#2005,#2051));
#2062=IFCFACEOUTERBOUND(#2061,.T.);
#2063=IFCFACE((#2062));
#2064=IFCPOLYLOOP((#2008,#2007,#2049,#2048));
#2065=IFCFACEOUTERBOUND(#2064,.T.);
#2066=IFCFACE((#2065));
#2067=IFCPOLYLOOP((#2050,#2049,#2007,#2006));
#2068=IFCFACEOUTERBOUND(#2067,.T.);
#2069=IFCFACE((#2068));
#2070=IFCPOLYLOOP((#2009,#2008,#2048,#2047));
#2071=IFCFACEOUTERBOUND(#2070,.T.);
#2072=IFCFACE((#2071));
#2073=IFCPOLYLOOP((#2010,#2009,#2047,#2046));
#2074=IFCFACEOUTERBOUND(#2073,.T.);
#2075=IFCFACE((#2074));
#2076=IFCPOLYLOOP((#2045,#2011,#2010,#2046));
#2077=IFCFACEOUTERBOUND(#2076,.T.);
#2078=IFCFACE((#2077));
#2079=IFCPOLYLOOP((#2044,#2012,#2011,#2045));
#2080=IFCFACEOUTERBOUND(#2079,.T.);
#2081=IFCFACE((#2080));
#2082=IFCPOLYLOOP((#2014,#2013,#2043,#2042));
#2083=IFCFACEOUTERBOUND(#2082,.T.);
#2084=IFCFACE((#2083));
#2085=IFCPOLYLOOP((#2044,#2043,#2013,#2012));
#2086=IFCFACEOUTERBOUND(#2085,.T.);
#2087=IFCFACE((#2086));
#2088=IFCPOLYLOOP((#2015,#2014,#2042,#2041));
#2089=IFCFACEOUTERBOUND(#2088,.T.);
#2090=IFCFACE((#2089));
#2091=IFCPOLYLOOP((#2016,#2015,#2041,#2040));
#2092=IFCFACEOUTERBOUND(#2091,.T.);
#2093=IFCFACE((#2092));
#2094=IFCPOLYLOOP((#2039,#2017,#2016,#2040));
#2095=IFCFACEOUTERBOUND(#2094,.T.);
#2096=IFCFACE((#2095));
#2097=IFCPOLYLOOP((#2038,#2018,#2017,#2039));
#2098=IFCFACEOUTERBOUND(#2097,.T.);
#2099=IFCFACE((#2098));
#2100=IFCPOLYLOOP((#2020,#2019,#2037,#2036));
#2101=IFCFACEOUTERBOUND(#2100,.T.);
#2102=IFCFACE((#2101));
#2103=IFCPOLYLOOP((#2038,#2037,#2019,#2018));
#2104=IFCFACEOUTERBOUND(#2103,.T.);
#2105=IFCFACE((#2104));
#2106=IFCPOLYLOOP((#2021,#2020,#2036,#2035));
#2107=IFCFACEOUTERBOUND(#2106,.T.);
#2108=IFCFACE((#2107));
#2109=IFCPOLYLOOP((#2022,#2021,#2035,#2034));
#2110=IFCFACEOUTERBOUND(#2109,.T.);
#2111=IFCFACE((#2110));
#2112=IFCPOLYLOOP((#2033,#2023,#2022,#2034));
#2113=IFCFACEOUTERBOUND(#2112,.T.);
#2114=IFCFACE((#2113));
#2115=IFCPOLYLOOP((#2032,#2024,#2023,#2033));
#2116=IFCFACEOUTERBOUND(#2115,.T.);
#2117=IFCFACE((#2116));
#2118=IFCPOLYLOOP((#2026,#2025,#2031,#2030));
#2119=IFCFACEOUTERBOUND(#2118,.T.);
#2120=IFCFACE((#2119));
#2121=IFCPOLYLOOP((#2032,#2031,#2025,#2024));
#2122=IFCFACEOUTERBOUND(#2121,.T.);
#2123=IFCFACE((#2122));
#2124=IFCPOLYLOOP((#2027,#2026,#2030,#2029));
#2125=IFCFACEOUTERBOUND(#2124,.T.);
#2126=IFCFACE((#2125));
#2127=IFCPOLYLOOP((#2004,#2027,#2029,#2028));
#2128=IFCFACEOUTERBOUND(#2127,.T.);
#2129=IFCFACE((#2128));
#2130=IFCCARTESIANPOINT((965.19999999999834,342.38750000000152,0.));
#2131=IFCCARTESIANPOINT((965.19999999999834,391.60000000000167,0.));
#2132=IFCCARTESIANPOINT((1016.,391.60000000000167,0.));
#2133=IFCCARTESIANPOINT((1016.,245.5500000000014,0.));
#2134=IFCCARTESIANPOINT((965.19999999999845,245.5500000000014,0.));
#2135=IFCCARTESIANPOINT((965.19999999999845,294.7625000000013,0.));
#2136=IFCCARTESIANPOINT((949.32499999999834,294.7625000000013,0.));
#2137=IFCCARTESIANPOINT((949.32499999999834,342.38750000000152,0.));
#2138=IFCPOLYLOOP((#2130,#2131,#2132,#2133,#2134,#2135,#2136,#2137));
#2139=IFCFACEOUTERBOUND(#2138,.T.);
#2140=IFCFACE((#2139));
#2141=IFCCARTESIANPOINT((965.19999999999823,342.38750000000152,2133.6000000000022));
#2142=IFCCARTESIANPOINT((965.19999999999823,391.60000000000167,2133.6000000000022));
#2143=IFCPOLYLOOP((#2131,#2130,#2141,#2142));
#2144=IFCFACEOUTERBOUND(#2143,.T.);
#2145=IFCFACE((#2144));
#2146=IFCCARTESIANPOINT((50.800000000001447,391.60000000000167,2133.6000000000022));
#2147=IFCCARTESIANPOINT((50.800000000001447,391.60000000000167,0.));
#2148=IFCCARTESIANPOINT((0.,391.60000000000167,0.));
#2149=IFCCARTESIANPOINT((0.,391.59999999999991,2235.2000000000003));
#2150=IFCCARTESIANPOINT((1016.,391.59999999999991,2235.2000000000003));
#2151=IFCPOLYLOOP((#2132,#2131,#2142,#2146,#2147,#2148,#2149,#2150));
#2152=IFCFACEOUTERBOUND(#2151,.T.);
#2153=IFCFACE((#2152));
#2154=IFCCARTESIANPOINT((1016.,245.55000000000015,2235.2000000000003));
#2155=IFCPOLYLOOP((#2133,#2132,#2150,#2154));
#2156=IFCFACEOUTERBOUND(#2155,.T.);
#2157=IFCFACE((#2156));
#2158=IFCCARTESIANPOINT((0.,245.55000000000018,2235.2000000000003));
#2159=IFCCARTESIANPOINT((0.,245.5500000000014,0.));
#2160=IFCCARTESIANPOINT((50.800000000001447,245.5500000000014,0.));
#2161=IFCCARTESIANPOINT((50.800000000001447,245.55000000000138,2133.6000000000022));
#2162=IFCCARTESIANPOINT((965.19999999999845,245.55000000000138,2133.6000000000022));
#2163=IFCPOLYLOOP((#2134,#2133,#2154,#2158,#2159,#2160,#2161,#2162));
#2164=IFCFACEOUTERBOUND(#2163,.T.);
#2165=IFCFACE((#2164));
#2166=IFCCARTESIANPOINT((965.19999999999845,294.7625000000013,2133.6000000000022));
#2167=IFCPOLYLOOP((#2135,#2134,#2162,#2166));
#2168=IFCFACEOUTERBOUND(#2167,.T.);
#2169=IFCFACE((#2168));
#2170=IFCCARTESIANPOINT((50.800000000001511,294.7625000000013,2133.6000000000022));
#2171=IFCCARTESIANPOINT((50.800000000001511,294.7625000000013,0.));
#2172=IFCCARTESIANPOINT((66.675000000001631,294.7625000000013,0.));
#2173=IFCCARTESIANPOINT((66.675000000001688,294.7625000000013,2117.7250000000022));
#2174=IFCCARTESIANPOINT((949.32499999999834,294.7625000000013,2117.7250000000022));
#2175=IFCPOLYLOOP((#2136,#2135,#2166,#2170,#2171,#2172,#2173,#2174));
#2176=IFCFACEOUTERBOUND(#2175,.T.);
#2177=IFCFACE((#2176));
#2178=IFCCARTESIANPOINT((949.32499999999834,342.38750000000152,2117.7250000000022));
#2179=IFCPOLYLOOP((#2137,#2136,#2174,#2178));
#2180=IFCFACEOUTERBOUND(#2179,.T.);
#2181=IFCFACE((#2180));
#2182=IFCCARTESIANPOINT((66.675000000001418,342.38750000000152,2117.7250000000022));
#2183=IFCCARTESIANPOINT((66.675000000001418,342.38750000000152,0.));
#2184=IFCCARTESIANPOINT((50.800000000001447,342.38750000000152,0.));
#2185=IFCCARTESIANPOINT((50.800000000001447,342.38750000000152,2133.6000000000022));
#2186=IFCPOLYLOOP((#2130,#2137,#2178,#2182,#2183,#2184,#2185,#2141));
#2187=IFCFACEOUTERBOUND(#2186,.T.);
#2188=IFCFACE((#2187));
#2189=IFCPOLYLOOP((#2142,#2141,#2185,#2146));
#2190=IFCFACEOUTERBOUND(#2189,.T.);
#2191=IFCFACE((#2190));
#2192=IFCPOLYLOOP((#2162,#2161,#2170,#2166));
#2193=IFCFACEOUTERBOUND(#2192,.T.);
#2194=IFCFACE((#2193));
#2195=IFCPOLYLOOP((#2174,#2173,#2182,#2178));
#2196=IFCFACEOUTERBOUND(#2195,.T.);
#2197=IFCFACE((#2196));
#2198=IFCPOLYLOOP((#2148,#2147,#2184,#2183,#2172,#2171,#2160,#2159));
#2199=IFCFACEOUTERBOUND(#2198,.T.);
#2200=IFCFACE((#2199));
#2201=IFCPOLYLOOP((#2147,#2146,#2185,#2184));
#2202=IFCFACEOUTERBOUND(#2201,.T.);
#2203=IFCFACE((#2202));
#2204=IFCPOLYLOOP((#2149,#2148,#2159,#2158));
#2205=IFCFACEOUTERBOUND(#2204,.T.);
#2206=IFCFACE((#2205));
#2207=IFCPOLYLOOP((#2161,#2160,#2171,#2170));
#2208=IFCFACEOUTERBOUND(#2207,.T.);
#2209=IFCFACE((#2208));
#2210=IFCPOLYLOOP((#2173,#2172,#2183,#2182));
#2211=IFCFACEOUTERBOUND(#2210,.T.);
#2212=IFCFACE((#2211));
#2213=IFCPOLYLOOP((#2154,#2150,#2149,#2158));
#2214=IFCFACEOUTERBOUND(#2213,.T.);
#2215=IFCFACE((#2214));
#2216=IFCCARTESIANPOINT((50.799999999999685,347.14999999999878,2133.6000000000026));
#2217=IFCCARTESIANPOINT((50.799999999999685,347.14999999999878,0.));
#2218=IFCCARTESIANPOINT((965.19999999999959,347.14999999999878,0.));
#2219=IFCCARTESIANPOINT((965.19999999999959,347.14999999999878,2133.6000000000026));
#2220=IFCPOLYLOOP((#2216,#2217,#2218,#2219));
#2221=IFCFACEOUTERBOUND(#2220,.T.);
#2222=IFCFACE((#2221));
#2223=IFCCARTESIANPOINT((50.799999999999685,391.59999999999854,2133.6000000000026));
#2224=IFCCARTESIANPOINT((965.19999999999959,391.59999999999854,2133.6000000000026));
#2225=IFCCARTESIANPOINT((965.19999999999959,391.59999999999854,0.));
#2226=IFCCARTESIANPOINT((50.799999999999685,391.59999999999854,0.));
#2227=IFCPOLYLOOP((#2223,#2224,#2225,#2226));
#2228=IFCFACEOUTERBOUND(#2227,.T.);
#2229=IFCFACE((#2228));
#2230=IFCPOLYLOOP((#2217,#2216,#2223,#2226));
#2231=IFCFACEOUTERBOUND(#2230,.T.);
#2232=IFCFACE((#2231));
#2233=IFCPOLYLOOP((#2218,#2217,#2226,#2225));
#2234=IFCFACEOUTERBOUND(#2233,.T.);
#2235=IFCFACE((#2234));
#2236=IFCPOLYLOOP((#2219,#2218,#2225,#2224));
#2237=IFCFACEOUTERBOUND(#2236,.T.);
#2238=IFCFACE((#2237));
#2239=IFCPOLYLOOP((#2216,#2219,#2224,#2223));
#2240=IFCFACEOUTERBOUND(#2239,.T.);
#2241=IFCFACE((#2240));
#2242=IFCCLOSEDSHELL((#804,#807,#810,#813,#816,#819,#822,#825,#828,#831,#834,#837,#840,#843,#846,#849,#852,#855,#858,#861,#864,#867,#870,#873,#876,#879,#882,#885,#888,#891,#894,#897,#900,#903,#906,#909,#912,#915,#918,#921,#924,#927,#930,#933,#936,#939,#942,#945,#948,#951,#954,#957,#960,#963,#966,#969,#972,#975,#978,#981,#984,#987,#990,#993,#996,#999,#1002,#1005,#1008,#1011,#1014,#1017,#1020,#1023,#1026,#1029,#1032,#1035,#1038,#1041,#1044,#1047,#1050,#1053,#1056,#1059,#1062,#1065,#1068,#1071,#1074,#1077,#1080,#1083,#1086,#1089,#1092,#1095,#1098,#1101,#1104,#1107,#1110,#1113,#1116,#1119,#1122,#1125,#1128,#1131,#1134,#1137,#1140,#1143,#1146,#1149,#1152,#1155,#1158,#1161,#1164,#1167,#1170,#1173,#1176,#1179,#1182,#1185,#1188,#1191,#1194,#1197,#1200,#1203,#1206,#1209,#1212,#1215,#1218,#1221,#1224,#1227,#1230,#1233,#1236,#1239,#1242,#1245,#1248,#1251,#1254,#1257,#1260,#1263,#1266,#1269,#1272,#1275));
#2243=IFCFACETEDBREP(#2242);
#2244=IFCCOLOURRGB($,0.95686274509803926,0.96078431372549022,0.96470588235294119);
#2245=IFCSURFACESTYLERENDERING(#2244,0.,$,$,$,$,IFCNORMALISEDRATIOMEASURE(0.5),IFCSPECULAREXPONENT(128.),.NOTDEFINED.);
#2246=IFCSURFACESTYLE('Aluminum',.BOTH.,(#2245));
#2247=IFCPRESENTATIONSTYLEASSIGNMENT((#2246));
#2248=IFCSTYLEDITEM(#2243,(#2247),$);
#2249=IFCCLOSEDSHELL((#1326,#1329,#1332,#1335,#1338,#1341,#1344,#1347,#1350,#1353,#1356,#1359,#1362,#1365,#1368,#1371,#1374,#1377,#1380,#1383,#1386,#1389,#1392,#1395,#1398,#1401));
#2250=IFCFACETEDBREP(#2249);
#2251=IFCSTYLEDITEM(#2250,(#2247),$);
#2252=IFCCLOSEDSHELL((#1532,#1535,#1538,#1541,#1544,#1547,#1550,#1553,#1556,#1559,#1562,#1565,#1568,#1571,#1574,#1577,#1580,#1583,#1586,#1589,#1592,#1595,#1598,#1601,#1604,#1607,#1610,#1613,#1616,#1619,#1622,#1625,#1628,#1631,#1634,#1637,#1640,#1643,#1646,#1649,#1652,#1655,#1658,#1661,#1664,#1667,#1670,#1673,#1676,#1679,#1682,#1685,#1688,#1691,#1694,#1697,#1700,#1703,#1706,#1709,#1712,#1715,#1718,#1721,#1724,#1727,#1730,#1733,#1736,#1739,#1742,#1745,#1748,#1751,#1754,#1757,#1760,#1763,#1766,#1769,#1772,#1775,#1778,#1781,#1784,#1787,#1790,#1793,#1796,#1799,#1802,#1805,#1808,#1811,#1814,#1817,#1820,#1823,#1826,#1829,#1832,#1835,#1838,#1841,#1844,#1847,#1850,#1853,#1856,#1859,#1862,#1865,#1868,#1871,#1874,#1877,#1880,#1883,#1886,#1889,#1892,#1895,#1898,#1901,#1904,#1907,#1910,#1913,#1916,#1919,#1922,#1925,#1928,#1931,#1934,#1937,#1940,#1943,#1946,#1949,#1952,#1955,#1958,#1961,#1964,#1967,#1970,#1973,#1976,#1979,#1982,#1985,#1988,#1991,#1994,#1997,#2000,#2003));
#2253=IFCFACETEDBREP(#2252);
#2254=IFCSTYLEDITEM(#2253,(#2247),$);
#2255=IFCCLOSEDSHELL((#2054,#2057,#2060,#2063,#2066,#2069,#2072,#2075,#2078,#2081,#2084,#2087,#2090,#2093,#2096,#2099,#2102,#2105,#2108,#2111,#2114,#2117,#2120,#2123,#2126,#2129));
#2256=IFCFACETEDBREP(#2255);
#2257=IFCSTYLEDITEM(#2256,(#2247),$);
#2258=IFCCLOSEDSHELL((#2140,#2145,#2153,#2157,#2165,#2169,#2177,#2181,#2188,#2191,#2194,#2197,#2200,#2203,#2206,#2209,#2212,#2215));
#2259=IFCFACETEDBREP(#2258);
#2260=IFCCOLOURRGB($,0.69803921568627447,0.69803921568627447,0.69803921568627447);
#2261=IFCSURFACESTYLERENDERING(#2260,0.,$,$,$,$,IFCNORMALISEDRATIOMEASURE(0.5),IFCSPECULAREXPONENT(128.),.NOTDEFINED.);
#2262=IFCSURFACESTYLE('Metal - Paint Finish - Grey',.BOTH.,(#2261));
#2263=IFCPRESENTATIONSTYLEASSIGNMENT((#2262));
#2264=IFCSTYLEDITEM(#2259,(#2263),$);
#2265=IFCCLOSEDSHELL((#2222,#2229,#2232,#2235,#2238,#2241));
#2266=IFCFACETEDBREP(#2265);
#2267=IFCCOLOURRGB($,0.67843137254901964,0.51764705882352946,0.37647058823529411);
#2268=IFCSURFACESTYLERENDERING(#2267,0.,$,$,$,$,IFCNORMALISEDRATIOMEASURE(0.5),IFCSPECULAREXPONENT(64.),.NOTDEFINED.);
#2269=IFCSURFACESTYLE('Wood - Birch',.BOTH.,(#2268));
#2270=IFCPRESENTATIONSTYLEASSIGNMENT((#2269));
#2271=IFCSTYLEDITEM(#2266,(#2270),$);
#2272=IFCSHAPEREPRESENTATION(#24,'Body','Brep',(#2243,#2250,#2253,#2256,#2259,#2266));
#2273=IFCAXIS2PLACEMENT3D(#3,$,$);
#2274=IFCREPRESENTATIONMAP(#2273,#2272);
#2275=IFCDOORLININGPROPERTIES('0Qtcn7X097yu33tgNHTlYV',#18,'Door-Passage-Single-Flush:36" x 84":1224691',$,$,$,$,$,$,$,$,$,$,$,$);
#2276=IFCDOORPANELPROPERTIES('0Qtcn7X097yu33tgRHTlYV',#18,'Door-Passage-Single-Flush:36" x 84":1224691:1',$,$,.SWINGING.,$,.NOTDEFINED.,$);
#2277=IFCDOORSTYLE('3bgDZ7NW532fNJWUcChc6T',#18,'Door-Passage-Single-Flush:36" x 84"',$,$,(#2275,#2276),(#2274),'387960',.SINGLE_SWING_RIGHT.,.NOTDEFINED.,.F.,.F.);
#2278=IFCMATERIAL('Aluminum');
#2279=IFCPRESENTATIONSTYLEASSIGNMENT((#2246));
#2280=IFCSTYLEDITEM($,(#2279),$);
#2281=IFCSTYLEDREPRESENTATION(#22,'Style','Material',(#2280));
#2282=IFCMATERIALDEFINITIONREPRESENTATION($,$,(#2281),#2278);
#2283=IFCMATERIAL('Metal - Paint Finish - Grey');
#2284=IFCPRESENTATIONSTYLEASSIGNMENT((#2262));
#2285=IFCSTYLEDITEM($,(#2284),$);
#2286=IFCSTYLEDREPRESENTATION(#22,'Style','Material',(#2285));
#2287=IFCMATERIALDEFINITIONREPRESENTATION($,$,(#2286),#2283);
#2288=IFCMATERIAL('Wood - Birch');
#2289=IFCPRESENTATIONSTYLEASSIGNMENT((#2269));
#2290=IFCSTYLEDITEM($,(#2289),$);
#2291=IFCSTYLEDREPRESENTATION(#22,'Style','Material',(#2290));
#2292=IFCMATERIALDEFINITIONREPRESENTATION($,$,(#2291),#2288);
#2293=IFCMATERIALLIST((#2278,#2283,#2288));
#2294=IFCCARTESIANTRANSFORMATIONOPERATOR3D($,$,#3,1.,$);
#2295=IFCMAPPEDITEM(#2274,#2294);
#2296=IFCSHAPEREPRESENTATION(#24,'Body','MappedRepresentation',(#2295));
#2297=IFCPRODUCTDEFINITIONSHAPE($,$,(#2296));
#2298=IFCCARTESIANPOINT((-1422.,-791.50000000001512,0.));
#2299=IFCAXIS2PLACEMENT3D(#2298,#9,#6);
#2301=IFCDOOR('0Qtcn7X097yu33tgJHTlYV',#18,'Door-Passage-Single-Flush:36" x 84":1224691',$,'Door-Passage-Single-Flush:36" x 84"',#3973,#2297,'1224691',2235.1999999999998,1016.);
#2302=IFCPROPERTYSINGLEVALUE('Reference',$,IFCIDENTIFIER('36" x 84"'),$);
#2303=IFCPROPERTYSET('1rgQRx2tECVxPpvQJfwI0u',#18,'Pset_DoorCommon',$,(#419,#2302));
#2304=IFCPROPERTYSET('3Rqace0dsCdYeBTnT$TUSV',#18,'Pset_QuantityTakeOff',$,(#2302));
#2305=IFCRELDEFINESBYPROPERTIES('0zILX5d07qKKCZcl4DWMlp',#18,$,$,(#2301),#2303);
#2306=IFCRELDEFINESBYPROPERTIES('3NsGLcE85g7aTkWcAlA82k',#18,$,$,(#2301),#2304);
#2307=IFCCLASSIFICATIONREFERENCE('https://www.csiresources.org/standards/uniformat','B2030200','Solid Exterior Doors',#28);
#2308=IFCCARTESIANPOINT((876.29999999993481,417.,1181.1000000000417));
#2309=IFCCARTESIANPOINT((38.099999999906061,417.,1181.1000000000417));
#2310=IFCCARTESIANPOINT((38.099999999906061,410.65000000010588,1181.1000000000417));
#2311=IFCCARTESIANPOINT((876.29999999993481,410.65000000010588,1181.1000000000417));
#2312=IFCPOLYLOOP((#2308,#2309,#2310,#2311));
#2313=IFCFACEOUTERBOUND(#2312,.T.);
#2314=IFCFACE((#2313));
#2315=IFCCARTESIANPOINT((876.29999999993481,417.,38.099999999994857));
#2316=IFCCARTESIANPOINT((38.099999999906061,417.,38.099999999994857));
#2317=IFCPOLYLOOP((#2309,#2308,#2315,#2316));
#2318=IFCFACEOUTERBOUND(#2317,.T.);
#2319=IFCFACE((#2318));
#2320=IFCCARTESIANPOINT((38.099999999906061,410.65000000010588,38.099999999994857));
#2321=IFCPOLYLOOP((#2310,#2309,#2316,#2320));
#2322=IFCFACEOUTERBOUND(#2321,.T.);
#2323=IFCFACE((#2322));
#2324=IFCCARTESIANPOINT((876.29999999993481,410.65000000010588,38.099999999994857));
#2325=IFCPOLYLOOP((#2311,#2310,#2320,#2324));
#2326=IFCFACEOUTERBOUND(#2325,.T.);
#2327=IFCFACE((#2326));
#2328=IFCPOLYLOOP((#2308,#2311,#2324,#2315));
#2329=IFCFACEOUTERBOUND(#2328,.T.);
#2330=IFCFACE((#2329));
#2331=IFCPOLYLOOP((#2315,#2324,#2320,#2316));
#2332=IFCFACEOUTERBOUND(#2331,.T.);
#2333=IFCFACE((#2332));
#2334=IFCCARTESIANPOINT((38.099999999906196,397.94999999999635,38.099999999994857));
#2335=IFCCARTESIANPOINT((38.099999999906196,404.30000000008909,38.099999999994857));
#2336=IFCCARTESIANPOINT((876.29999999993481,404.30000000008909,38.099999999994857));
#2337=IFCCARTESIANPOINT((876.29999999993481,397.94999999999635,38.099999999994857));
#2338=IFCPOLYLOOP((#2334,#2335,#2336,#2337));
#2339=IFCFACEOUTERBOUND(#2338,.T.);
#2340=IFCFACE((#2339));
#2341=IFCCARTESIANPOINT((876.29999999993481,397.94999999999635,1181.1000000000417));
#2342=IFCCARTESIANPOINT((38.099999999906196,397.94999999999635,1181.1000000000417));
#2343=IFCPOLYLOOP((#2341,#2342,#2334,#2337));
#2344=IFCFACEOUTERBOUND(#2343,.T.);
#2345=IFCFACE((#2344));
#2346=IFCCARTESIANPOINT((876.29999999993481,404.30000000008909,1181.1000000000417));
#2347=IFCPOLYLOOP((#2346,#2341,#2337,#2336));
#2348=IFCFACEOUTERBOUND(#2347,.T.);
#2349=IFCFACE((#2348));
#2350=IFCCARTESIANPOINT((38.099999999906196,404.30000000008909,1181.1000000000417));
#2351=IFCPOLYLOOP((#2350,#2346,#2336,#2335));
#2352=IFCFACEOUTERBOUND(#2351,.T.);
#2353=IFCFACE((#2352));
#2354=IFCPOLYLOOP((#2342,#2350,#2335,#2334));
#2355=IFCFACEOUTERBOUND(#2354,.T.);
#2356=IFCFACE((#2355));
#2357=IFCPOLYLOOP((#2342,#2341,#2346,#2350));
#2358=IFCFACEOUTERBOUND(#2357,.T.);
#2359=IFCFACE((#2358));
#2360=IFCCARTESIANPOINT((876.29999999993447,385.24999999999403,38.099999999994722));
#2361=IFCCARTESIANPOINT((876.29999999993493,429.69999999999379,38.099999999994722));
#2362=IFCCARTESIANPOINT((38.099999999906196,429.69999999999652,38.099999999994722));
#2363=IFCCARTESIANPOINT((38.099999999905791,385.24999999999733,38.099999999994587));
#2364=IFCPOLYLOOP((#2360,#2361,#2362,#2363));
#2365=IFCFACEOUTERBOUND(#2364,.T.);
#2366=IFCFACE((#2365));
#2367=IFCCARTESIANPOINT((901.69999999993092,429.69999999999368,12.699999999998196));
#2368=IFCCARTESIANPOINT((901.69999999993115,385.24999999999392,12.699999999998196));
#2369=IFCCARTESIANPOINT((12.6999999999094,385.24999999999676,12.699999999998196));
#2370=IFCCARTESIANPOINT((12.699999999909332,429.6999999999972,12.699999999998196));
#2371=IFCPOLYLOOP((#2367,#2368,#2369,#2370));
#2372=IFCFACEOUTERBOUND(#2371,.T.);
#2373=IFCFACE((#2372));
#2374=IFCCARTESIANPOINT((38.099999999906196,429.69999999999652,1181.1000000000506));
#2375=IFCCARTESIANPOINT((38.099999999905727,385.24999999999733,1181.1000000000506));
#2376=IFCPOLYLOOP((#2363,#2362,#2374,#2375));
#2377=IFCFACEOUTERBOUND(#2376,.T.);
#2378=IFCFACE((#2377));
#2379=IFCCARTESIANPOINT((12.6999999999094,385.24999999999676,1206.5000000000471));
#2380=IFCCARTESIANPOINT((12.699999999909672,429.6999999999972,1206.5000000000468));
#2381=IFCPOLYLOOP((#2370,#2369,#2379,#2380));
#2382=IFCFACEOUTERBOUND(#2381,.T.);
#2383=IFCFACE((#2382));
#2384=IFCCARTESIANPOINT((876.29999999993481,429.69999999999379,1181.1000000000506));
#2385=IFCCARTESIANPOINT((876.29999999993447,385.24999999999403,1181.1000000000506));
#2386=IFCPOLYLOOP((#2375,#2374,#2384,#2385));
#2387=IFCFACEOUTERBOUND(#2386,.T.);
#2388=IFCFACE((#2387));
#2389=IFCCARTESIANPOINT((901.69999999993092,385.24999999999392,1206.5000000000471));
#2390=IFCCARTESIANPOINT((901.69999999993115,429.69999999999368,1206.5000000000471));
#2391=IFCPOLYLOOP((#2380,#2379,#2389,#2390));
#2392=IFCFACEOUTERBOUND(#2391,.T.);
#2393=IFCFACE((#2392));
#2394=IFCPOLYLOOP((#2385,#2384,#2361,#2360));
#2395=IFCFACEOUTERBOUND(#2394,.T.);
#2396=IFCFACE((#2395));
#2397=IFCPOLYLOOP((#2363,#2375,#2385,#2360));
#2398=IFCFACEBOUND(#2397,.T.);
#2399=IFCPOLYLOOP((#2368,#2389,#2379,#2369));
#2400=IFCFACEOUTERBOUND(#2399,.T.);
#2401=IFCFACE((#2398,#2400));
#2402=IFCPOLYLOOP((#2390,#2389,#2368,#2367));
#2403=IFCFACEOUTERBOUND(#2402,.T.);
#2404=IFCFACE((#2403));
#2405=IFCPOLYLOOP((#2370,#2380,#2390,#2367));
#2406=IFCFACEOUTERBOUND(#2405,.T.);
#2407=IFCPOLYLOOP((#2361,#2384,#2374,#2362));
#2408=IFCFACEBOUND(#2407,.T.);
#2409=IFCFACE((#2406,#2408));
#2410=IFCCARTESIANPOINT((0.,0.,1219.2000000000012));
#2411=IFCCARTESIANPOINT((914.40000000000009,0.,0.));
#2412=IFCCARTESIANPOINT((914.40000000000009,0.,1219.2000000000012));
#2413=IFCCARTESIANPOINT((901.6999999999307,0.,1206.5000000000466));
#2414=IFCCARTESIANPOINT((901.6999999999307,0.,12.699999999998873));
#2415=IFCCARTESIANPOINT((12.699999999910077,0.,12.699999999998873));
#2416=IFCCARTESIANPOINT((12.699999999910077,0.,1206.5000000000466));
#2417=IFCPOLYLOOP((#2410,#3,#2411,#2412));
#2418=IFCFACEOUTERBOUND(#2417,.T.);
#2419=IFCPOLYLOOP((#2413,#2414,#2415,#2416));
#2420=IFCFACEBOUND(#2419,.T.);
#2421=IFCFACE((#2418,#2420));
#2422=IFCCARTESIANPOINT((0.,321.75000000000006,1219.2000000000012));
#2423=IFCCARTESIANPOINT((914.40000000000009,321.75000000000006,1219.2000000000012));
#2424=IFCCARTESIANPOINT((914.40000000000009,321.75000000000006,0.));
#2425=IFCCARTESIANPOINT((0.,321.75000000000006,0.));
#2426=IFCCARTESIANPOINT((901.6999999999307,321.75000000000006,1206.5000000000466));
#2427=IFCCARTESIANPOINT((12.699999999910077,321.75000000000006,1206.5000000000466));
#2428=IFCCARTESIANPOINT((12.699999999910077,321.75000000000006,12.699999999998873));
#2429=IFCCARTESIANPOINT((901.6999999999307,321.75000000000006,12.699999999998873));
#2430=IFCPOLYLOOP((#2422,#2423,#2424,#2425));
#2431=IFCFACEOUTERBOUND(#2430,.T.);
#2432=IFCPOLYLOOP((#2426,#2427,#2428,#2429));
#2433=IFCFACEBOUND(#2432,.T.);
#2434=IFCFACE((#2431,#2433));
#2435=IFCPOLYLOOP((#3,#2410,#2422,#2425));
#2436=IFCFACEOUTERBOUND(#2435,.T.);
#2437=IFCFACE((#2436));
#2438=IFCPOLYLOOP((#2411,#3,#2425,#2424));
#2439=IFCFACEOUTERBOUND(#2438,.T.);
#2440=IFCFACE((#2439));
#2441=IFCPOLYLOOP((#2412,#2411,#2424,#2423));
#2442=IFCFACEOUTERBOUND(#2441,.T.);
#2443=IFCFACE((#2442));
#2444=IFCPOLYLOOP((#2410,#2412,#2423,#2422));
#2445=IFCFACEOUTERBOUND(#2444,.T.);
#2446=IFCFACE((#2445));
#2447=IFCPOLYLOOP((#2414,#2413,#2426,#2429));
#2448=IFCFACEOUTERBOUND(#2447,.T.);
#2449=IFCFACE((#2448));
#2450=IFCPOLYLOOP((#2415,#2414,#2429,#2428));
#2451=IFCFACEOUTERBOUND(#2450,.T.);
#2452=IFCFACE((#2451));
#2453=IFCPOLYLOOP((#2416,#2415,#2428,#2427));
#2454=IFCFACEOUTERBOUND(#2453,.T.);
#2455=IFCFACE((#2454));
#2456=IFCPOLYLOOP((#2413,#2416,#2427,#2426));
#2457=IFCFACEOUTERBOUND(#2456,.T.);
#2458=IFCFACE((#2457));
#2459=IFCCARTESIANPOINT((914.40000000000555,321.74999999997584,1219.1999999999957));
#2460=IFCCARTESIANPOINT((914.40000000000578,436.04999999999211,1219.199999999996));
#2461=IFCCARTESIANPOINT((0.,436.04999999999507,1219.199999999996));
#2462=IFCCARTESIANPOINT((0.,321.74999999997874,1219.199999999996));
#2463=IFCPOLYLOOP((#2459,#2460,#2461,#2462));
#2464=IFCFACEOUTERBOUND(#2463,.T.);
#2465=IFCFACE((#2464));
#2466=IFCCARTESIANPOINT((0.,436.04999999999507,0.));
#2467=IFCCARTESIANPOINT((0.,321.74999999997874,0.));
#2468=IFCPOLYLOOP((#2462,#2461,#2466,#2467));
#2469=IFCFACEOUTERBOUND(#2468,.T.);
#2470=IFCFACE((#2469));
#2471=IFCCARTESIANPOINT((914.400000000006,436.04999999999211,0.));
#2472=IFCCARTESIANPOINT((914.40000000000532,321.74999999997584,0.));
#2473=IFCPOLYLOOP((#2467,#2466,#2471,#2472));
#2474=IFCFACEOUTERBOUND(#2473,.T.);
#2475=IFCFACE((#2474));
#2476=IFCCARTESIANPOINT((882.65000000006921,321.7499999999759,1187.4500000000598));
#2477=IFCCARTESIANPOINT((882.65000000006899,321.7499999999759,31.749999999932143));
#2478=IFCCARTESIANPOINT((31.749999999938911,321.74999999997868,31.74999999993187));
#2479=IFCCARTESIANPOINT((31.749999999939046,321.74999999997868,1187.4500000000598));
#2480=IFCPOLYLOOP((#2462,#2467,#2472,#2459));
#2481=IFCFACEOUTERBOUND(#2480,.T.);
#2482=IFCPOLYLOOP((#2476,#2477,#2478,#2479));
#2483=IFCFACEBOUND(#2482,.T.);
#2484=IFCFACE((#2481,#2483));
#2485=IFCPOLYLOOP((#2472,#2471,#2460,#2459));
#2486=IFCFACEOUTERBOUND(#2485,.T.);
#2487=IFCFACE((#2486));
#2488=IFCCARTESIANPOINT((12.700000000003069,436.04999999999455,1206.4999999999961));
#2489=IFCCARTESIANPOINT((12.700000000003204,436.04999999999455,12.699999999995894));
#2490=IFCCARTESIANPOINT((901.70000000000607,436.04999999999217,12.699999999995624));
#2491=IFCCARTESIANPOINT((901.70000000000584,436.04999999999217,1206.4999999999961));
#2492=IFCPOLYLOOP((#2460,#2471,#2466,#2461));
#2493=IFCFACEOUTERBOUND(#2492,.T.);
#2494=IFCPOLYLOOP((#2488,#2489,#2490,#2491));
#2495=IFCFACEBOUND(#2494,.T.);
#2496=IFCFACE((#2493,#2495));
#2497=IFCCARTESIANPOINT((882.65000000006955,385.24999999999392,1187.4500000000598));
#2498=IFCCARTESIANPOINT((31.749999999939316,385.24999999999704,1187.4500000000598));
#2499=IFCPOLYLOOP((#2497,#2476,#2479,#2498));
#2500=IFCFACEOUTERBOUND(#2499,.T.);
#2501=IFCFACE((#2500));
#2502=IFCCARTESIANPOINT((901.70000000000584,385.24999999999392,1206.4999999999964));
#2503=IFCCARTESIANPOINT((12.70000000000246,385.24999999999682,1206.4999999999964));
#2504=IFCPOLYLOOP((#2491,#2502,#2503,#2488));
#2505=IFCFACEOUTERBOUND(#2504,.T.);
#2506=IFCFACE((#2505));
#2507=IFCCARTESIANPOINT((31.749999999939181,385.24999999999704,31.74999999993187));
#2508=IFCPOLYLOOP((#2498,#2479,#2478,#2507));
#2509=IFCFACEOUTERBOUND(#2508,.T.);
#2510=IFCFACE((#2509));
#2511=IFCCARTESIANPOINT((12.700000000002527,385.24999999999682,12.699999999995489));
#2512=IFCPOLYLOOP((#2488,#2503,#2511,#2489));
#2513=IFCFACEOUTERBOUND(#2512,.T.);
#2514=IFCFACE((#2513));
#2515=IFCCARTESIANPOINT((882.65000000006921,385.24999999999397,31.749999999932143));
#2516=IFCPOLYLOOP((#2507,#2478,#2477,#2515));
#2517=IFCFACEOUTERBOUND(#2516,.T.);
#2518=IFCFACE((#2517));
#2519=IFCCARTESIANPOINT((901.70000000000618,385.24999999999392,12.699999999995489));
#2520=IFCPOLYLOOP((#2489,#2511,#2519,#2490));
#2521=IFCFACEOUTERBOUND(#2520,.T.);
#2522=IFCFACE((#2521));
#2523=IFCPOLYLOOP((#2515,#2477,#2476,#2497));
#2524=IFCFACEOUTERBOUND(#2523,.T.);
#2525=IFCFACE((#2524));
#2526=IFCPOLYLOOP((#2498,#2507,#2515,#2497));
#2527=IFCFACEBOUND(#2526,.T.);
#2528=IFCPOLYLOOP((#2502,#2519,#2511,#2503));
#2529=IFCFACEOUTERBOUND(#2528,.T.);
#2530=IFCFACE((#2527,#2529));
#2531=IFCPOLYLOOP((#2490,#2519,#2502,#2491));
#2532=IFCFACEOUTERBOUND(#2531,.T.);
#2533=IFCFACE((#2532));
#2534=IFCCLOSEDSHELL((#2314,#2319,#2323,#2327,#2330,#2333));
#2535=IFCFACETEDBREP(#2534);
#2536=IFCCOLOURRGB($,0.96078431372549022,0.96078431372549022,0.95294117647058818);
#2537=IFCSURFACESTYLERENDERING(#2536,1.,$,$,$,$,IFCNORMALISEDRATIOMEASURE(0.5),IFCSPECULAREXPONENT(64.),.NOTDEFINED.);
#2538=IFCSURFACESTYLE('Glass',.BOTH.,(#2537));
#2539=IFCPRESENTATIONSTYLEASSIGNMENT((#2538));
#2540=IFCSTYLEDITEM(#2535,(#2539),$);
#2541=IFCCLOSEDSHELL((#2340,#2345,#2349,#2353,#2356,#2359));
#2542=IFCFACETEDBREP(#2541);
#2543=IFCSTYLEDITEM(#2542,(#2539),$);
#2544=IFCCLOSEDSHELL((#2366,#2373,#2378,#2383,#2388,#2393,#2396,#2401,#2404,#2409));
#2545=IFCFACETEDBREP(#2544);
#2546=IFCCOLOURRGB($,0.67843137254901964,0.51764705882352946,0.37647058823529411);
#2547=IFCSURFACESTYLERENDERING(#2546,0.,$,$,$,$,IFCNORMALISEDRATIOMEASURE(0.5),IFCSPECULAREXPONENT(128.),.NOTDEFINED.);
#2548=IFCSURFACESTYLE('Wood - Stained',.BOTH.,(#2547));
#2549=IFCPRESENTATIONSTYLEASSIGNMENT((#2548));
#2550=IFCSTYLEDITEM(#2545,(#2549),$);
#2551=IFCCLOSEDSHELL((#2421,#2434,#2437,#2440,#2443,#2446,#2449,#2452,#2455,#2458));
#2552=IFCFACETEDBREP(#2551);
#2553=IFCSTYLEDITEM(#2552,(#2549),$);
#2554=IFCCLOSEDSHELL((#2465,#2470,#2475,#2484,#2487,#2496,#2501,#2506,#2510,#2514,#2518,#2522,#2525,#2530,#2533));
#2555=IFCFACETEDBREP(#2554);
#2556=IFCSTYLEDITEM(#2555,(#2549),$);
#2557=IFCSHAPEREPRESENTATION(#24,'Body','Brep',(#2535,#2542,#2545,#2552,#2555));
#2558=IFCAXIS2PLACEMENT3D(#3,$,$);
#2559=IFCREPRESENTATIONMAP(#2558,#2557);
#2560=IFCWINDOWLININGPROPERTIES('0Qtcn7X097yu33tgNHTkS_',#18,'Window-Fixed:36" x 48":1224786',$,$,$,$,$,$,$,$,$,$);
#2561=IFCWINDOWSTYLE('3aPwi9IRhA0AylQEKXs0CN',#18,'Window-Fixed:36" x 48"',$,$,(#2560,#2588),(#2559),'479447',.NOTDEFINED.,.NOTDEFINED.,.F.,.F.);
#2562=IFCMATERIAL('Glass');
#2563=IFCPRESENTATIONSTYLEASSIGNMENT((#2538));
#2564=IFCSTYLEDITEM($,(#2563),$);
#2565=IFCSTYLEDREPRESENTATION(#22,'Style','Material',(#2564));
#2566=IFCMATERIALDEFINITIONREPRESENTATION($,$,(#2565),#2562);
#2567=IFCMATERIAL('Wood - Stained');
#2568=IFCPRESENTATIONSTYLEASSIGNMENT((#2548));
#2569=IFCSTYLEDITEM($,(#2568),$);
#2570=IFCSTYLEDREPRESENTATION(#22,'Style','Material',(#2569));
#2571=IFCMATERIALDEFINITIONREPRESENTATION($,$,(#2570),#2567);
#2572=IFCMATERIALLIST((#2562,#2567));
#2573=IFCMAPPEDITEM(#2559,#2294);
#2574=IFCSHAPEREPRESENTATION(#24,'Body','MappedRepresentation',(#2573));
#2575=IFCPRODUCTDEFINITIONSHAPE($,$,(#2574));
#2576=IFCCARTESIANPOINT((-3791.4999999999959,4377.0999999999813,914.40000000000111));
#2577=IFCAXIS2PLACEMENT3D(#2576,#9,#7);
#2579=IFCWINDOW('0Qtcn7X097yu33tgJHTkS_',#18,'Window-Fixed:36" x 48":1224786',$,'Window-Fixed:36" x 48"',#3988,#2575,'1224786',1219.2000000000016,914.40000000000009);
#2580=IFCPROPERTYSINGLEVALUE('Reference',$,IFCIDENTIFIER('36" x 48"'),$);
#2581=IFCPROPERTYSET('2o09rifkP6JqcD62cr2Og5',#18,'Pset_QuantityTakeOff',$,(#2580));
#2582=IFCPROPERTYSINGLEVALUE('FireRating',$,IFCLABEL('0.5h'),$);
#2583=IFCPROPERTYSET('0Ut6XGUuGxJzkTFd7LY7XF',#18,'Pset_WindowCommon',$,(#419,#2580,#2582));
#2584=IFCRELDEFINESBYPROPERTIES('3UerjiEZkZqPffCn7NkQQY',#18,$,$,(#2579),#2581);
#2585=IFCRELDEFINESBYPROPERTIES('3Djlm6nAFyeklkHJlM_jbX',#18,$,$,(#2579),#2583);
#2586=IFCCLASSIFICATIONREFERENCE('https://www.csiresources.org/standards/uniformat','B2020100','Windows',#28);
#2587=IFCPROPERTYSINGLEVALUE('FireRating',$,IFCLABEL('0.5h'),$);
#2588=IFCPROPERTYSET('2jS9zp$Sca3wsO0lHDO1QH',#18,'Pset_WindowCommon',$,(#2587));
#2589=IFCAXIS2PLACEMENT3D(#3,$,$);
#2591=IFCCARTESIANPOINT((6.3500000000339529,-6.3500000000268688));
#2592=IFCCARTESIANPOINT((571.49999999991087,-6.3500000000268688));
#2593=IFCCARTESIANPOINT((571.49999999991087,6.3499999999713745));
#2594=IFCCARTESIANPOINT((6.3500000000397732,6.3499999999714056));
#2595=IFCCARTESIANPOINT((6.3500000000397971,419.10000000001116));
#2596=IFCCARTESIANPOINT((-6.3499999999573831,419.10000000001116));
#2597=IFCCARTESIANPOINT((-6.349999999957407,6.3499999999799899));
#2598=IFCCARTESIANPOINT((-571.50000000006196,6.3499999999800503));
#2599=IFCCARTESIANPOINT((-571.50000000006196,-6.3500000000153944));
#2600=IFCCARTESIANPOINT((-6.3499999999646493,-6.3500000000154273));
#2601=IFCCARTESIANPOINT((-6.3499999999646732,-419.09999999992027));
#2602=IFCCARTESIANPOINT((6.3500000000339281,-419.09999999992027));
#2603=IFCPOLYLINE((#2591,#2592,#2593,#2594,#2595,#2596,#2597,#2598,#2599,#2600,#2601,#2602,#2591));
#2604=IFCARBITRARYCLOSEDPROFILEDEF(.AREA.,'Muntin Pattern_2x2',#2603);
#2605=IFCCARTESIANPOINT((0.,-22.224999999997468,571.49999999995566));
#2606=IFCAXIS2PLACEMENT3D(#2605,#7,#9);
#2607=IFCEXTRUDEDAREASOLID(#2604,#2606,#9,12.699999999996029);
#2608=IFCCARTESIANPOINT((6.3500000000099943,-6.3500000000240036));
#2609=IFCCARTESIANPOINT((571.49999999999943,-6.3500000000240036));
#2610=IFCCARTESIANPOINT((571.49999999999943,6.3499999999742593));
#2611=IFCCARTESIANPOINT((6.3500000000120922,6.3499999999742593));
#2612=IFCCARTESIANPOINT((6.3500000000120922,419.10000000000872));
#2613=IFCCARTESIANPOINT((-6.3499999999871184,419.10000000000872));
#2614=IFCCARTESIANPOINT((-6.3499999999871184,6.3499999999827192));
#2615=IFCCARTESIANPOINT((-571.50000000004457,6.3499999999827192));
#2616=IFCCARTESIANPOINT((-571.50000000004457,-6.3500000000189276));
#2617=IFCCARTESIANPOINT((-6.3499999999905024,-6.3500000000189276));
#2618=IFCCARTESIANPOINT((-6.3499999999905024,-419.09999999992277));
#2619=IFCCARTESIANPOINT((6.3500000000099943,-419.09999999992277));
#2620=IFCPOLYLINE((#2608,#2609,#2610,#2611,#2612,#2613,#2614,#2615,#2616,#2617,#2618,#2619,#2608));
#2621=IFCARBITRARYCLOSEDPROFILEDEF(.AREA.,'Muntin Pattern_2x2',#2620);
#2622=IFCCARTESIANPOINT((0.,9.5250000000182986,571.50000000004252));
#2623=IFCAXIS2PLACEMENT3D(#2622,#7,#9);
#2624=IFCEXTRUDEDAREASOLID(#2621,#2623,#9,12.699999999996065);
#2625=IFCCOLOURRGB($,0.96078431372549022,0.96078431372549022,0.95294117647058818);
#2626=IFCSURFACESTYLERENDERING(#2625,0.,$,$,$,$,IFCNORMALISEDRATIOMEASURE(0.5),IFCSPECULAREXPONENT(128.),.NOTDEFINED.);
#2627=IFCSURFACESTYLE('Clad - White',.BOTH.,(#2626));
#2628=IFCPRESENTATIONSTYLEASSIGNMENT((#2627));
#2629=IFCSTYLEDITEM(#2607,(#2628),$);
#2630=IFCSTYLEDITEM(#2624,(#2549),$);
#2631=IFCSHAPEREPRESENTATION(#24,'Body','SweptSolid',(#2607,#2624));
#2632=IFCAXIS2PLACEMENT3D(#3,$,$);
#2633=IFCREPRESENTATIONMAP(#2632,#2631);
#2634=IFCBUILDINGELEMENTPROXYTYPE('0Qtcn7X097yu33tgJHTkUy',#18,'Muntin Pattern_2x2:Muntin Pattern_2x2',$,$,$,(#2633),'341376',$,.NOTDEFINED.);
#2635=IFCMATERIAL('Clad - White');
#2636=IFCPRESENTATIONSTYLEASSIGNMENT((#2627));
#2637=IFCSTYLEDITEM($,(#2636),$);
#2638=IFCSTYLEDREPRESENTATION(#22,'Style','Material',(#2637));
#2639=IFCMATERIALDEFINITIONREPRESENTATION($,$,(#2638),#2635);
#2640=IFCMATERIALLIST((#2635,#2567));
#2641=IFCMAPPEDITEM(#2633,#2294);
#2642=IFCSHAPEREPRESENTATION(#24,'Body','MappedRepresentation',(#2641));
#2643=IFCPRODUCTDEFINITIONSHAPE($,$,(#2642));
#2644=IFCCARTESIANPOINT((-4198.9749999999985,4834.2999999999593,952.50000000000136));
#2645=IFCAXIS2PLACEMENT3D(#2644,#9,#8);
#2646=IFCLOCALPLACEMENT(#42,#2645);
#2647=IFCBUILDINGELEMENTPROXY('0Qtcn7X097yu33tgJHTkSv',#18,'Muntin Pattern_2x2:Muntin Pattern_2x2:1224789',$,'Muntin Pattern_2x2:Muntin Pattern_2x2',#2646,#2643,'1224789',$);
#2648=IFCPROPERTYSINGLEVALUE('Reference',$,IFCIDENTIFIER('Muntin Pattern_2x2'),$);
#2649=IFCPROPERTYSET('0IjBVC4h1GHapvxFLLJUwa',#18,'Pset_BuildingElementProxyCommon',$,(#2648));
#2650=IFCPROPERTYSET('3AZHM1d_CSBd_nhufImr3l',#18,'Pset_QuantityTakeOff',$,(#2648));
#2651=IFCRELDEFINESBYPROPERTIES('0keWo0LlNRO15km6th2yhM',#18,$,$,(#2647),#2649);
#2652=IFCRELDEFINESBYPROPERTIES('1O7Aer5PgeFvLjI_5YNctu',#18,$,$,(#2647),#2650);
#2653=IFCAXIS2PLACEMENT3D(#3,$,$);
#2655=IFCCARTESIANPOINT((0.,0.));
#2656=IFCAXIS2PLACEMENT2D(#2655,#11);
#2657=IFCRECTANGLEPROFILEDEF(.AREA.,'with Sill',#2656,1028.6999999999971,57.150000000002166);
#2658=IFCCARTESIANPOINT((0.,-1269.9573708847283,0.));
#2659=IFCAXIS2PLACEMENT3D(#2658,#9,#6);
#2660=IFCEXTRUDEDAREASOLID(#2657,#2659,#9,19.049999999999997);
#2661=IFCCARTESIANPOINT((-19.04999999999103,-15.989599102063305));
#2662=IFCCARTESIANPOINT((0.,-15.989599102063305));
#2663=IFCCARTESIANPOINT((0.,-6.421969986779831));
#2664=IFCCARTESIANPOINT((19.049999999972428,-6.421969986779831));
#2665=IFCCARTESIANPOINT((19.049999999972428,15.76040089793841));
#2666=IFCCARTESIANPOINT((0.,15.76040089793841));
#2667=IFCCARTESIANPOINT((-19.04999999999103,13.302336381810802));
#2668=IFCPOLYLINE((#2661,#2662,#2663,#2664,#2665,#2666,#2667,#2661));
#2669=IFCARBITRARYCLOSEDPROFILEDEF(.AREA.,'with Sill',#2668);
#2670=IFCCARTESIANPOINT((-527.04999999999245,-1234.9604008979447,19.049999999975977));
#2671=IFCAXIS2PLACEMENT3D(#2670,#5,#10);
#2672=IFCEXTRUDEDAREASOLID(#2669,#2671,#9,1054.1000000000042);
#2673=IFCCARTESIANPOINT((-652.46250000000055,-514.34999999999991));
#2674=IFCCARTESIANPOINT((623.88749999999948,-514.34999999999991));
#2675=IFCCARTESIANPOINT((623.88749999999948,-457.19999999999845));
#2676=IFCCARTESIANPOINT((-595.31249999999841,-457.1999999999984));
#2677=IFCCARTESIANPOINT((-595.31249999999841,457.20000000000113));
#2678=IFCCARTESIANPOINT((623.88749999999948,457.20000000000113));
#2679=IFCCARTESIANPOINT((623.88749999999925,514.34999999999718));
#2680=IFCCARTESIANPOINT((-652.46250000000089,514.34999999999718));
#2681=IFCPOLYLINE((#2673,#2674,#2675,#2676,#2677,#2678,#2679,#2680,#2673));
#2682=IFCARBITRARYCLOSEDPROFILEDEF(.AREA.,'with Sill',#2681);
#2683=IFCCARTESIANPOINT((0.,-595.31250000000682,0.));
#2684=IFCAXIS2PLACEMENT3D(#2683,#9,#8);
#2685=IFCEXTRUDEDAREASOLID(#2682,#2684,#9,19.049999999999997);
#2686=IFCSTYLEDITEM(#2660,(#2628),$);
#2687=IFCSTYLEDITEM(#2672,(#2628),$);
#2688=IFCSTYLEDITEM(#2685,(#2628),$);
#2689=IFCSHAPEREPRESENTATION(#24,'Body','SweptSolid',(#2660,#2672,#2685));
#2690=IFCAXIS2PLACEMENT3D(#3,$,$);
#2691=IFCREPRESENTATIONMAP(#2690,#2689);
#2692=IFCBUILDINGELEMENTPROXYTYPE('0Qtcn7X097yu33tgJHTkUz',#18,'Trim-Window-Exterior-Flat:with Sill',$,$,$,(#2691),'341362',$,.NOTDEFINED.);
#2693=IFCMAPPEDITEM(#2691,#2294);
#2694=IFCSHAPEREPRESENTATION(#24,'Body','MappedRepresentation',(#2693));
#2695=IFCPRODUCTDEFINITIONSHAPE($,$,(#2694));
#2696=IFCCARTESIANPOINT((-4208.4999999999964,4834.2999999999856,2133.6000000000108));
#2697=IFCAXIS2PLACEMENT3D(#2696,#6,#8);
#2698=IFCLOCALPLACEMENT(#42,#2697);
#2699=IFCBUILDINGELEMENTPROXY('0Qtcn7X097yu33tgJHTkSw',#18,'Trim-Window-Exterior-Flat:with Sill:1224790',$,'Trim-Window-Exterior-Flat:with Sill',#2698,#2695,'1224790',$);
#2700=IFCPROPERTYSINGLEVALUE('Reference',$,IFCIDENTIFIER('with Sill'),$);
#2701=IFCPROPERTYSET('0UhlOSvNiET86mNNzfvmo9',#18,'Pset_BuildingElementProxyCommon',$,(#2700));
#2702=IFCPROPERTYSET('1qx2B33p1$6bRTlpGGHzQH',#18,'Pset_QuantityTakeOff',$,(#2700));
#2703=IFCRELDEFINESBYPROPERTIES('3IZFcFWoG$gpgsUHvMEQey',#18,$,$,(#2699),#2701);
#2704=IFCRELDEFINESBYPROPERTIES('0m4ZrPTm$9aZxJwCmFbN9r',#18,$,$,(#2699),#2702);
#2705=IFCAXIS2PLACEMENT3D(#3,$,$);
#2707=IFCCARTESIANPOINT((-501.64999999999776,-654.04999999999507));
#2708=IFCCARTESIANPOINT((501.64999999999804,-654.04999999999507));
#2709=IFCCARTESIANPOINT((501.64999999999776,654.04999999999507));
#2710=IFCCARTESIANPOINT((-501.64999999999804,654.04999999999507));
#2711=IFCPOLYLINE((#2707,#2708,#2709,#2710,#2707));
#2712=IFCCARTESIANPOINT((-444.5000000000021,-596.89999999999259));
#2713=IFCCARTESIANPOINT((-444.50000000000222,596.899999999991));
#2714=IFCCARTESIANPOINT((444.49999999999761,596.899999999991));
#2715=IFCCARTESIANPOINT((444.49999999999778,-596.89999999999259));
#2716=IFCPOLYLINE((#2712,#2713,#2714,#2715,#2712));
#2717=IFCARBITRARYPROFILEDEFWITHVOIDS(.AREA.,'Picture Frame',#2711,(#2716));
#2718=IFCCARTESIANPOINT((0.,-609.60000000001764,0.));
#2719=IFCAXIS2PLACEMENT3D(#2718,#9,#6);
#2720=IFCEXTRUDEDAREASOLID(#2717,#2719,#9,31.749999999999993);
#2721=IFCSTYLEDITEM(#2720,(#2549),$);
#2722=IFCSHAPEREPRESENTATION(#24,'Body','SweptSolid',(#2720));
#2723=IFCAXIS2PLACEMENT3D(#3,$,$);
#2724=IFCREPRESENTATIONMAP(#2723,#2722);
#2725=IFCBUILDINGELEMENTPROXYTYPE('0Qtcn7X097yu33tgJHTkU_',#18,'Trim-Window-Interior-Flat:Picture Frame',$,$,$,(#2724),'341372',$,.NOTDEFINED.);
#2726=IFCMAPPEDITEM(#2724,#2294);
#2727=IFCSHAPEREPRESENTATION(#24,'Body','MappedRepresentation',(#2726));
#2728=IFCPRODUCTDEFINITIONSHAPE($,$,(#2727));
#2729=IFCCARTESIANPOINT((-3791.4999999999959,4834.2999999999738,2133.6000000000113));
#2730=IFCAXIS2PLACEMENT3D(#2729,#5,#7);
#2732=IFCCARTESIANPOINT((-3791.4999999999959,4834.2999999999738,2133.6000000000113));
#2733=IFCAXIS2PLACEMENT3D(#2732,#5,#7);
#2734=IFCLOCALPLACEMENT(#135,#2733);
#2735=IFCBUILDINGELEMENTPROXY('0Qtcn7X097yu33tgJHTkSx',#18,'Trim-Window-Interior-Flat:Picture Frame:1224791',$,'Trim-Window-Interior-Flat:Picture Frame',#2734,#2728,'1224791',$);
#2736=IFCPROPERTYSINGLEVALUE('Reference',$,IFCIDENTIFIER('Picture Frame'),$);
#2737=IFCPROPERTYSET('0sQgiDAXJhT$xLt1OiF9mO',#18,'Pset_BuildingElementProxyCommon',$,(#2736));
#2738=IFCPROPERTYSET('1DS3fJAAYLs2zCUcW$YV6x',#18,'Pset_QuantityTakeOff',$,(#2736));
#2739=IFCRELDEFINESBYPROPERTIES('2hqcPKJjIfpzBpotJguTtN',#18,$,$,(#2735),#2737);
#2740=IFCRELDEFINESBYPROPERTIES('0YmAOf5xVwSJJQUOlJkhSr',#18,$,$,(#2735),#2738);
#2741=IFCMAPPEDITEM(#2559,#2294);
#2742=IFCSHAPEREPRESENTATION(#24,'Body','MappedRepresentation',(#2741));
#2743=IFCPRODUCTDEFINITIONSHAPE($,$,(#2742));
#2744=IFCCARTESIANPOINT((-3791.4999999999959,708.49999999998511,914.40000000000111));
#2745=IFCAXIS2PLACEMENT3D(#2744,#9,#7);
#2747=IFCWINDOW('0Qtcn7X097yu33tgJHTkUm',#18,'Window-Fixed:36" x 48":1224924',$,'Window-Fixed:36" x 48"',#4003,#2743,'1224924',1219.2000000000016,914.40000000000009);
#2748=IFCPROPERTYSET('2PEOpzVGeWHo2p9MkgEJZW',#18,'Pset_QuantityTakeOff',$,(#2580));
#2749=IFCPROPERTYSINGLEVALUE('FireRating',$,IFCLABEL('0.5h'),$);
#2750=IFCPROPERTYSET('1cil35sLf_G7S_Pv$_7A2$',#18,'Pset_WindowCommon',$,(#419,#2580,#2749));
#2751=IFCRELDEFINESBYPROPERTIES('02UbkWR$UIiULCIxkBO$w7',#18,$,$,(#2747),#2748);
#2752=IFCRELDEFINESBYPROPERTIES('1YN8fbL4Ug$BcniCqAM$f$',#18,$,$,(#2747),#2750);
#2753=IFCMAPPEDITEM(#2633,#2294);
#2754=IFCSHAPEREPRESENTATION(#24,'Body','MappedRepresentation',(#2753));
#2755=IFCPRODUCTDEFINITIONSHAPE($,$,(#2754));
#2756=IFCCARTESIANPOINT((-4198.9749999999985,1165.6999999999623,952.50000000000136));
#2757=IFCAXIS2PLACEMENT3D(#2756,#9,#8);
#2758=IFCLOCALPLACEMENT(#42,#2757);
#2759=IFCBUILDINGELEMENTPROXY('0Qtcn7X097yu33tgJHTkUp',#18,'Muntin Pattern_2x2:Muntin Pattern_2x2:1224927',$,'Muntin Pattern_2x2:Muntin Pattern_2x2',#2758,#2755,'1224927',$);
#2760=IFCPROPERTYSET('018UpXMJkxpkccVUeradJL',#18,'Pset_BuildingElementProxyCommon',$,(#2648));
#2761=IFCPROPERTYSET('3V7$9b$WSG_lP6ZbD1dtFc',#18,'Pset_QuantityTakeOff',$,(#2648));
#2762=IFCRELDEFINESBYPROPERTIES('2MRRnEdZ_9z8XegtwXYiK4',#18,$,$,(#2759),#2760);
#2763=IFCRELDEFINESBYPROPERTIES('36TJSJdnZCaIiDvOzXzOqG',#18,$,$,(#2759),#2761);
#2764=IFCMAPPEDITEM(#2691,#2294);
#2765=IFCSHAPEREPRESENTATION(#24,'Body','MappedRepresentation',(#2764));
#2766=IFCPRODUCTDEFINITIONSHAPE($,$,(#2765));
#2767=IFCCARTESIANPOINT((-4208.4999999999964,1165.6999999999887,2133.6000000000108));
#2768=IFCAXIS2PLACEMENT3D(#2767,#6,#8);
#2769=IFCLOCALPLACEMENT(#42,#2768);
#2770=IFCBUILDINGELEMENTPROXY('0Qtcn7X097yu33tgJHTkUC',#18,'Trim-Window-Exterior-Flat:with Sill:1224928',$,'Trim-Window-Exterior-Flat:with Sill',#2769,#2766,'1224928',$);
#2771=IFCPROPERTYSET('34jDKzyVoL17WyCWtKdGlt',#18,'Pset_BuildingElementProxyCommon',$,(#2700));
#2772=IFCPROPERTYSET('2o6rehL9FKuA_UqDNOwUS8',#18,'Pset_QuantityTakeOff',$,(#2700));
#2773=IFCRELDEFINESBYPROPERTIES('28w9lC7QGYvyoOIHN5cw72',#18,$,$,(#2770),#2771);
#2774=IFCRELDEFINESBYPROPERTIES('2mLYRtZ5w1rmd8rwvln4JM',#18,$,$,(#2770),#2772);
#2775=IFCMAPPEDITEM(#2724,#2294);
#2776=IFCSHAPEREPRESENTATION(#24,'Body','MappedRepresentation',(#2775));
#2777=IFCPRODUCTDEFINITIONSHAPE($,$,(#2776));
#2778=IFCCARTESIANPOINT((-3791.4999999999959,1165.6999999999775,2133.6000000000113));
#2779=IFCAXIS2PLACEMENT3D(#2778,#5,#7);
#2781=IFCCARTESIANPOINT((-3791.4999999999959,1165.6999999999775,2133.6000000000113));
#2782=IFCAXIS2PLACEMENT3D(#2781,#5,#7);
#2783=IFCLOCALPLACEMENT(#135,#2782);
#2784=IFCBUILDINGELEMENTPROXY('0Qtcn7X097yu33tgJHTkUD',#18,'Trim-Window-Interior-Flat:Picture Frame:1224929',$,'Trim-Window-Interior-Flat:Picture Frame',#2783,#2777,'1224929',$);
#2785=IFCPROPERTYSET('2fQWE0YL3danq9RUPGl5Xe',#18,'Pset_BuildingElementProxyCommon',$,(#2736));
#2786=IFCPROPERTYSET('0NUGszm8vk1P2wxCAmZfEG',#18,'Pset_QuantityTakeOff',$,(#2736));
#2787=IFCRELDEFINESBYPROPERTIES('1UWSz_fTuzqk_0uW65YS3b',#18,$,$,(#2784),#2785);
#2788=IFCRELDEFINESBYPROPERTIES('3cYgh4qE4kErVXzu78fkNq',#18,$,$,(#2784),#2786);
#2789=IFCCARTESIANPOINT((6434.3428411517425,-1208.5000000000257));
#2790=IFCCARTESIANPOINT((-5805.2589419698988,-1208.4999999999861));
#2791=IFCPOLYLINE((#2789,#2790));
#2792=IFCGRIDAXIS('8',#2791,.T.);
#2793=IFCGEOMETRICCURVESET((#2791));
#2794=IFCCOLOURRGB($,0.,0.,0.);
#2795=IFCCURVESTYLE($,$,$,#2794);
#2796=IFCPRESENTATIONSTYLEASSIGNMENT((#2795));
#2797=IFCSTYLEDITEM(#2793,(#2796),$);
#2798=IFCCARTESIANPOINT((6434.3428411517689,7208.4999999999718));
#2799=IFCCARTESIANPOINT((-5805.2589419698706,7208.5000000000082));
#2800=IFCPOLYLINE((#2798,#2799));
#2801=IFCGRIDAXIS('10',#2800,.T.);
#2802=IFCGEOMETRICCURVESET((#2800));
#2803=IFCCOLOURRGB($,0.,0.,0.);
#2804=IFCCURVESTYLE($,$,$,#2803);
#2805=IFCPRESENTATIONSTYLEASSIGNMENT((#2804));
#2806=IFCSTYLEDITEM(#2802,(#2805),$);
#2807=IFCCARTESIANPOINT((152400.,2874.));
#2808=IFCCARTESIANPOINT((-152798.57246912958,2874.));
#2809=IFCPOLYLINE((#2807,#2808));
#2810=IFCGRIDAXIS('15',#2809,.T.);
#2811=IFCGEOMETRICCURVESET((#2809));
#2812=IFCCOLOURRGB($,0.,0.,0.);
#2813=IFCCURVESTYLE($,$,$,#2812);
#2814=IFCPRESENTATIONSTYLEASSIGNMENT((#2813));
#2815=IFCSTYLEDITEM(#2811,(#2814),$);
#2816=IFCCARTESIANPOINT((152400.,3126.));
#2817=IFCCARTESIANPOINT((-152798.57246912958,3126.));
#2818=IFCPOLYLINE((#2816,#2817));
#2819=IFCGRIDAXIS('16',#2818,.T.);
#2820=IFCGEOMETRICCURVESET((#2818));
#2821=IFCCOLOURRGB($,0.,0.,0.);
#2822=IFCCURVESTYLE($,$,$,#2821);
#2823=IFCPRESENTATIONSTYLEASSIGNMENT((#2822));
#2824=IFCSTYLEDITEM(#2820,(#2823),$);
#2825=IFCCARTESIANPOINT((4336.7890850012127,2586.));
#2826=IFCCARTESIANPOINT((62.,2586.));
#2827=IFCPOLYLINE((#2825,#2826));
#2828=IFCGRIDAXIS('17',#2827,.T.);
#2829=IFCGEOMETRICCURVESET((#2827));
#2830=IFCCOLOURRGB($,0.,0.,0.);
#2831=IFCCURVESTYLE($,$,$,#2830);
#2832=IFCPRESENTATIONSTYLEASSIGNMENT((#2831));
#2833=IFCSTYLEDITEM(#2829,(#2832),$);
#2834=IFCCARTESIANPOINT((4336.7890850012154,3414.));
#2835=IFCCARTESIANPOINT((62.,3414.));
#2836=IFCPOLYLINE((#2834,#2835));
#2837=IFCGRIDAXIS('18',#2836,.T.);
#2838=IFCGEOMETRICCURVESET((#2836));
#2839=IFCCOLOURRGB($,0.,0.,0.);
#2840=IFCCURVESTYLE($,$,$,#2839);
#2841=IFCPRESENTATIONSTYLEASSIGNMENT((#2840));
#2842=IFCSTYLEDITEM(#2838,(#2841),$);
#2843=IFCCARTESIANPOINT((4208.5000000000136,9435.0061832160518));
#2844=IFCCARTESIANPOINT((4208.4999999999936,-2625.0728218227782));
#2845=IFCPOLYLINE((#2843,#2844));
#2846=IFCGRIDAXIS('9',#2845,.T.);
#2847=IFCGEOMETRICCURVESET((#2845));
#2848=IFCCOLOURRGB($,0.,0.,0.);
#2849=IFCCURVESTYLE($,$,$,#2848);
#2850=IFCPRESENTATIONSTYLEASSIGNMENT((#2849));
#2851=IFCSTYLEDITEM(#2847,(#2850),$);
#2852=IFCCARTESIANPOINT((-4208.4999999999864,9435.0061832160645));
#2853=IFCCARTESIANPOINT((-4208.5000000000064,-2625.072821822765));
#2854=IFCPOLYLINE((#2852,#2853));
#2855=IFCGRIDAXIS('7',#2854,.T.);
#2856=IFCGEOMETRICCURVESET((#2854));
#2857=IFCCOLOURRGB($,0.,0.,0.);
#2858=IFCCURVESTYLE($,$,$,#2857);
#2859=IFCPRESENTATIONSTYLEASSIGNMENT((#2858));
#2860=IFCSTYLEDITEM(#2856,(#2859),$);
#2861=IFCCARTESIANPOINT((62.,7650.8051367088028));
#2862=IFCCARTESIANPOINT((62.,-1100.4316020733406));
#2863=IFCPOLYLINE((#2861,#2862));
#2864=IFCGRIDAXIS('23',#2863,.T.);
#2865=IFCGEOMETRICCURVESET((#2863));
#2866=IFCCOLOURRGB($,0.,0.,0.);
#2867=IFCCURVESTYLE($,$,$,#2866);
#2868=IFCPRESENTATIONSTYLEASSIGNMENT((#2867));
#2869=IFCSTYLEDITEM(#2865,(#2868),$);
#2870=IFCCARTESIANPOINT((-62.,7650.8051367088028));
#2871=IFCCARTESIANPOINT((-62.,-1100.4316020733406));
#2872=IFCPOLYLINE((#2870,#2871));
#2873=IFCGRIDAXIS('24',#2872,.T.);
#2874=IFCGEOMETRICCURVESET((#2872));
#2875=IFCCOLOURRGB($,0.,0.,0.);
#2876=IFCCURVESTYLE($,$,$,#2875);
#2877=IFCPRESENTATIONSTYLEASSIGNMENT((#2876));
#2878=IFCSTYLEDITEM(#2874,(#2877),$);
#2879=IFCCARTESIANPOINT((1322.,-152400.));
#2880=IFCCARTESIANPOINT((1322.,152400.));
#2881=IFCPOLYLINE((#2879,#2880));
#2882=IFCGRIDAXIS('13',#2881,.T.);
#2883=IFCGEOMETRICCURVESET((#2881));
#2884=IFCCOLOURRGB($,0.,0.,0.);
#2885=IFCCURVESTYLE($,$,$,#2884);
#2886=IFCPRESENTATIONSTYLEASSIGNMENT((#2885));
#2887=IFCSTYLEDITEM(#2883,(#2886),$);
#2888=IFCCARTESIANPOINT((1531.5000000001664,-152400.));
#2889=IFCCARTESIANPOINT((1531.4999999997635,152400.));
#2890=IFCPOLYLINE((#2888,#2889));
#2891=IFCGRIDAXIS('14',#2890,.T.);
#2892=IFCGEOMETRICCURVESET((#2890));
#2893=IFCCOLOURRGB($,0.,0.,0.);
#2894=IFCCURVESTYLE($,$,$,#2893);
#2895=IFCPRESENTATIONSTYLEASSIGNMENT((#2894));
#2896=IFCSTYLEDITEM(#2892,(#2895),$);
#2897=IFCSHAPEREPRESENTATION(#26,'FootPrint','GeometricCurveSet',(#2793,#2802,#2811,#2820,#2829,#2838,#2847,#2856,#2865,#2874,#2883,#2892));
#2898=IFCPRODUCTDEFINITIONSHAPE($,$,(#2897));
#2899=IFCLOCALPLACEMENT(#30,#34);
#2900=IFCGRID('0THjc21llcAwzUhwCycYMA',#18,'Default Grid',$,$,#2899,#2898,(#2792,#2801,#2810,#2819,#2828,#2837),(#2846,#2855,#2864,#2873),(#2882,#2891));
#2901=IFCCARTESIANPOINT((6434.3428411517425,-1208.5000000000257));
#2902=IFCCARTESIANPOINT((-5805.2589419698988,-1208.4999999999861));
#2903=IFCPOLYLINE((#2901,#2902));
#2904=IFCGRIDAXIS('8',#2903,.T.);
#2905=IFCGEOMETRICCURVESET((#2903));
#2906=IFCCOLOURRGB($,0.,0.,0.);
#2907=IFCCURVESTYLE($,$,$,#2906);
#2908=IFCPRESENTATIONSTYLEASSIGNMENT((#2907));
#2909=IFCSTYLEDITEM(#2905,(#2908),$);
#2910=IFCCARTESIANPOINT((6434.3428411517689,7208.4999999999718));
#2911=IFCCARTESIANPOINT((-5805.2589419698706,7208.5000000000082));
#2912=IFCPOLYLINE((#2910,#2911));
#2913=IFCGRIDAXIS('10',#2912,.T.);
#2914=IFCGEOMETRICCURVESET((#2912));
#2915=IFCCOLOURRGB($,0.,0.,0.);
#2916=IFCCURVESTYLE($,$,$,#2915);
#2917=IFCPRESENTATIONSTYLEASSIGNMENT((#2916));
#2918=IFCSTYLEDITEM(#2914,(#2917),$);
#2919=IFCCARTESIANPOINT((152400.,2874.));
#2920=IFCCARTESIANPOINT((-152798.57246912958,2874.));
#2921=IFCPOLYLINE((#2919,#2920));
#2922=IFCGRIDAXIS('15',#2921,.T.);
#2923=IFCGEOMETRICCURVESET((#2921));
#2924=IFCCOLOURRGB($,0.,0.,0.);
#2925=IFCCURVESTYLE($,$,$,#2924);
#2926=IFCPRESENTATIONSTYLEASSIGNMENT((#2925));
#2927=IFCSTYLEDITEM(#2923,(#2926),$);
#2928=IFCCARTESIANPOINT((152400.,3126.));
#2929=IFCCARTESIANPOINT((-152798.57246912958,3126.));
#2930=IFCPOLYLINE((#2928,#2929));
#2931=IFCGRIDAXIS('16',#2930,.T.);
#2932=IFCGEOMETRICCURVESET((#2930));
#2933=IFCCOLOURRGB($,0.,0.,0.);
#2934=IFCCURVESTYLE($,$,$,#2933);
#2935=IFCPRESENTATIONSTYLEASSIGNMENT((#2934));
#2936=IFCSTYLEDITEM(#2932,(#2935),$);
#2937=IFCCARTESIANPOINT((4336.7890850012127,2586.));
#2938=IFCCARTESIANPOINT((62.,2586.));
#2939=IFCPOLYLINE((#2937,#2938));
#2940=IFCGRIDAXIS('17',#2939,.T.);
#2941=IFCGEOMETRICCURVESET((#2939));
#2942=IFCCOLOURRGB($,0.,0.,0.);
#2943=IFCCURVESTYLE($,$,$,#2942);
#2944=IFCPRESENTATIONSTYLEASSIGNMENT((#2943));
#2945=IFCSTYLEDITEM(#2941,(#2944),$);
#2946=IFCCARTESIANPOINT((4336.7890850012154,3414.));
#2947=IFCCARTESIANPOINT((62.,3414.));
#2948=IFCPOLYLINE((#2946,#2947));
#2949=IFCGRIDAXIS('18',#2948,.T.);
#2950=IFCGEOMETRICCURVESET((#2948));
#2951=IFCCOLOURRGB($,0.,0.,0.);
#2952=IFCCURVESTYLE($,$,$,#2951);
#2953=IFCPRESENTATIONSTYLEASSIGNMENT((#2952));
#2954=IFCSTYLEDITEM(#2950,(#2953),$);
#2955=IFCCARTESIANPOINT((4208.5000000000136,9435.0061832160518));
#2956=IFCCARTESIANPOINT((4208.4999999999936,-2625.0728218227782));
#2957=IFCPOLYLINE((#2955,#2956));
#2958=IFCGRIDAXIS('9',#2957,.T.);
#2959=IFCGEOMETRICCURVESET((#2957));
#2960=IFCCOLOURRGB($,0.,0.,0.);
#2961=IFCCURVESTYLE($,$,$,#2960);
#2962=IFCPRESENTATIONSTYLEASSIGNMENT((#2961));
#2963=IFCSTYLEDITEM(#2959,(#2962),$);
#2964=IFCCARTESIANPOINT((-4208.4999999999864,9435.0061832160645));
#2965=IFCCARTESIANPOINT((-4208.5000000000064,-2625.072821822765));
#2966=IFCPOLYLINE((#2964,#2965));
#2967=IFCGRIDAXIS('7',#2966,.T.);
#2968=IFCGEOMETRICCURVESET((#2966));
#2969=IFCCOLOURRGB($,0.,0.,0.);
#2970=IFCCURVESTYLE($,$,$,#2969);
#2971=IFCPRESENTATIONSTYLEASSIGNMENT((#2970));
#2972=IFCSTYLEDITEM(#2968,(#2971),$);
#2973=IFCCARTESIANPOINT((62.,7650.8051367088028));
#2974=IFCCARTESIANPOINT((62.,-1100.4316020733406));
#2975=IFCPOLYLINE((#2973,#2974));
#2976=IFCGRIDAXIS('23',#2975,.T.);
#2977=IFCGEOMETRICCURVESET((#2975));
#2978=IFCCOLOURRGB($,0.,0.,0.);
#2979=IFCCURVESTYLE($,$,$,#2978);
#2980=IFCPRESENTATIONSTYLEASSIGNMENT((#2979));
#2981=IFCSTYLEDITEM(#2977,(#2980),$);
#2982=IFCCARTESIANPOINT((-62.,7650.8051367088028));
#2983=IFCCARTESIANPOINT((-62.,-1100.4316020733406));
#2984=IFCPOLYLINE((#2982,#2983));
#2985=IFCGRIDAXIS('24',#2984,.T.);
#2986=IFCGEOMETRICCURVESET((#2984));
#2987=IFCCOLOURRGB($,0.,0.,0.);
#2988=IFCCURVESTYLE($,$,$,#2987);
#2989=IFCPRESENTATIONSTYLEASSIGNMENT((#2988));
#2990=IFCSTYLEDITEM(#2986,(#2989),$);
#2991=IFCCARTESIANPOINT((1322.,-152400.));
#2992=IFCCARTESIANPOINT((1322.,152400.));
#2993=IFCPOLYLINE((#2991,#2992));
#2994=IFCGRIDAXIS('13',#2993,.T.);
#2995=IFCGEOMETRICCURVESET((#2993));
#2996=IFCCOLOURRGB($,0.,0.,0.);
#2997=IFCCURVESTYLE($,$,$,#2996);
#2998=IFCPRESENTATIONSTYLEASSIGNMENT((#2997));
#2999=IFCSTYLEDITEM(#2995,(#2998),$);
#3000=IFCCARTESIANPOINT((1531.5000000001664,-152400.));
#3001=IFCCARTESIANPOINT((1531.4999999997635,152400.));
#3002=IFCPOLYLINE((#3000,#3001));
#3003=IFCGRIDAXIS('14',#3002,.T.);
#3004=IFCGEOMETRICCURVESET((#3002));
#3005=IFCCOLOURRGB($,0.,0.,0.);
#3006=IFCCURVESTYLE($,$,$,#3005);
#3007=IFCPRESENTATIONSTYLEASSIGNMENT((#3006));
#3008=IFCSTYLEDITEM(#3004,(#3007),$);
#3009=IFCSHAPEREPRESENTATION(#26,'FootPrint','GeometricCurveSet',(#2905,#2914,#2923,#2932,#2941,#2950,#2959,#2968,#2977,#2986,#2995,#3004));
#3010=IFCPRODUCTDEFINITIONSHAPE($,$,(#3009));
#3011=IFCLOCALPLACEMENT(#30,#38);
#3012=IFCGRID('3RcGjlHjjZF6r2CTnd3DUU',#18,'Default Grid',$,$,#3011,#3010,(#2904,#2913,#2922,#2931,#2940,#2949),(#2958,#2967,#2976,#2985),(#2994,#3003));
#3013=IFCCARTESIANPOINT((6434.3428411517425,-1208.5000000000257));
#3014=IFCCARTESIANPOINT((-5805.2589419698988,-1208.4999999999861));
#3015=IFCPOLYLINE((#3013,#3014));
#3016=IFCGRIDAXIS('8',#3015,.T.);
#3017=IFCGEOMETRICCURVESET((#3015));
#3018=IFCCOLOURRGB($,0.,0.,0.);
#3019=IFCCURVESTYLE($,$,$,#3018);
#3020=IFCPRESENTATIONSTYLEASSIGNMENT((#3019));
#3021=IFCSTYLEDITEM(#3017,(#3020),$);
#3022=IFCCARTESIANPOINT((6434.3428411517689,7208.4999999999718));
#3023=IFCCARTESIANPOINT((-5805.2589419698706,7208.5000000000082));
#3024=IFCPOLYLINE((#3022,#3023));
#3025=IFCGRIDAXIS('10',#3024,.T.);
#3026=IFCGEOMETRICCURVESET((#3024));
#3027=IFCCOLOURRGB($,0.,0.,0.);
#3028=IFCCURVESTYLE($,$,$,#3027);
#3029=IFCPRESENTATIONSTYLEASSIGNMENT((#3028));
#3030=IFCSTYLEDITEM(#3026,(#3029),$);
#3031=IFCCARTESIANPOINT((152400.,2874.));
#3032=IFCCARTESIANPOINT((-152798.57246912958,2874.));
#3033=IFCPOLYLINE((#3031,#3032));
#3034=IFCGRIDAXIS('15',#3033,.T.);
#3035=IFCGEOMETRICCURVESET((#3033));
#3036=IFCCOLOURRGB($,0.,0.,0.);
#3037=IFCCURVESTYLE($,$,$,#3036);
#3038=IFCPRESENTATIONSTYLEASSIGNMENT((#3037));
#3039=IFCSTYLEDITEM(#3035,(#3038),$);
#3040=IFCCARTESIANPOINT((152400.,3126.));
#3041=IFCCARTESIANPOINT((-152798.57246912958,3126.));
#3042=IFCPOLYLINE((#3040,#3041));
#3043=IFCGRIDAXIS('16',#3042,.T.);
#3044=IFCGEOMETRICCURVESET((#3042));
#3045=IFCCOLOURRGB($,0.,0.,0.);
#3046=IFCCURVESTYLE($,$,$,#3045);
#3047=IFCPRESENTATIONSTYLEASSIGNMENT((#3046));
#3048=IFCSTYLEDITEM(#3044,(#3047),$);
#3049=IFCCARTESIANPOINT((4336.7890850012127,2586.));
#3050=IFCCARTESIANPOINT((62.,2586.));
#3051=IFCPOLYLINE((#3049,#3050));
#3052=IFCGRIDAXIS('17',#3051,.T.);
#3053=IFCGEOMETRICCURVESET((#3051));
#3054=IFCCOLOURRGB($,0.,0.,0.);
#3055=IFCCURVESTYLE($,$,$,#3054);
#3056=IFCPRESENTATIONSTYLEASSIGNMENT((#3055));
#3057=IFCSTYLEDITEM(#3053,(#3056),$);
#3058=IFCCARTESIANPOINT((4336.7890850012154,3414.));
#3059=IFCCARTESIANPOINT((62.,3414.));
#3060=IFCPOLYLINE((#3058,#3059));
#3061=IFCGRIDAXIS('18',#3060,.T.);
#3062=IFCGEOMETRICCURVESET((#3060));
#3063=IFCCOLOURRGB($,0.,0.,0.);
#3064=IFCCURVESTYLE($,$,$,#3063);
#3065=IFCPRESENTATIONSTYLEASSIGNMENT((#3064));
#3066=IFCSTYLEDITEM(#3062,(#3065),$);
#3067=IFCCARTESIANPOINT((4208.5000000000136,9435.0061832160518));
#3068=IFCCARTESIANPOINT((4208.4999999999936,-2625.0728218227782));
#3069=IFCPOLYLINE((#3067,#3068));
#3070=IFCGRIDAXIS('9',#3069,.T.);
#3071=IFCGEOMETRICCURVESET((#3069));
#3072=IFCCOLOURRGB($,0.,0.,0.);
#3073=IFCCURVESTYLE($,$,$,#3072);
#3074=IFCPRESENTATIONSTYLEASSIGNMENT((#3073));
#3075=IFCSTYLEDITEM(#3071,(#3074),$);
#3076=IFCCARTESIANPOINT((-4208.4999999999864,9435.0061832160645));
#3077=IFCCARTESIANPOINT((-4208.5000000000064,-2625.072821822765));
#3078=IFCPOLYLINE((#3076,#3077));
#3079=IFCGRIDAXIS('7',#3078,.T.);
#3080=IFCGEOMETRICCURVESET((#3078));
#3081=IFCCOLOURRGB($,0.,0.,0.);
#3082=IFCCURVESTYLE($,$,$,#3081);
#3083=IFCPRESENTATIONSTYLEASSIGNMENT((#3082));
#3084=IFCSTYLEDITEM(#3080,(#3083),$);
#3085=IFCCARTESIANPOINT((62.,7650.8051367088028));
#3086=IFCCARTESIANPOINT((62.,-1100.4316020733406));
#3087=IFCPOLYLINE((#3085,#3086));
#3088=IFCGRIDAXIS('23',#3087,.T.);
#3089=IFCGEOMETRICCURVESET((#3087));
#3090=IFCCOLOURRGB($,0.,0.,0.);
#3091=IFCCURVESTYLE($,$,$,#3090);
#3092=IFCPRESENTATIONSTYLEASSIGNMENT((#3091));
#3093=IFCSTYLEDITEM(#3089,(#3092),$);
#3094=IFCCARTESIANPOINT((-62.,7650.8051367088028));
#3095=IFCCARTESIANPOINT((-62.,-1100.4316020733406));
#3096=IFCPOLYLINE((#3094,#3095));
#3097=IFCGRIDAXIS('24',#3096,.T.);
#3098=IFCGEOMETRICCURVESET((#3096));
#3099=IFCCOLOURRGB($,0.,0.,0.);
#3100=IFCCURVESTYLE($,$,$,#3099);
#3101=IFCPRESENTATIONSTYLEASSIGNMENT((#3100));
#3102=IFCSTYLEDITEM(#3098,(#3101),$);
#3103=IFCCARTESIANPOINT((1322.,-152400.));
#3104=IFCCARTESIANPOINT((1322.,152400.));
#3105=IFCPOLYLINE((#3103,#3104));
#3106=IFCGRIDAXIS('13',#3105,.T.);
#3107=IFCGEOMETRICCURVESET((#3105));
#3108=IFCCOLOURRGB($,0.,0.,0.);
#3109=IFCCURVESTYLE($,$,$,#3108);
#3110=IFCPRESENTATIONSTYLEASSIGNMENT((#3109));
#3111=IFCSTYLEDITEM(#3107,(#3110),$);
#3112=IFCCARTESIANPOINT((1531.5000000001664,-152400.));
#3113=IFCCARTESIANPOINT((1531.4999999997635,152400.));
#3114=IFCPOLYLINE((#3112,#3113));
#3115=IFCGRIDAXIS('14',#3114,.T.);
#3116=IFCGEOMETRICCURVESET((#3114));
#3117=IFCCOLOURRGB($,0.,0.,0.);
#3118=IFCCURVESTYLE($,$,$,#3117);
#3119=IFCPRESENTATIONSTYLEASSIGNMENT((#3118));
#3120=IFCSTYLEDITEM(#3116,(#3119),$);
#3121=IFCSHAPEREPRESENTATION(#26,'FootPrint','GeometricCurveSet',(#3017,#3026,#3035,#3044,#3053,#3062,#3071,#3080,#3089,#3098,#3107,#3116));
#3122=IFCPRODUCTDEFINITIONSHAPE($,$,(#3121));
#3123=IFCLOCALPLACEMENT(#30,#41);
#3124=IFCGRID('2t9Af4Zn_h4XYyiD_caTZj',#18,'Default Grid',$,$,#3123,#3122,(#3016,#3025,#3034,#3043,#3052,#3061),(#3070,#3079,#3088,#3097),(#3106,#3115));
#3125=IFCCARTESIANPOINT((6434.3428411517425,-1208.5000000000257));
#3126=IFCCARTESIANPOINT((-5805.2589419698988,-1208.4999999999861));
#3127=IFCPOLYLINE((#3125,#3126));
#3128=IFCGRIDAXIS('8',#3127,.T.);
#3129=IFCGEOMETRICCURVESET((#3127));
#3130=IFCCOLOURRGB($,0.,0.,0.);
#3131=IFCCURVESTYLE($,$,$,#3130);
#3132=IFCPRESENTATIONSTYLEASSIGNMENT((#3131));
#3133=IFCSTYLEDITEM(#3129,(#3132),$);
#3134=IFCCARTESIANPOINT((6434.3428411517689,7208.4999999999718));
#3135=IFCCARTESIANPOINT((-5805.2589419698706,7208.5000000000082));
#3136=IFCPOLYLINE((#3134,#3135));
#3137=IFCGRIDAXIS('10',#3136,.T.);
#3138=IFCGEOMETRICCURVESET((#3136));
#3139=IFCCOLOURRGB($,0.,0.,0.);
#3140=IFCCURVESTYLE($,$,$,#3139);
#3141=IFCPRESENTATIONSTYLEASSIGNMENT((#3140));
#3142=IFCSTYLEDITEM(#3138,(#3141),$);
#3143=IFCCARTESIANPOINT((152400.,2874.));
#3144=IFCCARTESIANPOINT((-152798.57246912958,2874.));
#3145=IFCPOLYLINE((#3143,#3144));
#3146=IFCGRIDAXIS('15',#3145,.T.);
#3147=IFCGEOMETRICCURVESET((#3145));
#3148=IFCCOLOURRGB($,0.,0.,0.);
#3149=IFCCURVESTYLE($,$,$,#3148);
#3150=IFCPRESENTATIONSTYLEASSIGNMENT((#3149));
#3151=IFCSTYLEDITEM(#3147,(#3150),$);
#3152=IFCCARTESIANPOINT((152400.,3126.));
#3153=IFCCARTESIANPOINT((-152798.57246912958,3126.));
#3154=IFCPOLYLINE((#3152,#3153));
#3155=IFCGRIDAXIS('16',#3154,.T.);
#3156=IFCGEOMETRICCURVESET((#3154));
#3157=IFCCOLOURRGB($,0.,0.,0.);
#3158=IFCCURVESTYLE($,$,$,#3157);
#3159=IFCPRESENTATIONSTYLEASSIGNMENT((#3158));
#3160=IFCSTYLEDITEM(#3156,(#3159),$);
#3161=IFCCARTESIANPOINT((4336.7890850012127,2586.));
#3162=IFCCARTESIANPOINT((62.,2586.));
#3163=IFCPOLYLINE((#3161,#3162));
#3164=IFCGRIDAXIS('17',#3163,.T.);
#3165=IFCGEOMETRICCURVESET((#3163));
#3166=IFCCOLOURRGB($,0.,0.,0.);
#3167=IFCCURVESTYLE($,$,$,#3166);
#3168=IFCPRESENTATIONSTYLEASSIGNMENT((#3167));
#3169=IFCSTYLEDITEM(#3165,(#3168),$);
#3170=IFCCARTESIANPOINT((4336.7890850012154,3414.));
#3171=IFCCARTESIANPOINT((62.,3414.));
#3172=IFCPOLYLINE((#3170,#3171));
#3173=IFCGRIDAXIS('18',#3172,.T.);
#3174=IFCGEOMETRICCURVESET((#3172));
#3175=IFCCOLOURRGB($,0.,0.,0.);
#3176=IFCCURVESTYLE($,$,$,#3175);
#3177=IFCPRESENTATIONSTYLEASSIGNMENT((#3176));
#3178=IFCSTYLEDITEM(#3174,(#3177),$);
#3179=IFCCARTESIANPOINT((4208.5000000000136,9435.0061832160518));
#3180=IFCCARTESIANPOINT((4208.4999999999936,-2625.0728218227782));
#3181=IFCPOLYLINE((#3179,#3180));
#3182=IFCGRIDAXIS('9',#3181,.T.);
#3183=IFCGEOMETRICCURVESET((#3181));
#3184=IFCCOLOURRGB($,0.,0.,0.);
#3185=IFCCURVESTYLE($,$,$,#3184);
#3186=IFCPRESENTATIONSTYLEASSIGNMENT((#3185));
#3187=IFCSTYLEDITEM(#3183,(#3186),$);
#3188=IFCCARTESIANPOINT((-4208.4999999999864,9435.0061832160645));
#3189=IFCCARTESIANPOINT((-4208.5000000000064,-2625.072821822765));
#3190=IFCPOLYLINE((#3188,#3189));
#3191=IFCGRIDAXIS('7',#3190,.T.);
#3192=IFCGEOMETRICCURVESET((#3190));
#3193=IFCCOLOURRGB($,0.,0.,0.);
#3194=IFCCURVESTYLE($,$,$,#3193);
#3195=IFCPRESENTATIONSTYLEASSIGNMENT((#3194));
#3196=IFCSTYLEDITEM(#3192,(#3195),$);
#3197=IFCCARTESIANPOINT((62.,7650.8051367088028));
#3198=IFCCARTESIANPOINT((62.,-1100.4316020733406));
#3199=IFCPOLYLINE((#3197,#3198));
#3200=IFCGRIDAXIS('23',#3199,.T.);
#3201=IFCGEOMETRICCURVESET((#3199));
#3202=IFCCOLOURRGB($,0.,0.,0.);
#3203=IFCCURVESTYLE($,$,$,#3202);
#3204=IFCPRESENTATIONSTYLEASSIGNMENT((#3203));
#3205=IFCSTYLEDITEM(#3201,(#3204),$);
#3206=IFCCARTESIANPOINT((-62.,7650.8051367088028));
#3207=IFCCARTESIANPOINT((-62.,-1100.4316020733406));
#3208=IFCPOLYLINE((#3206,#3207));
#3209=IFCGRIDAXIS('24',#3208,.T.);
#3210=IFCGEOMETRICCURVESET((#3208));
#3211=IFCCOLOURRGB($,0.,0.,0.);
#3212=IFCCURVESTYLE($,$,$,#3211);
#3213=IFCPRESENTATIONSTYLEASSIGNMENT((#3212));
#3214=IFCSTYLEDITEM(#3210,(#3213),$);
#3215=IFCCARTESIANPOINT((1322.,-152400.));
#3216=IFCCARTESIANPOINT((1322.,152400.));
#3217=IFCPOLYLINE((#3215,#3216));
#3218=IFCGRIDAXIS('13',#3217,.T.);
#3219=IFCGEOMETRICCURVESET((#3217));
#3220=IFCCOLOURRGB($,0.,0.,0.);
#3221=IFCCURVESTYLE($,$,$,#3220);
#3222=IFCPRESENTATIONSTYLEASSIGNMENT((#3221));
#3223=IFCSTYLEDITEM(#3219,(#3222),$);
#3224=IFCCARTESIANPOINT((1531.5000000001664,-152400.));
#3225=IFCCARTESIANPOINT((1531.4999999997635,152400.));
#3226=IFCPOLYLINE((#3224,#3225));
#3227=IFCGRIDAXIS('14',#3226,.T.);
#3228=IFCGEOMETRICCURVESET((#3226));
#3229=IFCCOLOURRGB($,0.,0.,0.);
#3230=IFCCURVESTYLE($,$,$,#3229);
#3231=IFCPRESENTATIONSTYLEASSIGNMENT((#3230));
#3232=IFCSTYLEDITEM(#3228,(#3231),$);
#3233=IFCSHAPEREPRESENTATION(#26,'FootPrint','GeometricCurveSet',(#3129,#3138,#3147,#3156,#3165,#3174,#3183,#3192,#3201,#3210,#3219,#3228));
#3234=IFCPRODUCTDEFINITIONSHAPE($,$,(#3233));
#3235=IFCLOCALPLACEMENT(#30,#45);
#3236=IFCGRID('2i9Pw8YCGjTnIx0qK5RVbZ',#18,'Default Grid',$,$,#3235,#3234,(#3128,#3137,#3146,#3155,#3164,#3173),(#3182,#3191,#3200,#3209),(#3218,#3227));
#3237=IFCCARTESIANPOINT((6434.3428411517425,-1208.5000000000257));
#3238=IFCCARTESIANPOINT((-5805.2589419698988,-1208.4999999999861));
#3239=IFCPOLYLINE((#3237,#3238));
#3240=IFCGRIDAXIS('8',#3239,.T.);
#3241=IFCGEOMETRICCURVESET((#3239));
#3242=IFCCOLOURRGB($,0.,0.,0.);
#3243=IFCCURVESTYLE($,$,$,#3242);
#3244=IFCPRESENTATIONSTYLEASSIGNMENT((#3243));
#3245=IFCSTYLEDITEM(#3241,(#3244),$);
#3246=IFCCARTESIANPOINT((6434.3428411517689,7208.4999999999718));
#3247=IFCCARTESIANPOINT((-5805.2589419698706,7208.5000000000082));
#3248=IFCPOLYLINE((#3246,#3247));
#3249=IFCGRIDAXIS('10',#3248,.T.);
#3250=IFCGEOMETRICCURVESET((#3248));
#3251=IFCCOLOURRGB($,0.,0.,0.);
#3252=IFCCURVESTYLE($,$,$,#3251);
#3253=IFCPRESENTATIONSTYLEASSIGNMENT((#3252));
#3254=IFCSTYLEDITEM(#3250,(#3253),$);
#3255=IFCCARTESIANPOINT((152400.,2874.));
#3256=IFCCARTESIANPOINT((-152798.57246912958,2874.));
#3257=IFCPOLYLINE((#3255,#3256));
#3258=IFCGRIDAXIS('15',#3257,.T.);
#3259=IFCGEOMETRICCURVESET((#3257));
#3260=IFCCOLOURRGB($,0.,0.,0.);
#3261=IFCCURVESTYLE($,$,$,#3260);
#3262=IFCPRESENTATIONSTYLEASSIGNMENT((#3261));
#3263=IFCSTYLEDITEM(#3259,(#3262),$);
#3264=IFCCARTESIANPOINT((152400.,3126.));
#3265=IFCCARTESIANPOINT((-152798.57246912958,3126.));
#3266=IFCPOLYLINE((#3264,#3265));
#3267=IFCGRIDAXIS('16',#3266,.T.);
#3268=IFCGEOMETRICCURVESET((#3266));
#3269=IFCCOLOURRGB($,0.,0.,0.);
#3270=IFCCURVESTYLE($,$,$,#3269);
#3271=IFCPRESENTATIONSTYLEASSIGNMENT((#3270));
#3272=IFCSTYLEDITEM(#3268,(#3271),$);
#3273=IFCCARTESIANPOINT((4336.7890850012127,2586.));
#3274=IFCCARTESIANPOINT((62.,2586.));
#3275=IFCPOLYLINE((#3273,#3274));
#3276=IFCGRIDAXIS('17',#3275,.T.);
#3277=IFCGEOMETRICCURVESET((#3275));
#3278=IFCCOLOURRGB($,0.,0.,0.);
#3279=IFCCURVESTYLE($,$,$,#3278);
#3280=IFCPRESENTATIONSTYLEASSIGNMENT((#3279));
#3281=IFCSTYLEDITEM(#3277,(#3280),$);
#3282=IFCCARTESIANPOINT((4336.7890850012154,3414.));
#3283=IFCCARTESIANPOINT((62.,3414.));
#3284=IFCPOLYLINE((#3282,#3283));
#3285=IFCGRIDAXIS('18',#3284,.T.);
#3286=IFCGEOMETRICCURVESET((#3284));
#3287=IFCCOLOURRGB($,0.,0.,0.);
#3288=IFCCURVESTYLE($,$,$,#3287);
#3289=IFCPRESENTATIONSTYLEASSIGNMENT((#3288));
#3290=IFCSTYLEDITEM(#3286,(#3289),$);
#3291=IFCCARTESIANPOINT((4208.5000000000136,9435.0061832160518));
#3292=IFCCARTESIANPOINT((4208.4999999999936,-2625.0728218227782));
#3293=IFCPOLYLINE((#3291,#3292));
#3294=IFCGRIDAXIS('9',#3293,.T.);
#3295=IFCGEOMETRICCURVESET((#3293));
#3296=IFCCOLOURRGB($,0.,0.,0.);
#3297=IFCCURVESTYLE($,$,$,#3296);
#3298=IFCPRESENTATIONSTYLEASSIGNMENT((#3297));
#3299=IFCSTYLEDITEM(#3295,(#3298),$);
#3300=IFCCARTESIANPOINT((-4208.4999999999864,9435.0061832160645));
#3301=IFCCARTESIANPOINT((-4208.5000000000064,-2625.072821822765));
#3302=IFCPOLYLINE((#3300,#3301));
#3303=IFCGRIDAXIS('7',#3302,.T.);
#3304=IFCGEOMETRICCURVESET((#3302));
#3305=IFCCOLOURRGB($,0.,0.,0.);
#3306=IFCCURVESTYLE($,$,$,#3305);
#3307=IFCPRESENTATIONSTYLEASSIGNMENT((#3306));
#3308=IFCSTYLEDITEM(#3304,(#3307),$);
#3309=IFCCARTESIANPOINT((62.,7650.8051367088028));
#3310=IFCCARTESIANPOINT((62.,-1100.4316020733406));
#3311=IFCPOLYLINE((#3309,#3310));
#3312=IFCGRIDAXIS('23',#3311,.T.);
#3313=IFCGEOMETRICCURVESET((#3311));
#3314=IFCCOLOURRGB($,0.,0.,0.);
#3315=IFCCURVESTYLE($,$,$,#3314);
#3316=IFCPRESENTATIONSTYLEASSIGNMENT((#3315));
#3317=IFCSTYLEDITEM(#3313,(#3316),$);
#3318=IFCCARTESIANPOINT((-62.,7650.8051367088028));
#3319=IFCCARTESIANPOINT((-62.,-1100.4316020733406));
#3320=IFCPOLYLINE((#3318,#3319));
#3321=IFCGRIDAXIS('24',#3320,.T.);
#3322=IFCGEOMETRICCURVESET((#3320));
#3323=IFCCOLOURRGB($,0.,0.,0.);
#3324=IFCCURVESTYLE($,$,$,#3323);
#3325=IFCPRESENTATIONSTYLEASSIGNMENT((#3324));
#3326=IFCSTYLEDITEM(#3322,(#3325),$);
#3327=IFCCARTESIANPOINT((1322.,-152400.));
#3328=IFCCARTESIANPOINT((1322.,152400.));
#3329=IFCPOLYLINE((#3327,#3328));
#3330=IFCGRIDAXIS('13',#3329,.T.);
#3331=IFCGEOMETRICCURVESET((#3329));
#3332=IFCCOLOURRGB($,0.,0.,0.);
#3333=IFCCURVESTYLE($,$,$,#3332);
#3334=IFCPRESENTATIONSTYLEASSIGNMENT((#3333));
#3335=IFCSTYLEDITEM(#3331,(#3334),$);
#3336=IFCCARTESIANPOINT((1531.5000000001664,-152400.));
#3337=IFCCARTESIANPOINT((1531.4999999997635,152400.));
#3338=IFCPOLYLINE((#3336,#3337));
#3339=IFCGRIDAXIS('14',#3338,.T.);
#3340=IFCGEOMETRICCURVESET((#3338));
#3341=IFCCOLOURRGB($,0.,0.,0.);
#3342=IFCCURVESTYLE($,$,$,#3341);
#3343=IFCPRESENTATIONSTYLEASSIGNMENT((#3342));
#3344=IFCSTYLEDITEM(#3340,(#3343),$);
#3345=IFCSHAPEREPRESENTATION(#26,'FootPrint','GeometricCurveSet',(#3241,#3250,#3259,#3268,#3277,#3286,#3295,#3304,#3313,#3322,#3331,#3340));
#3346=IFCPRODUCTDEFINITIONSHAPE($,$,(#3345));
#3347=IFCLOCALPLACEMENT(#30,#49);
#3348=IFCGRID('3EFWvP66Sw_EzczcrIk3Hu',#18,'Default Grid',$,$,#3347,#3346,(#3240,#3249,#3258,#3267,#3276,#3285),(#3294,#3303,#3312,#3321),(#3330,#3339));
#3349=IFCCARTESIANPOINT((6434.3428411517425,-1208.5000000000257));
#3350=IFCCARTESIANPOINT((-5805.2589419698988,-1208.4999999999861));
#3351=IFCPOLYLINE((#3349,#3350));
#3352=IFCGRIDAXIS('8',#3351,.T.);
#3353=IFCGEOMETRICCURVESET((#3351));
#3354=IFCCOLOURRGB($,0.,0.,0.);
#3355=IFCCURVESTYLE($,$,$,#3354);
#3356=IFCPRESENTATIONSTYLEASSIGNMENT((#3355));
#3357=IFCSTYLEDITEM(#3353,(#3356),$);
#3358=IFCCARTESIANPOINT((6434.3428411517689,7208.4999999999718));
#3359=IFCCARTESIANPOINT((-5805.2589419698706,7208.5000000000082));
#3360=IFCPOLYLINE((#3358,#3359));
#3361=IFCGRIDAXIS('10',#3360,.T.);
#3362=IFCGEOMETRICCURVESET((#3360));
#3363=IFCCOLOURRGB($,0.,0.,0.);
#3364=IFCCURVESTYLE($,$,$,#3363);
#3365=IFCPRESENTATIONSTYLEASSIGNMENT((#3364));
#3366=IFCSTYLEDITEM(#3362,(#3365),$);
#3367=IFCCARTESIANPOINT((152400.,2874.));
#3368=IFCCARTESIANPOINT((-152798.57246912958,2874.));
#3369=IFCPOLYLINE((#3367,#3368));
#3370=IFCGRIDAXIS('15',#3369,.T.);
#3371=IFCGEOMETRICCURVESET((#3369));
#3372=IFCCOLOURRGB($,0.,0.,0.);
#3373=IFCCURVESTYLE($,$,$,#3372);
#3374=IFCPRESENTATIONSTYLEASSIGNMENT((#3373));
#3375=IFCSTYLEDITEM(#3371,(#3374),$);
#3376=IFCCARTESIANPOINT((152400.,3126.));
#3377=IFCCARTESIANPOINT((-152798.57246912958,3126.));
#3378=IFCPOLYLINE((#3376,#3377));
#3379=IFCGRIDAXIS('16',#3378,.T.);
#3380=IFCGEOMETRICCURVESET((#3378));
#3381=IFCCOLOURRGB($,0.,0.,0.);
#3382=IFCCURVESTYLE($,$,$,#3381);
#3383=IFCPRESENTATIONSTYLEASSIGNMENT((#3382));
#3384=IFCSTYLEDITEM(#3380,(#3383),$);
#3385=IFCCARTESIANPOINT((4336.7890850012127,2586.));
#3386=IFCCARTESIANPOINT((62.,2586.));
#3387=IFCPOLYLINE((#3385,#3386));
#3388=IFCGRIDAXIS('17',#3387,.T.);
#3389=IFCGEOMETRICCURVESET((#3387));
#3390=IFCCOLOURRGB($,0.,0.,0.);
#3391=IFCCURVESTYLE($,$,$,#3390);
#3392=IFCPRESENTATIONSTYLEASSIGNMENT((#3391));
#3393=IFCSTYLEDITEM(#3389,(#3392),$);
#3394=IFCCARTESIANPOINT((4336.7890850012154,3414.));
#3395=IFCCARTESIANPOINT((62.,3414.));
#3396=IFCPOLYLINE((#3394,#3395));
#3397=IFCGRIDAXIS('18',#3396,.T.);
#3398=IFCGEOMETRICCURVESET((#3396));
#3399=IFCCOLOURRGB($,0.,0.,0.);
#3400=IFCCURVESTYLE($,$,$,#3399);
#3401=IFCPRESENTATIONSTYLEASSIGNMENT((#3400));
#3402=IFCSTYLEDITEM(#3398,(#3401),$);
#3403=IFCCARTESIANPOINT((4208.5000000000136,9435.0061832160518));
#3404=IFCCARTESIANPOINT((4208.4999999999936,-2625.0728218227782));
#3405=IFCPOLYLINE((#3403,#3404));
#3406=IFCGRIDAXIS('9',#3405,.T.);
#3407=IFCGEOMETRICCURVESET((#3405));
#3408=IFCCOLOURRGB($,0.,0.,0.);
#3409=IFCCURVESTYLE($,$,$,#3408);
#3410=IFCPRESENTATIONSTYLEASSIGNMENT((#3409));
#3411=IFCSTYLEDITEM(#3407,(#3410),$);
#3412=IFCCARTESIANPOINT((-4208.4999999999864,9435.0061832160645));
#3413=IFCCARTESIANPOINT((-4208.5000000000064,-2625.072821822765));
#3414=IFCPOLYLINE((#3412,#3413));
#3415=IFCGRIDAXIS('7',#3414,.T.);
#3416=IFCGEOMETRICCURVESET((#3414));
#3417=IFCCOLOURRGB($,0.,0.,0.);
#3418=IFCCURVESTYLE($,$,$,#3417);
#3419=IFCPRESENTATIONSTYLEASSIGNMENT((#3418));
#3420=IFCSTYLEDITEM(#3416,(#3419),$);
#3421=IFCCARTESIANPOINT((62.,7650.8051367088028));
#3422=IFCCARTESIANPOINT((62.,-1100.4316020733406));
#3423=IFCPOLYLINE((#3421,#3422));
#3424=IFCGRIDAXIS('23',#3423,.T.);
#3425=IFCGEOMETRICCURVESET((#3423));
#3426=IFCCOLOURRGB($,0.,0.,0.);
#3427=IFCCURVESTYLE($,$,$,#3426);
#3428=IFCPRESENTATIONSTYLEASSIGNMENT((#3427));
#3429=IFCSTYLEDITEM(#3425,(#3428),$);
#3430=IFCCARTESIANPOINT((-62.,7650.8051367088028));
#3431=IFCCARTESIANPOINT((-62.,-1100.4316020733406));
#3432=IFCPOLYLINE((#3430,#3431));
#3433=IFCGRIDAXIS('24',#3432,.T.);
#3434=IFCGEOMETRICCURVESET((#3432));
#3435=IFCCOLOURRGB($,0.,0.,0.);
#3436=IFCCURVESTYLE($,$,$,#3435);
#3437=IFCPRESENTATIONSTYLEASSIGNMENT((#3436));
#3438=IFCSTYLEDITEM(#3434,(#3437),$);
#3439=IFCCARTESIANPOINT((1322.,-152400.));
#3440=IFCCARTESIANPOINT((1322.,152400.));
#3441=IFCPOLYLINE((#3439,#3440));
#3442=IFCGRIDAXIS('13',#3441,.T.);
#3443=IFCGEOMETRICCURVESET((#3441));
#3444=IFCCOLOURRGB($,0.,0.,0.);
#3445=IFCCURVESTYLE($,$,$,#3444);
#3446=IFCPRESENTATIONSTYLEASSIGNMENT((#3445));
#3447=IFCSTYLEDITEM(#3443,(#3446),$);
#3448=IFCCARTESIANPOINT((1531.5000000001664,-152400.));
#3449=IFCCARTESIANPOINT((1531.4999999997635,152400.));
#3450=IFCPOLYLINE((#3448,#3449));
#3451=IFCGRIDAXIS('14',#3450,.T.);
#3452=IFCGEOMETRICCURVESET((#3450));
#3453=IFCCOLOURRGB($,0.,0.,0.);
#3454=IFCCURVESTYLE($,$,$,#3453);
#3455=IFCPRESENTATIONSTYLEASSIGNMENT((#3454));
#3456=IFCSTYLEDITEM(#3452,(#3455),$);
#3457=IFCSHAPEREPRESENTATION(#26,'FootPrint','GeometricCurveSet',(#3353,#3362,#3371,#3380,#3389,#3398,#3407,#3416,#3425,#3434,#3443,#3452));
#3458=IFCPRODUCTDEFINITIONSHAPE($,$,(#3457));
#3459=IFCLOCALPLACEMENT(#30,#53);
#3460=IFCGRID('3KZz2JEqZOBb1zXHzoIEQJ',#18,'Default Grid',$,$,#3459,#3458,(#3352,#3361,#3370,#3379,#3388,#3397),(#3406,#3415,#3424,#3433),(#3442,#3451));
#3461=IFCCARTESIANPOINT((6434.3428411517425,-1208.5000000000257));
#3462=IFCCARTESIANPOINT((-5805.2589419698988,-1208.4999999999861));
#3463=IFCPOLYLINE((#3461,#3462));
#3464=IFCGRIDAXIS('8',#3463,.T.);
#3465=IFCGEOMETRICCURVESET((#3463));
#3466=IFCCOLOURRGB($,0.,0.,0.);
#3467=IFCCURVESTYLE($,$,$,#3466);
#3468=IFCPRESENTATIONSTYLEASSIGNMENT((#3467));
#3469=IFCSTYLEDITEM(#3465,(#3468),$);
#3470=IFCCARTESIANPOINT((6434.3428411517689,7208.4999999999718));
#3471=IFCCARTESIANPOINT((-5805.2589419698706,7208.5000000000082));
#3472=IFCPOLYLINE((#3470,#3471));
#3473=IFCGRIDAXIS('10',#3472,.T.);
#3474=IFCGEOMETRICCURVESET((#3472));
#3475=IFCCOLOURRGB($,0.,0.,0.);
#3476=IFCCURVESTYLE($,$,$,#3475);
#3477=IFCPRESENTATIONSTYLEASSIGNMENT((#3476));
#3478=IFCSTYLEDITEM(#3474,(#3477),$);
#3479=IFCCARTESIANPOINT((152400.,2874.));
#3480=IFCCARTESIANPOINT((-152798.57246912958,2874.));
#3481=IFCPOLYLINE((#3479,#3480));
#3482=IFCGRIDAXIS('15',#3481,.T.);
#3483=IFCGEOMETRICCURVESET((#3481));
#3484=IFCCOLOURRGB($,0.,0.,0.);
#3485=IFCCURVESTYLE($,$,$,#3484);
#3486=IFCPRESENTATIONSTYLEASSIGNMENT((#3485));
#3487=IFCSTYLEDITEM(#3483,(#3486),$);
#3488=IFCCARTESIANPOINT((152400.,3126.));
#3489=IFCCARTESIANPOINT((-152798.57246912958,3126.));
#3490=IFCPOLYLINE((#3488,#3489));
#3491=IFCGRIDAXIS('16',#3490,.T.);
#3492=IFCGEOMETRICCURVESET((#3490));
#3493=IFCCOLOURRGB($,0.,0.,0.);
#3494=IFCCURVESTYLE($,$,$,#3493);
#3495=IFCPRESENTATIONSTYLEASSIGNMENT((#3494));
#3496=IFCSTYLEDITEM(#3492,(#3495),$);
#3497=IFCCARTESIANPOINT((4336.7890850012127,2586.));
#3498=IFCCARTESIANPOINT((62.,2586.));
#3499=IFCPOLYLINE((#3497,#3498));
#3500=IFCGRIDAXIS('17',#3499,.T.);
#3501=IFCGEOMETRICCURVESET((#3499));
#3502=IFCCOLOURRGB($,0.,0.,0.);
#3503=IFCCURVESTYLE($,$,$,#3502);
#3504=IFCPRESENTATIONSTYLEASSIGNMENT((#3503));
#3505=IFCSTYLEDITEM(#3501,(#3504),$);
#3506=IFCCARTESIANPOINT((4336.7890850012154,3414.));
#3507=IFCCARTESIANPOINT((62.,3414.));
#3508=IFCPOLYLINE((#3506,#3507));
#3509=IFCGRIDAXIS('18',#3508,.T.);
#3510=IFCGEOMETRICCURVESET((#3508));
#3511=IFCCOLOURRGB($,0.,0.,0.);
#3512=IFCCURVESTYLE($,$,$,#3511);
#3513=IFCPRESENTATIONSTYLEASSIGNMENT((#3512));
#3514=IFCSTYLEDITEM(#3510,(#3513),$);
#3515=IFCCARTESIANPOINT((4208.5000000000136,9435.0061832160518));
#3516=IFCCARTESIANPOINT((4208.4999999999936,-2625.0728218227782));
#3517=IFCPOLYLINE((#3515,#3516));
#3518=IFCGRIDAXIS('9',#3517,.T.);
#3519=IFCGEOMETRICCURVESET((#3517));
#3520=IFCCOLOURRGB($,0.,0.,0.);
#3521=IFCCURVESTYLE($,$,$,#3520);
#3522=IFCPRESENTATIONSTYLEASSIGNMENT((#3521));
#3523=IFCSTYLEDITEM(#3519,(#3522),$);
#3524=IFCCARTESIANPOINT((-4208.4999999999864,9435.0061832160645));
#3525=IFCCARTESIANPOINT((-4208.5000000000064,-2625.072821822765));
#3526=IFCPOLYLINE((#3524,#3525));
#3527=IFCGRIDAXIS('7',#3526,.T.);
#3528=IFCGEOMETRICCURVESET((#3526));
#3529=IFCCOLOURRGB($,0.,0.,0.);
#3530=IFCCURVESTYLE($,$,$,#3529);
#3531=IFCPRESENTATIONSTYLEASSIGNMENT((#3530));
#3532=IFCSTYLEDITEM(#3528,(#3531),$);
#3533=IFCCARTESIANPOINT((62.,7650.8051367088028));
#3534=IFCCARTESIANPOINT((62.,-1100.4316020733406));
#3535=IFCPOLYLINE((#3533,#3534));
#3536=IFCGRIDAXIS('23',#3535,.T.);
#3537=IFCGEOMETRICCURVESET((#3535));
#3538=IFCCOLOURRGB($,0.,0.,0.);
#3539=IFCCURVESTYLE($,$,$,#3538);
#3540=IFCPRESENTATIONSTYLEASSIGNMENT((#3539));
#3541=IFCSTYLEDITEM(#3537,(#3540),$);
#3542=IFCCARTESIANPOINT((-62.,7650.8051367088028));
#3543=IFCCARTESIANPOINT((-62.,-1100.4316020733406));
#3544=IFCPOLYLINE((#3542,#3543));
#3545=IFCGRIDAXIS('24',#3544,.T.);
#3546=IFCGEOMETRICCURVESET((#3544));
#3547=IFCCOLOURRGB($,0.,0.,0.);
#3548=IFCCURVESTYLE($,$,$,#3547);
#3549=IFCPRESENTATIONSTYLEASSIGNMENT((#3548));
#3550=IFCSTYLEDITEM(#3546,(#3549),$);
#3551=IFCCARTESIANPOINT((1322.,-152400.));
#3552=IFCCARTESIANPOINT((1322.,152400.));
#3553=IFCPOLYLINE((#3551,#3552));
#3554=IFCGRIDAXIS('13',#3553,.T.);
#3555=IFCGEOMETRICCURVESET((#3553));
#3556=IFCCOLOURRGB($,0.,0.,0.);
#3557=IFCCURVESTYLE($,$,$,#3556);
#3558=IFCPRESENTATIONSTYLEASSIGNMENT((#3557));
#3559=IFCSTYLEDITEM(#3555,(#3558),$);
#3560=IFCCARTESIANPOINT((1531.5000000001664,-152400.));
#3561=IFCCARTESIANPOINT((1531.4999999997635,152400.));
#3562=IFCPOLYLINE((#3560,#3561));
#3563=IFCGRIDAXIS('14',#3562,.T.);
#3564=IFCGEOMETRICCURVESET((#3562));
#3565=IFCCOLOURRGB($,0.,0.,0.);
#3566=IFCCURVESTYLE($,$,$,#3565);
#3567=IFCPRESENTATIONSTYLEASSIGNMENT((#3566));
#3568=IFCSTYLEDITEM(#3564,(#3567),$);
#3569=IFCSHAPEREPRESENTATION(#26,'FootPrint','GeometricCurveSet',(#3465,#3474,#3483,#3492,#3501,#3510,#3519,#3528,#3537,#3546,#3555,#3564));
#3570=IFCPRODUCTDEFINITIONSHAPE($,$,(#3569));
#3571=IFCLOCALPLACEMENT(#30,#57);
#3572=IFCGRID('1FA9uNZtNw_WHdng2Xxwz7',#18,'Default Grid',$,$,#3571,#3570,(#3464,#3473,#3482,#3491,#3500,#3509),(#3518,#3527,#3536,#3545),(#3554,#3563));
#3573=IFCCARTESIANPOINT((6434.3428411517425,-1208.5000000000257));
#3574=IFCCARTESIANPOINT((-5805.2589419698988,-1208.4999999999861));
#3575=IFCPOLYLINE((#3573,#3574));
#3576=IFCGRIDAXIS('8',#3575,.T.);
#3577=IFCGEOMETRICCURVESET((#3575));
#3578=IFCCOLOURRGB($,0.,0.,0.);
#3579=IFCCURVESTYLE($,$,$,#3578);
#3580=IFCPRESENTATIONSTYLEASSIGNMENT((#3579));
#3581=IFCSTYLEDITEM(#3577,(#3580),$);
#3582=IFCCARTESIANPOINT((6434.3428411517689,7208.4999999999718));
#3583=IFCCARTESIANPOINT((-5805.2589419698706,7208.5000000000082));
#3584=IFCPOLYLINE((#3582,#3583));
#3585=IFCGRIDAXIS('10',#3584,.T.);
#3586=IFCGEOMETRICCURVESET((#3584));
#3587=IFCCOLOURRGB($,0.,0.,0.);
#3588=IFCCURVESTYLE($,$,$,#3587);
#3589=IFCPRESENTATIONSTYLEASSIGNMENT((#3588));
#3590=IFCSTYLEDITEM(#3586,(#3589),$);
#3591=IFCCARTESIANPOINT((152400.,2874.));
#3592=IFCCARTESIANPOINT((-152798.57246912958,2874.));
#3593=IFCPOLYLINE((#3591,#3592));
#3594=IFCGRIDAXIS('15',#3593,.T.);
#3595=IFCGEOMETRICCURVESET((#3593));
#3596=IFCCOLOURRGB($,0.,0.,0.);
#3597=IFCCURVESTYLE($,$,$,#3596);
#3598=IFCPRESENTATIONSTYLEASSIGNMENT((#3597));
#3599=IFCSTYLEDITEM(#3595,(#3598),$);
#3600=IFCCARTESIANPOINT((152400.,3126.));
#3601=IFCCARTESIANPOINT((-152798.57246912958,3126.));
#3602=IFCPOLYLINE((#3600,#3601));
#3603=IFCGRIDAXIS('16',#3602,.T.);
#3604=IFCGEOMETRICCURVESET((#3602));
#3605=IFCCOLOURRGB($,0.,0.,0.);
#3606=IFCCURVESTYLE($,$,$,#3605);
#3607=IFCPRESENTATIONSTYLEASSIGNMENT((#3606));
#3608=IFCSTYLEDITEM(#3604,(#3607),$);
#3609=IFCCARTESIANPOINT((4336.7890850012127,2586.));
#3610=IFCCARTESIANPOINT((62.,2586.));
#3611=IFCPOLYLINE((#3609,#3610));
#3612=IFCGRIDAXIS('17',#3611,.T.);
#3613=IFCGEOMETRICCURVESET((#3611));
#3614=IFCCOLOURRGB($,0.,0.,0.);
#3615=IFCCURVESTYLE($,$,$,#3614);
#3616=IFCPRESENTATIONSTYLEASSIGNMENT((#3615));
#3617=IFCSTYLEDITEM(#3613,(#3616),$);
#3618=IFCCARTESIANPOINT((4336.7890850012154,3414.));
#3619=IFCCARTESIANPOINT((62.,3414.));
#3620=IFCPOLYLINE((#3618,#3619));
#3621=IFCGRIDAXIS('18',#3620,.T.);
#3622=IFCGEOMETRICCURVESET((#3620));
#3623=IFCCOLOURRGB($,0.,0.,0.);
#3624=IFCCURVESTYLE($,$,$,#3623);
#3625=IFCPRESENTATIONSTYLEASSIGNMENT((#3624));
#3626=IFCSTYLEDITEM(#3622,(#3625),$);
#3627=IFCCARTESIANPOINT((4208.5000000000136,9435.0061832160518));
#3628=IFCCARTESIANPOINT((4208.4999999999936,-2625.0728218227782));
#3629=IFCPOLYLINE((#3627,#3628));
#3630=IFCGRIDAXIS('9',#3629,.T.);
#3631=IFCGEOMETRICCURVESET((#3629));
#3632=IFCCOLOURRGB($,0.,0.,0.);
#3633=IFCCURVESTYLE($,$,$,#3632);
#3634=IFCPRESENTATIONSTYLEASSIGNMENT((#3633));
#3635=IFCSTYLEDITEM(#3631,(#3634),$);
#3636=IFCCARTESIANPOINT((-4208.4999999999864,9435.0061832160645));
#3637=IFCCARTESIANPOINT((-4208.5000000000064,-2625.072821822765));
#3638=IFCPOLYLINE((#3636,#3637));
#3639=IFCGRIDAXIS('7',#3638,.T.);
#3640=IFCGEOMETRICCURVESET((#3638));
#3641=IFCCOLOURRGB($,0.,0.,0.);
#3642=IFCCURVESTYLE($,$,$,#3641);
#3643=IFCPRESENTATIONSTYLEASSIGNMENT((#3642));
#3644=IFCSTYLEDITEM(#3640,(#3643),$);
#3645=IFCCARTESIANPOINT((62.,7650.8051367088028));
#3646=IFCCARTESIANPOINT((62.,-1100.4316020733406));
#3647=IFCPOLYLINE((#3645,#3646));
#3648=IFCGRIDAXIS('23',#3647,.T.);
#3649=IFCGEOMETRICCURVESET((#3647));
#3650=IFCCOLOURRGB($,0.,0.,0.);
#3651=IFCCURVESTYLE($,$,$,#3650);
#3652=IFCPRESENTATIONSTYLEASSIGNMENT((#3651));
#3653=IFCSTYLEDITEM(#3649,(#3652),$);
#3654=IFCCARTESIANPOINT((-62.,7650.8051367088028));
#3655=IFCCARTESIANPOINT((-62.,-1100.4316020733406));
#3656=IFCPOLYLINE((#3654,#3655));
#3657=IFCGRIDAXIS('24',#3656,.T.);
#3658=IFCGEOMETRICCURVESET((#3656));
#3659=IFCCOLOURRGB($,0.,0.,0.);
#3660=IFCCURVESTYLE($,$,$,#3659);
#3661=IFCPRESENTATIONSTYLEASSIGNMENT((#3660));
#3662=IFCSTYLEDITEM(#3658,(#3661),$);
#3663=IFCCARTESIANPOINT((1322.,-152400.));
#3664=IFCCARTESIANPOINT((1322.,152400.));
#3665=IFCPOLYLINE((#3663,#3664));
#3666=IFCGRIDAXIS('13',#3665,.T.);
#3667=IFCGEOMETRICCURVESET((#3665));
#3668=IFCCOLOURRGB($,0.,0.,0.);
#3669=IFCCURVESTYLE($,$,$,#3668);
#3670=IFCPRESENTATIONSTYLEASSIGNMENT((#3669));
#3671=IFCSTYLEDITEM(#3667,(#3670),$);
#3672=IFCCARTESIANPOINT((1531.5000000001664,-152400.));
#3673=IFCCARTESIANPOINT((1531.4999999997635,152400.));
#3674=IFCPOLYLINE((#3672,#3673));
#3675=IFCGRIDAXIS('14',#3674,.T.);
#3676=IFCGEOMETRICCURVESET((#3674));
#3677=IFCCOLOURRGB($,0.,0.,0.);
#3678=IFCCURVESTYLE($,$,$,#3677);
#3679=IFCPRESENTATIONSTYLEASSIGNMENT((#3678));
#3680=IFCSTYLEDITEM(#3676,(#3679),$);
#3681=IFCSHAPEREPRESENTATION(#26,'FootPrint','GeometricCurveSet',(#3577,#3586,#3595,#3604,#3613,#3622,#3631,#3640,#3649,#3658,#3667,#3676));
#3682=IFCPRODUCTDEFINITIONSHAPE($,$,(#3681));
#3683=IFCLOCALPLACEMENT(#30,#61);
#3684=IFCGRID('0fYM1UqaVfSzWwniGWVRdb',#18,'Default Grid',$,$,#3683,#3682,(#3576,#3585,#3594,#3603,#3612,#3621),(#3630,#3639,#3648,#3657),(#3666,#3675));
#3685=IFCCARTESIANPOINT((6434.3428411517425,-1208.5000000000257));
#3686=IFCCARTESIANPOINT((-5805.2589419698988,-1208.4999999999861));
#3687=IFCPOLYLINE((#3685,#3686));
#3688=IFCGRIDAXIS('8',#3687,.T.);
#3689=IFCGEOMETRICCURVESET((#3687));
#3690=IFCCOLOURRGB($,0.,0.,0.);
#3691=IFCCURVESTYLE($,$,$,#3690);
#3692=IFCPRESENTATIONSTYLEASSIGNMENT((#3691));
#3693=IFCSTYLEDITEM(#3689,(#3692),$);
#3694=IFCCARTESIANPOINT((6434.3428411517689,7208.4999999999718));
#3695=IFCCARTESIANPOINT((-5805.2589419698706,7208.5000000000082));
#3696=IFCPOLYLINE((#3694,#3695));
#3697=IFCGRIDAXIS('10',#3696,.T.);
#3698=IFCGEOMETRICCURVESET((#3696));
#3699=IFCCOLOURRGB($,0.,0.,0.);
#3700=IFCCURVESTYLE($,$,$,#3699);
#3701=IFCPRESENTATIONSTYLEASSIGNMENT((#3700));
#3702=IFCSTYLEDITEM(#3698,(#3701),$);
#3703=IFCCARTESIANPOINT((152400.,2874.));
#3704=IFCCARTESIANPOINT((-152798.57246912958,2874.));
#3705=IFCPOLYLINE((#3703,#3704));
#3706=IFCGRIDAXIS('15',#3705,.T.);
#3707=IFCGEOMETRICCURVESET((#3705));
#3708=IFCCOLOURRGB($,0.,0.,0.);
#3709=IFCCURVESTYLE($,$,$,#3708);
#3710=IFCPRESENTATIONSTYLEASSIGNMENT((#3709));
#3711=IFCSTYLEDITEM(#3707,(#3710),$);
#3712=IFCCARTESIANPOINT((152400.,3126.));
#3713=IFCCARTESIANPOINT((-152798.57246912958,3126.));
#3714=IFCPOLYLINE((#3712,#3713));
#3715=IFCGRIDAXIS('16',#3714,.T.);
#3716=IFCGEOMETRICCURVESET((#3714));
#3717=IFCCOLOURRGB($,0.,0.,0.);
#3718=IFCCURVESTYLE($,$,$,#3717);
#3719=IFCPRESENTATIONSTYLEASSIGNMENT((#3718));
#3720=IFCSTYLEDITEM(#3716,(#3719),$);
#3721=IFCCARTESIANPOINT((4336.7890850012127,2586.));
#3722=IFCCARTESIANPOINT((62.,2586.));
#3723=IFCPOLYLINE((#3721,#3722));
#3724=IFCGRIDAXIS('17',#3723,.T.);
#3725=IFCGEOMETRICCURVESET((#3723));
#3726=IFCCOLOURRGB($,0.,0.,0.);
#3727=IFCCURVESTYLE($,$,$,#3726);
#3728=IFCPRESENTATIONSTYLEASSIGNMENT((#3727));
#3729=IFCSTYLEDITEM(#3725,(#3728),$);
#3730=IFCCARTESIANPOINT((4336.7890850012154,3414.));
#3731=IFCCARTESIANPOINT((62.,3414.));
#3732=IFCPOLYLINE((#3730,#3731));
#3733=IFCGRIDAXIS('18',#3732,.T.);
#3734=IFCGEOMETRICCURVESET((#3732));
#3735=IFCCOLOURRGB($,0.,0.,0.);
#3736=IFCCURVESTYLE($,$,$,#3735);
#3737=IFCPRESENTATIONSTYLEASSIGNMENT((#3736));
#3738=IFCSTYLEDITEM(#3734,(#3737),$);
#3739=IFCCARTESIANPOINT((4208.5000000000136,9435.0061832160518));
#3740=IFCCARTESIANPOINT((4208.4999999999936,-2625.0728218227782));
#3741=IFCPOLYLINE((#3739,#3740));
#3742=IFCGRIDAXIS('9',#3741,.T.);
#3743=IFCGEOMETRICCURVESET((#3741));
#3744=IFCCOLOURRGB($,0.,0.,0.);
#3745=IFCCURVESTYLE($,$,$,#3744);
#3746=IFCPRESENTATIONSTYLEASSIGNMENT((#3745));
#3747=IFCSTYLEDITEM(#3743,(#3746),$);
#3748=IFCCARTESIANPOINT((-4208.4999999999864,9435.0061832160645));
#3749=IFCCARTESIANPOINT((-4208.5000000000064,-2625.072821822765));
#3750=IFCPOLYLINE((#3748,#3749));
#3751=IFCGRIDAXIS('7',#3750,.T.);
#3752=IFCGEOMETRICCURVESET((#3750));
#3753=IFCCOLOURRGB($,0.,0.,0.);
#3754=IFCCURVESTYLE($,$,$,#3753);
#3755=IFCPRESENTATIONSTYLEASSIGNMENT((#3754));
#3756=IFCSTYLEDITEM(#3752,(#3755),$);
#3757=IFCCARTESIANPOINT((62.,7650.8051367088028));
#3758=IFCCARTESIANPOINT((62.,-1100.4316020733406));
#3759=IFCPOLYLINE((#3757,#3758));
#3760=IFCGRIDAXIS('23',#3759,.T.);
#3761=IFCGEOMETRICCURVESET((#3759));
#3762=IFCCOLOURRGB($,0.,0.,0.);
#3763=IFCCURVESTYLE($,$,$,#3762);
#3764=IFCPRESENTATIONSTYLEASSIGNMENT((#3763));
#3765=IFCSTYLEDITEM(#3761,(#3764),$);
#3766=IFCCARTESIANPOINT((-62.,7650.8051367088028));
#3767=IFCCARTESIANPOINT((-62.,-1100.4316020733406));
#3768=IFCPOLYLINE((#3766,#3767));
#3769=IFCGRIDAXIS('24',#3768,.T.);
#3770=IFCGEOMETRICCURVESET((#3768));
#3771=IFCCOLOURRGB($,0.,0.,0.);
#3772=IFCCURVESTYLE($,$,$,#3771);
#3773=IFCPRESENTATIONSTYLEASSIGNMENT((#3772));
#3774=IFCSTYLEDITEM(#3770,(#3773),$);
#3775=IFCCARTESIANPOINT((1322.,-152400.));
#3776=IFCCARTESIANPOINT((1322.,152400.));
#3777=IFCPOLYLINE((#3775,#3776));
#3778=IFCGRIDAXIS('13',#3777,.T.);
#3779=IFCGEOMETRICCURVESET((#3777));
#3780=IFCCOLOURRGB($,0.,0.,0.);
#3781=IFCCURVESTYLE($,$,$,#3780);
#3782=IFCPRESENTATIONSTYLEASSIGNMENT((#3781));
#3783=IFCSTYLEDITEM(#3779,(#3782),$);
#3784=IFCCARTESIANPOINT((1531.5000000001664,-152400.));
#3785=IFCCARTESIANPOINT((1531.4999999997635,152400.));
#3786=IFCPOLYLINE((#3784,#3785));
#3787=IFCGRIDAXIS('14',#3786,.T.);
#3788=IFCGEOMETRICCURVESET((#3786));
#3789=IFCCOLOURRGB($,0.,0.,0.);
#3790=IFCCURVESTYLE($,$,$,#3789);
#3791=IFCPRESENTATIONSTYLEASSIGNMENT((#3790));
#3792=IFCSTYLEDITEM(#3788,(#3791),$);
#3793=IFCSHAPEREPRESENTATION(#26,'FootPrint','GeometricCurveSet',(#3689,#3698,#3707,#3716,#3725,#3734,#3743,#3752,#3761,#3770,#3779,#3788));
#3794=IFCPRODUCTDEFINITIONSHAPE($,$,(#3793));
#3795=IFCLOCALPLACEMENT(#30,#65);
#3796=IFCGRID('0IYPceZai$nWzkY8qZtWD_',#18,'Default Grid',$,$,#3795,#3794,(#3688,#3697,#3706,#3715,#3724,#3733),(#3742,#3751,#3760,#3769),(#3778,#3787));
#3797=IFCPROPERTYSINGLEVALUE('Name',$,IFCLABEL('Pipe depth (hot)'),$);
#3798=IFCPROPERTYSET('2D_RQueLFLyeINHtNzCoPs',#18,'Pset_AirSideSystemInformation',$,(#3797));
#3799=IFCPROPERTYSINGLEVALUE('AboveGround',$,IFCLOGICAL(.U.),$);
#3800=IFCPROPERTYSET('28QbINklGpwmwL5fKIqVA3',#18,'Pset_BuildingStoreyCommon',$,(#3799));
#3801=IFCPROPERTYSINGLEVALUE('Name',$,IFCLABEL('Pipe depth (hot)'),$);
#3802=IFCPROPERTYSET('19vS606QWv4VZvMhWO6JGV',#18,'Pset_ProductRequirements',$,(#3801));
#3803=IFCRELDEFINESBYPROPERTIES('0RrZ6ipeSRk$c0zOKA_fnI',#18,$,$,(#36),#3798);
#3804=IFCRELDEFINESBYPROPERTIES('2rBpnBuxIbnlP4FXM0TwvC',#18,$,$,(#36),#3800);
#3805=IFCRELDEFINESBYPROPERTIES('0Ad1lJNRiewXgmnnt0gAlZ',#18,$,$,(#36),#3802);
#3806=IFCRELCONTAINEDINSPATIALSTRUCTURE('1iDZV_Brn0Z9GW0EBhImMT',#18,$,$,(#2900),#36);
#3807=IFCPROPERTYSINGLEVALUE('Name',$,IFCLABEL('Pipe depth (cold)'),$);
#3808=IFCPROPERTYSET('09DG4wYOZXd8iUtiLzzXK8',#18,'Pset_AirSideSystemInformation',$,(#3807));
#3809=IFCPROPERTYSET('3_ZlPR8Yg3zKmgR9O2EfpX',#18,'Pset_BuildingStoreyCommon',$,(#3799));
#3810=IFCPROPERTYSINGLEVALUE('Name',$,IFCLABEL('Pipe depth (cold)'),$);
#3811=IFCPROPERTYSET('2KArMNWkej4QIGoAjHzQWj',#18,'Pset_ProductRequirements',$,(#3810));
#3812=IFCRELDEFINESBYPROPERTIES('1otyUyAOMlyrYMr$QByJgK',#18,$,$,(#40),#3808);
#3813=IFCRELDEFINESBYPROPERTIES('0b0aMD4ZnlVyf$96yXuJEP',#18,$,$,(#40),#3809);
#3814=IFCRELDEFINESBYPROPERTIES('2r7tQXKWi_1BoieQBI6HRl',#18,$,$,(#40),#3811);
#3815=IFCRELCONTAINEDINSPATIALSTRUCTURE('1iDZV_Brn0Z9GW0EBhIn1x',#18,$,$,(#3012),#40);
#3816=IFCPROPERTYSINGLEVALUE('Name',$,IFCLABEL('L1'),$);
#3817=IFCPROPERTYSET('2l4vqu11LCaZAypUbzwyea',#18,'Pset_AirSideSystemInformation',$,(#3816));
#3818=IFCPROPERTYSET('16L50AfyZF4hYq5TGET4H4',#18,'Pset_BuildingStoreyCommon',$,(#3799));
#3819=IFCPROPERTYSINGLEVALUE('Name',$,IFCLABEL('L1'),$);
#3820=IFCPROPERTYSET('0Fxv$pCHYe$d1NPq668uup',#18,'Pset_ProductRequirements',$,(#3819));
#3821=IFCRELDEFINESBYPROPERTIES('3NFes7CBV81H0RHVpWu5ZF',#18,$,$,(#43),#3817);
#3822=IFCRELDEFINESBYPROPERTIES('2VdfSfkgzGoZi_3SgzE8$0',#18,$,$,(#43),#3818);
#3823=IFCRELDEFINESBYPROPERTIES('0Vxl9G1EBUZpUdM$cyum7J',#18,$,$,(#43),#3820);
#3824=IFCRELCONTAINEDINSPATIALSTRUCTURE('1iDZV_Brn0Z9GW0EBhIo4v',#18,$,$,(#367,#460,#495,#560,#583,#606,#630,#664,#2301,#2579,#2647,#2699,#2747,#2759,#2770,#3124),#43);
#3825=IFCPROPERTYSINGLEVALUE('Name',$,IFCLABEL('Receptacle level'),$);
#3826=IFCPROPERTYSET('24pLwc8ssn26_fF$42O6IE',#18,'Pset_AirSideSystemInformation',$,(#3825));
#3827=IFCPROPERTYSET('3mCGhwYRVBRmc5BZoDiPbC',#18,'Pset_BuildingStoreyCommon',$,(#3799));
#3828=IFCPROPERTYSINGLEVALUE('Name',$,IFCLABEL('Receptacle level'),$);
#3829=IFCPROPERTYSET('2B83O7F$S$Oe4sQt_blrf1',#18,'Pset_ProductRequirements',$,(#3828));
#3830=IFCRELDEFINESBYPROPERTIES('0SeRhtNGe8I9fP82XEbS8f',#18,$,$,(#47),#3826);
#3831=IFCRELDEFINESBYPROPERTIES('2uGC_kPEb2NbHYerO6iOVy',#18,$,$,(#47),#3827);
#3832=IFCRELDEFINESBYPROPERTIES('1BP5Ck5HJqBc3DIFNWXbKH',#18,$,$,(#47),#3829);
#3833=IFCRELCONTAINEDINSPATIALSTRUCTURE('2AhLRpNSP4f8mRIjnLfMuD',#18,$,$,(#3236),#47);
#3834=IFCPROPERTYSINGLEVALUE('Name',$,IFCLABEL('Sink height'),$);
#3835=IFCPROPERTYSET('3$4u_7xgFweUxHV7ZbpXXj',#18,'Pset_AirSideSystemInformation',$,(#3834));
#3836=IFCPROPERTYSET('3140WsNM4zCH5FJ4YZNXkE',#18,'Pset_BuildingStoreyCommon',$,(#3799));
#3837=IFCPROPERTYSINGLEVALUE('Name',$,IFCLABEL('Sink height'),$);
#3838=IFCPROPERTYSET('3qrloMjX8MGbsp$8lF7xlm',#18,'Pset_ProductRequirements',$,(#3837));
#3839=IFCRELDEFINESBYPROPERTIES('1iZc27MdvkX9Wf1wDA72Gf',#18,$,$,(#51),#3835);
#3840=IFCRELDEFINESBYPROPERTIES('0w2mNcI8PJ07miu905JQGS',#18,$,$,(#51),#3836);
#3841=IFCRELDEFINESBYPROPERTIES('1yMcYutjSx2MUCHq76K2DA',#18,$,$,(#51),#3838);
#3842=IFCRELCONTAINEDINSPATIALSTRUCTURE('1iDZV_Brn0Z9GW0EBhIosK',#18,$,$,(#3348),#51);
#3843=IFCPROPERTYSINGLEVALUE('Name',$,IFCLABEL('Switch level'),$);
#3844=IFCPROPERTYSET('2M5Vj50zN_wCgknIQsswMd',#18,'Pset_AirSideSystemInformation',$,(#3843));
#3845=IFCPROPERTYSET('1BRzhwWkv$AoZ4Cu5lkC3B',#18,'Pset_BuildingStoreyCommon',$,(#3799));
#3846=IFCPROPERTYSINGLEVALUE('Name',$,IFCLABEL('Switch level'),$);
#3847=IFCPROPERTYSET('1uVGEe1BvAOgyYE6bUJKyK',#18,'Pset_ProductRequirements',$,(#3846));
#3848=IFCRELDEFINESBYPROPERTIES('1CMWr89LqKVzeWc7nM_s23',#18,$,$,(#55),#3844);
#3849=IFCRELDEFINESBYPROPERTIES('3ZSOeAodyu0oP4OgBIx_ek',#18,$,$,(#55),#3845);
#3850=IFCRELDEFINESBYPROPERTIES('39zZSdEzRPiLR95MUmUWc8',#18,$,$,(#55),#3847);
#3851=IFCRELCONTAINEDINSPATIALSTRUCTURE('2AhLRpNSP4f8mRIjnLfMod',#18,$,$,(#3460),#55);
#3852=IFCPROPERTYSINGLEVALUE('Name',$,IFCLABEL('L3'),$);
#3853=IFCPROPERTYSET('1eU_OJg7ME1TF_E3IfHH9P',#18,'Pset_AirSideSystemInformation',$,(#3852));
#3854=IFCPROPERTYSET('1jjZ3s1Cfy1IWVihDO98Uc',#18,'Pset_BuildingStoreyCommon',$,(#3799));
#3855=IFCPROPERTYSINGLEVALUE('Name',$,IFCLABEL('L3'),$);
#3856=IFCPROPERTYSET('0b_sv3e9ZV0hm93CWVT6ib',#18,'Pset_ProductRequirements',$,(#3855));
#3857=IFCRELDEFINESBYPROPERTIES('0jyrdgsM0ZOfBW6WRjmAq8',#18,$,$,(#59),#3853);
#3858=IFCRELDEFINESBYPROPERTIES('1R008f80nlE$9EVbwCswgU',#18,$,$,(#59),#3854);
#3859=IFCRELDEFINESBYPROPERTIES('1aJiU2bi$$qMq4RuytbkJC',#18,$,$,(#59),#3856);
#3860=IFCRELCONTAINEDINSPATIALSTRUCTURE('1iDZV_Brn0Z9GW0EBhIoDa',#18,$,$,(#3572),#59);
#3861=IFCPROPERTYSINGLEVALUE('Name',$,IFCLABEL('L2'),$);
#3862=IFCPROPERTYSET('2rmMSkA7gc4STb1LnLF8UH',#18,'Pset_AirSideSystemInformation',$,(#3861));
#3863=IFCPROPERTYSET('1n34enW33Z_3Qq2Pm1kjQZ',#18,'Pset_BuildingStoreyCommon',$,(#3799));
#3864=IFCPROPERTYSINGLEVALUE('Name',$,IFCLABEL('L2'),$);
#3865=IFCPROPERTYSET('3b2aIDv9vaOvbWU0hVWzaG',#18,'Pset_ProductRequirements',$,(#3864));
#3866=IFCRELDEFINESBYPROPERTIES('1kaSOYlg8iono8iflzrHRz',#18,$,$,(#63),#3862);
#3867=IFCRELDEFINESBYPROPERTIES('36oM8gyLQ5_Z6XoGK5uP1E',#18,$,$,(#63),#3863);
#3868=IFCRELDEFINESBYPROPERTIES('2r$5AllCk4VpjESRla$JzH',#18,$,$,(#63),#3865);
#3869=IFCRELCONTAINEDINSPATIALSTRUCTURE('1iDZV_Brn0Z9GW0EBhIoCG',#18,$,$,(#3684),#63);
#3870=IFCPROPERTYSINGLEVALUE('Name',$,IFCLABEL('Pipe height'),$);
#3871=IFCPROPERTYSET('2mowrSy8R7Hhe2imLAYcxh',#18,'Pset_AirSideSystemInformation',$,(#3870));
#3872=IFCPROPERTYSET('2fxa48pNYAywRzAtFo4Jif',#18,'Pset_BuildingStoreyCommon',$,(#3799));
#3873=IFCPROPERTYSINGLEVALUE('Name',$,IFCLABEL('Pipe height'),$);
#3874=IFCPROPERTYSET('21ABK$Ku_KwiPoBWMeuJ$n',#18,'Pset_ProductRequirements',$,(#3873));
#3875=IFCRELDEFINESBYPROPERTIES('3gKzmf7pjyk3Cc$Qkge8GL',#18,$,$,(#67),#3871);
#3876=IFCRELDEFINESBYPROPERTIES('0u6pRKPutqs5mkUPmEjpRu',#18,$,$,(#67),#3872);
#3877=IFCRELDEFINESBYPROPERTIES('34dIsnIjVOOygDj_NDQvhR',#18,$,$,(#67),#3874);
#3878=IFCRELCONTAINEDINSPATIALSTRUCTURE('1iDZV_Brn0Z9GW0EBhInC2',#18,$,$,(#3796),#67);
#3879=IFCRELAGGREGATES('3cptXMcCZbfpGRYzKvFC6p',#18,$,$,#27,(#70));
#3880=IFCRELAGGREGATES('19khgLdEWJf5wLlrZis4p$',#18,$,$,#70,(#32));
#3881=IFCRELAGGREGATES('1iDZV_Brn0Z9GW0E7hIo4v',#18,$,$,#43,(#86,#144,#241,#299));
#3882=IFCRELAGGREGATES('1yhDISh1T5aQqAoygxGIhP',#18,$,$,#32,(#36,#40,#43,#47,#51,#55,#59,#63,#67));
#3883=IFCPROPERTYSINGLEVALUE('NumberOfStoreys',$,IFCINTEGER(3),$);
#3884=IFCPROPERTYSINGLEVALUE('IsLandmarked',$,IFCLOGICAL(.U.),$);
#3885=IFCPROPERTYSET('3ma1wWoQPhdkYlR7Ds$3uN',#18,'Pset_BuildingCommon',$,(#3883,#3884));
#3886=IFCRELDEFINESBYPROPERTIES('2HJbEZ$DXnaSYRcuTgiGIW',#18,$,$,(#32),#3885);
#3887=IFCRELASSOCIATESMATERIAL('0itvGeFyvNQlI7F_iq2RmT',#18,$,$,(#367),#413);
#3888=IFCRELASSOCIATESMATERIAL('0asR4t1BdIr1dzGQ63QVmF',#18,$,$,(#460),#464);
#3889=IFCRELASSOCIATESMATERIAL('3DltBxTVx_Xs3fdDcJu_9d',#18,$,$,(#495),#532);
#3890=IFCRELASSOCIATESMATERIAL('0nS1fP9zWnNh5tRMJOtlh$',#18,$,$,(#560),#561);
#3891=IFCRELASSOCIATESMATERIAL('13UytmfuuOixqnKyU_Wdie',#18,$,$,(#583),#584);
#3892=IFCRELASSOCIATESMATERIAL('0SVPfasf6TElLpmVqqhytp',#18,$,$,(#606),#607);
#3893=IFCRELASSOCIATESMATERIAL('1cdAXS7VNt6BizrF3Px2Cz',#18,$,$,(#630),#639);
#3894=IFCRELASSOCIATESMATERIAL('0McCp589eUzE7jPD3wvLw4',#18,$,$,(#664),#665);
#3895=IFCRELASSOCIATESMATERIAL('358$yz_cZJmHRmOQrZsJh6',#18,$,$,(#2277,#2301),#2293);
#3896=IFCRELASSOCIATESMATERIAL('0CksAhgxc8TFprctczPcwI',#18,$,$,(#2561,#2579,#2747),#2572);
#3897=IFCRELASSOCIATESMATERIAL('2iRkd4jmQHSJ9DF4o5N7Mb',#18,$,$,(#2634,#2647,#2759),#2640);
#3898=IFCRELASSOCIATESMATERIAL('06p5vz$1iz_NV6QcJUwrF_',#18,$,$,(#414),#412);
#3899=IFCRELASSOCIATESMATERIAL('04zHk$2BCNGgnD3LqYknm0',#18,$,$,(#465),#463);
#3900=IFCRELASSOCIATESMATERIAL('1Yq4qeNNDg_KoaF4kemolw',#18,$,$,(#533),#531);
#3901=IFCRELASSOCIATESMATERIAL('2_7s8E_AstMP4n9Cm0cfXN',#18,$,$,(#631),#638);
#3902=IFCRELASSOCIATESMATERIAL('1GcdEfIoQ3SrECub5WF55a',#18,$,$,(#2725,#2735,#2784),#2567);
#3903=IFCRELASSOCIATESMATERIAL('0xahLWcmB5xgSfdIjbhpvQ',#18,$,$,(#2692,#2699,#2770),#2635);
#3904=IFCRELDEFINESBYTYPE('3kF8X71vDYl3c4tJSMMDOs',#18,$,$,(#86),#87);
#3905=IFCRELDEFINESBYTYPE('0N6BFMEhlF4yF7tZ9OBtrY',#18,$,$,(#144),#145);
#3906=IFCRELDEFINESBYTYPE('1VbqEAgBD7H9U38On8_PO1',#18,$,$,(#241),#242);
#3907=IFCRELDEFINESBYTYPE('33RntwgnrGxHjayw$lF_Xx',#18,$,$,(#299),#300);
#3908=IFCRELDEFINESBYTYPE('36TsSYzSF5n6To8URiUooS',#18,$,$,(#367),#414);
#3909=IFCRELDEFINESBYTYPE('2lk7Dwvl7IHUI1wbSMVDyE',#18,$,$,(#460,#664),#465);
#3910=IFCRELDEFINESBYTYPE('03xhK8$jSL8e0Xprd3YqMn',#18,$,$,(#495,#560,#583,#606),#533);
#3911=IFCRELDEFINESBYTYPE('0Z4gKO571_A2KIjsA_5LXv',#18,$,$,(#630),#631);
#3912=IFCRELDEFINESBYTYPE('3AzY6pW3HMNYva4dxRR2kx',#18,$,$,(#2301),#2277);
#3913=IFCRELDEFINESBYTYPE('1mWECC4K$KRudQ9B_iM7K4',#18,$,$,(#2579,#2747),#2561);
#3914=IFCRELDEFINESBYTYPE('1$kLjjweSerfU_mPX2mlKW',#18,$,$,(#2647,#2759),#2634);
#3915=IFCRELDEFINESBYTYPE('01tH9MqpXD6Y_U5wQqpx6i',#18,$,$,(#2699,#2770),#2692);
#3916=IFCRELDEFINESBYTYPE('3PPDa92xVG_dzLeq1WHtr1',#18,$,$,(#2735,#2784),#2725);
#3917=IFCRELSPACEBOUNDARY('0i61yI8LbsJuizd5Mkt8s$',#18,'1stLevel',$,#86,#630,#96,.PHYSICAL.,.INTERNAL.);
#3918=IFCRELSPACEBOUNDARY('2tdetTy4qnXytOio8fbeHN',#18,'1stLevel',$,#86,#367,#103,.PHYSICAL.,.EXTERNAL.);
#3919=IFCRELSPACEBOUNDARY('0G$R9I_TcCCwiiVj$YRAWc',#18,'1stLevel',$,#86,#560,#110,.PHYSICAL.,.EXTERNAL.);
#3920=IFCRELSPACEBOUNDARY('24vwqNX__6RrQLROkxi78m',#18,'1stLevel',$,#86,#495,#117,.PHYSICAL.,.EXTERNAL.);
#3921=IFCRELSPACEBOUNDARY('0vqlG8jnADb0HgTOH90I2u',#18,'1stLevel',$,#86,#664,#124,.PHYSICAL.,.EXTERNAL.);
#3922=IFCRELSPACEBOUNDARY('2rmn93Y7o0geyimrgc6YZu',#18,'1stLevel',$,#144,#630,#156,.PHYSICAL.,.INTERNAL.);
#3923=IFCRELSPACEBOUNDARY('3_3Md2cGZV36q7PBSt14EV',#18,'1stLevel',$,#144,#367,#163,.PHYSICAL.,.EXTERNAL.);
#3924=IFCRELSPACEBOUNDARY('0a3mvWf1QnUjyR5tkzFDdk',#18,'1stLevel',$,#144,#583,#170,.PHYSICAL.,.EXTERNAL.);
#3925=IFCRELSPACEBOUNDARY('1WiDKWn_Ntb41JZjC4mGDR',#18,'1stLevel',$,#144,#606,#177,.PHYSICAL.,.EXTERNAL.);
#3926=IFCRELSPACEBOUNDARY('1YDWPNxr35bMWVH$XTTVnF',#18,'1stLevel',$,#144,#2579,#185,.PHYSICAL.,.EXTERNAL.);
#3927=IFCRELSPACEBOUNDARY('268ZvQ3YA$roZrEAYH9utE',#18,'1stLevel',$,#144,#2747,#193,.PHYSICAL.,.EXTERNAL.);
#3928=IFCRELSPACEBOUNDARY('38BXZYoyzUjM$W5bzyM5c5',#18,'1stLevel',$,#144,#560,#200,.PHYSICAL.,.EXTERNAL.);
#3929=IFCRELSPACEBOUNDARY('0xI9Be4UEXi3Tlr_1pMQWR',#18,'1stLevel',$,#144,#2301,#207,.PHYSICAL.,.EXTERNAL.);
#3930=IFCRELSPACEBOUNDARY('1YS8sToDYHSxB4l70q1Uek',#18,'1stLevel',$,#144,#367,#214,.PHYSICAL.,.EXTERNAL.);
#3931=IFCRELSPACEBOUNDARY('16YyUgJxoPifjN_2yEGOYa',#18,'1stLevel',$,#144,#367,#221,.PHYSICAL.,.EXTERNAL.);
#3932=IFCRELSPACEBOUNDARY('1KVVbZuYAntHHUj3n3HYaK',#18,'1stLevel',$,#241,#630,#251,.PHYSICAL.,.INTERNAL.);
#3933=IFCRELSPACEBOUNDARY('15RpnSZFxBElAatuB0XMmh',#18,'1stLevel',$,#241,#367,#258,.PHYSICAL.,.EXTERNAL.);
#3934=IFCRELSPACEBOUNDARY('2WdS13tTLUxLgP_cj8YRpj',#18,'1stLevel',$,#241,#460,#265,.PHYSICAL.,.EXTERNAL.);
#3935=IFCRELSPACEBOUNDARY('3aNaUA6tv0jewt04XljhOC',#18,'1stLevel',$,#241,#495,#272,.PHYSICAL.,.EXTERNAL.);
#3936=IFCRELSPACEBOUNDARY('2wgTFdYAMr0vl_$ir4K759',#18,'1stLevel',$,#241,#583,#279,.PHYSICAL.,.EXTERNAL.);
#3937=IFCRELSPACEBOUNDARY('39J4ED60d3CJnzrE$AZGHO',#18,'1stLevel',$,#299,#630,#309,.PHYSICAL.,.INTERNAL.);
#3938=IFCRELSPACEBOUNDARY('0RH9Cil$aFmvjsXssIfUM8',#18,'1stLevel',$,#299,#367,#316,.PHYSICAL.,.EXTERNAL.);
#3939=IFCRELSPACEBOUNDARY('2MG0Wi_buoDUw5v7UZPkGV',#18,'1stLevel',$,#299,#664,#323,.PHYSICAL.,.EXTERNAL.);
#3940=IFCRELSPACEBOUNDARY('3sH3BoWn6H$A38GOh_QX7K',#18,'1stLevel',$,#299,#495,#330,.PHYSICAL.,.EXTERNAL.);
#3941=IFCRELSPACEBOUNDARY('1GD4k_A8YLI$Ty0qzIO67B',#18,'1stLevel',$,#299,#460,#337,.PHYSICAL.,.EXTERNAL.);
#3942=IFCRELCONNECTSPATHELEMENTS('25jqrgG5vUt_uMGnctAQM5',#18,'3$Sc93izfEuuDAiaR0$6h3|20rBv4HojAY8M3avWLHAgu','Structural',$,#367,#583,(),(),.ATPATH.,.ATSTART.);
#3943=IFCRELCONNECTSPATHELEMENTS('0LPD8qmwre9Y6V19wf1X4t',#18,'3$Sc93izfEuuDAiaR0$6h3|3S3VgMDFLDiPHeIJPk5HSc','Structural',$,#367,#560,(),(),.ATPATH.,.ATEND.);
#3944=IFCRELCONNECTSPATHELEMENTS('0WgC9IhlDI2cCbfVRzqrfl',#18,'3$Sc93izfEuuDAiaR0$6h3|3S3VgMDFLDiPHeIJPk5HIn','Structural',$,#367,#460,(),(),.ATSTART.,.ATPATH.);
#3945=IFCRELCONNECTSPATHELEMENTS('3YmWOV8u_32qFCe25FLr_V',#18,'3S3VgMDFLDiPHeIJPk5HIn|3S3VgMDFLDiPHeIJPk5HTj','Structural',$,#460,#495,(),(),.ATPATH.,.ATEND.);
#3946=IFCRELCONNECTSPATHELEMENTS('3e2cyMqKbIl3msl3_tRc2v',#18,'3S3VgMDFLDiPHeIJPk5HTj|20rBv4HojAY8M3avWLHAgu','Structural',$,#495,#583,(),(),.ATEND.,.ATSTART.);
#3947=IFCRELCONNECTSPATHELEMENTS('0rYmA5LPC13GtvPdZ9$1U4',#18,'3S3VgMDFLDiPHeIJPk5HTj|3S3VgMDFLDiPHeIJPk5HSc','Structural',$,#495,#560,(),(),.ATSTART.,.ATEND.);
#3948=IFCRELCONNECTSPATHELEMENTS('2UiqxuP0ISV27COg56QC2N',#18,'3S3VgMDFLDiPHeIJPk5HSc|20rBv4HojAY8M3avWLHAad','Structural',$,#560,#606,(),(),.ATSTART.,.ATEND.);
#3949=IFCRELCONNECTSPATHELEMENTS('0E908UtV_myZFiMHqcXO9Y',#18,'20rBv4HojAY8M3avWLHAgu|20rBv4HojAY8M3avWLHAad','Structural',$,#583,#606,(),(),.ATEND.,.ATSTART.);
#3950=IFCRELCONNECTSPATHELEMENTS('3KXpabmlyC8J_QIod0NmXs',#18,'3$Sc93izfEuuDAiaR0$6h3|1iDZV_Brn0Z9GW0EFhIoO4','Structural',$,#367,#664,(),(),.ATSTART.,.ATPATH.);
#3951=IFCRELCONNECTSPATHELEMENTS('2HGdK7nYJ2QqH0zqKUf8st',#18,'3S3VgMDFLDiPHeIJPk5HTj|1iDZV_Brn0Z9GW0EFhIoO4','Structural',$,#495,#664,(),(),.ATEND.,.ATPATH.);
#3952=IFCPRESENTATIONLAYERASSIGNMENT('A-AREA',$,(#84,#142,#239,#297),$);
#3953=IFCPRESENTATIONLAYERASSIGNMENT('A-WALL',$,(#354,#365,#451,#458,#482,#493,#551,#558,#574,#581,#597,#604,#655,#662),$);
#3954=IFCPRESENTATIONLAYERASSIGNMENT('A-FLOR',$,(#628),$);
#3955=IFCPRESENTATIONLAYERASSIGNMENT('A-DOOR',$,(#2272,#2296),$);
#3956=IFCPRESENTATIONLAYERASSIGNMENT('A-GLAZ',$,(#2557,#2574,#2742),$);
#3957=IFCPRESENTATIONLAYERASSIGNMENT('A-GENM',$,(#2631,#2642,#2689,#2694,#2722,#2727,#2754,#2765,#2776),$);
#3958=IFCPRESENTATIONLAYERASSIGNMENT('S-GRID',$,(#2897,#3009,#3121,#3233,#3345,#3457,#3569,#3681,#3793),$);
#3959=IFCCARTESIANPOINT((1117.5999999999999,508.));
#3960=IFCAXIS2PLACEMENT2D(#3959,#11);
#3961=IFCRECTANGLEPROFILEDEF(.AREA.,$,#3960,2235.1999999999998,1016.);
#3962=IFCAXIS2PLACEMENT3D(#3,#7,#9);
#3963=IFCEXTRUDEDAREASOLID(#3961,#3962,#9,417.00000000000011);
#3964=IFCSHAPEREPRESENTATION(#24,'Body','SweptSolid',(#3963));
#3965=IFCPRODUCTDEFINITIONSHAPE($,$,(#3964));
#3966=IFCCARTESIANPOINT((5213.5000000000036,-208.49999999998496,0.));
#3967=IFCAXIS2PLACEMENT3D(#3966,$,$);
#3968=IFCLOCALPLACEMENT(#548,#3967);
#3969=IFCOPENINGELEMENT('2NXA62GEnGuyL_jYxVmFti',#18,'Door-Passage-Single-Flush:36" x 84":1224691:1',$,'Opening',#3968,#3965,'1224691');
#3970=IFCRELVOIDSELEMENT('0Qtcn7X097yu33th3HTlYV',#18,$,$,#560,#3969);
#3971=IFCRELFILLSELEMENT('2kAzr0HAndTPkItI0$ZpH1',#18,$,$,#3969,#2301);
#3972=IFCAXIS2PLACEMENT3D(#3,$,$);
#3973=IFCLOCALPLACEMENT(#3968,#3972);
#3974=IFCCARTESIANPOINT((609.60000000000082,457.19999999999993));
#3975=IFCAXIS2PLACEMENT2D(#3974,#12);
#3976=IFCRECTANGLEPROFILEDEF(.AREA.,$,#3975,1219.2000000000016,914.39999999999986);
#3977=IFCAXIS2PLACEMENT3D(#3,#7,#9);
#3978=IFCEXTRUDEDAREASOLID(#3976,#3977,#9,417.00000000000011);
#3979=IFCSHAPEREPRESENTATION(#24,'Body','SweptSolid',(#3978));
#3980=IFCPRODUCTDEFINITIONSHAPE($,$,(#3979));
#3981=IFCCARTESIANPOINT((5168.5999999999967,-208.50000000000458,914.40000000000111));
#3982=IFCAXIS2PLACEMENT3D(#3981,$,$);
#3983=IFCLOCALPLACEMENT(#594,#3982);
#3984=IFCOPENINGELEMENT('3rPGBYsUZSGrtrZdpY1Vlc',#18,'Window-Fixed:36" x 48":1224786:1',$,'Opening',#3983,#3980,'1224786');
#3985=IFCRELVOIDSELEMENT('0Qtcn7X097yu33th3HTkS_',#18,$,$,#606,#3984);
#3986=IFCRELFILLSELEMENT('1BAQqrdhge9jX9wUbjo8lu',#18,$,$,#3984,#2579);
#3987=IFCAXIS2PLACEMENT3D(#3,$,$);
#3988=IFCLOCALPLACEMENT(#3983,#3987);
#3989=IFCCARTESIANPOINT((609.60000000000082,457.19999999999993));
#3990=IFCAXIS2PLACEMENT2D(#3989,#12);
#3991=IFCRECTANGLEPROFILEDEF(.AREA.,$,#3990,1219.2000000000016,914.39999999999986);
#3992=IFCAXIS2PLACEMENT3D(#3,#7,#9);
#3993=IFCEXTRUDEDAREASOLID(#3991,#3992,#9,417.00000000000011);
#3994=IFCSHAPEREPRESENTATION(#24,'Body','SweptSolid',(#3993));
#3995=IFCPRODUCTDEFINITIONSHAPE($,$,(#3994));
#3996=IFCCARTESIANPOINT((1500.,-208.50000000000458,914.40000000000111));
#3997=IFCAXIS2PLACEMENT3D(#3996,$,$);
#3998=IFCLOCALPLACEMENT(#594,#3997);
#3999=IFCOPENINGELEMENT('1d5$egAJ6iE$hQArvxT8jt',#18,'Window-Fixed:36" x 48":1224924:1',$,'Opening',#3998,#3995,'1224924');
#4000=IFCRELVOIDSELEMENT('0Qtcn7X097yu33th3HTkUm',#18,$,$,#606,#3999);
#4001=IFCRELFILLSELEMENT('3n_PC2OZacYvuT2eT6oHgi',#18,$,$,#3999,#2747);
#4002=IFCAXIS2PLACEMENT3D(#3,$,$);
#4003=IFCLOCALPLACEMENT(#3998,#4002);
#4004=IFCRELCONTAINEDINSPATIALSTRUCTURE('3yhZ7fPdFUiwxk9hUBeAae',#18,$,$,(#2735,#2784),#144);
#4005=IFCRELASSOCIATESCLASSIFICATION('2psRgebb9uQgbc$T7Fk7Si',#18,'Solid Exterior Doors','Solid Exterior Doors:B2030200',(#2301),#2307);
#4006=IFCRELASSOCIATESCLASSIFICATION('3k7fFoXK3EffJN4hSF$5By',#18,'Windows','Windows:B2020100',(#2579,#2747),#2586);
#4007=IFCUNITASSIGNMENT((#19,#82,#83,#443));
ENDSEC;

END-ISO-10303-21;